year,month,day,prectotcorr,ps,t2m,t2m_max,t2m_min,rh2m,ws2m,wd2m,allsky_sfc_sw_dwn
2000,1,1,0.0,99.92,27.28,31.17,24.1,51.16,1.46,9.1,14.37
2000,1,2,0.0,99.49,27.52,32.38,23.54,52.98,1.76,54.7,13.06
2000,1,3,0.0,99.41,28.28,32.49,24.84,52.96,1.67,77.1,13.8
2000,1,4,0.0,99.54,29.08,33.56,25.41,57.42,1.46,84.1,15.01
2000,1,5,0.0,99.74,29.62,34.08,25.97,54.98,1.6,52.6,15.88
2000,1,6,0.0,99.52,29.76,34.42,25.95,54.84,1.86,62.8,14.59
2000,1,7,0.0,99.64,27.73,31.61,24.56,50.82,1.34,14.8,14.87
2000,1,8,0.0,99.51,28.64,32.61,25.39,53.17,1.66,88.4,14.47
2000,1,9,0.0,100.06,28.39,32.02,25.42,47.4,0.85,15.3,13.98
2000,1,10,0.0,99.87,28.76,32.44,25.75,52.24,1.02,21.1,14.39
2000,1,11,3.57,99.46,29.7,33.55,26.55,54.46,1.87,28.3,14.15
2000,1,12,0.0,99.65,28.98,33.06,25.64,48.5,1.2,25.3,15.68
2000,1,13,0.0,99.36,29.49,33.59,26.14,51.17,1.1,7.4,16.0
2000,1,14,0.0,99.56,30.44,35.44,26.35,56.12,1.19,32.1,14.94
2000,1,15,0.0,99.49,27.81,32.07,24.32,51.9,1.03,82.8,14.12
2000,1,16,0.0,99.73,28.59,32.98,25.0,53.75,1.23,22.4,12.41
2000,1,17,0.0,99.43,29.33,33.49,25.92,58.7,0.9,23.7,13.85
2000,1,18,0.0,99.9,29.13,32.89,26.05,50.73,1.08,79.5,15.42
2000,1,19,0.0,99.59,29.68,33.89,26.24,54.39,1.33,344.3,14.63
2000,1,20,0.0,99.44,28.69,32.37,25.68,51.49,1.9,62.8,14.83
2000,1,21,0.0,99.61,29.11,33.18,25.78,55.11,1.28,34.0,13.28
2000,1,22,0.0,99.73,28.44,32.74,24.92,51.89,0.64,53.8,14.79
2000,1,23,0.0,99.69,29.72,33.68,26.48,54.97,1.68,48.6,16.15
2000,1,24,0.0,99.63,29.01,33.19,25.59,55.86,1.61,78.9,13.15
2000,1,25,0.0,99.76,29.97,33.93,26.73,51.44,1.0,8.4,10.86
2000,1,26,0.0,99.75,29.98,33.8,26.85,54.97,1.6,2.6,13.83
2000,1,27,0.0,99.75,28.1,32.36,24.62,47.21,1.25,50.2,15.69
2000,1,28,0.0,99.55,30.09,34.5,26.48,52.38,1.85,8.6,14.34
2000,1,29,0.0,99.55,29.65,34.06,26.04,55.68,2.21,62.9,16.45
2000,1,30,9.97,99.31,28.49,32.55,25.17,64.17,1.45,52.4,15.83
2000,1,31,0.0,99.51,29.59,33.12,26.71,48.49,1.59,49.6,13.91
2000,2,1,0.0,99.62,28.64,32.79,25.25,48.87,1.91,21.3,16.7
2000,2,2,0.0,99.59,29.95,34.42,26.29,50.56,1.67,39.2,16.83
2000,2,3,0.0,99.89,29.06,32.82,25.98,52.49,1.48,33.6,15.98
2000,2,4,0.0,99.5,29.61,34.22,25.84,50.22,1.26,87.8,15.53
2000,2,5,0.0,99.42,28.54,32.1,25.63,54.54,0.87,32.4,17.17
2000,2,6,0.0,99.71,29.17,33.4,25.71,51.25,1.2,21.6,17.92
2000,2,7,0.0,99.61,29.59,33.94,26.03,50.05,1.22,68.8,15.92
2000,2,8,0.0,99.47,29.18,33.71,25.48,49.13,1.32,13.8,16.37
2000,2,9,0.0,99.73,29.35,33.6,25.87,52.21,0.61,91.4,16.99
2000,2,10,0.0,99.54,28.41,32.44,25.11,53.34,1.17,355.7,18.34
2000,2,11,0.0,99.86,29.15,33.32,25.74,54.6,1.21,90.5,17.8
2000,2,12,1.69,99.37,28.33,32.26,25.11,51.92,0.78,40.6,15.55
2000,2,13,0.0,99.48,28.9,32.47,25.98,53.4,1.46,28.9,17.88
2000,2,14,0.0,99.61,28.56,32.61,25.24,56.49,1.66,89.3,13.93
2000,2,15,0.0,99.83,28.75,33.01,25.27,55.53,1.31,33.1,17.13
2000,2,16,0.0,99.45,27.65,32.05,24.05,50.92,0.84,11.6,19.97
2000,2,17,0.0,99.65,28.88,32.87,25.62,54.01,1.27,38.8,15.12
2000,2,18,0.0,99.37,28.77,33.3,25.07,51.6,1.59,58.2,16.49
2000,2,19,0.0,99.74,27.77,31.84,24.44,50.89,1.58,38.5,16.16
2000,2,20,0.0,99.46,29.05,33.3,25.57,49.52,1.3,32.5,16.41
2000,2,21,0.0,99.69,29.37,33.69,25.83,57.11,1.47,32.0,18.02
2000,2,22,0.0,99.69,28.99,33.12,25.61,50.18,1.08,57.1,17.99
2000,2,23,0.0,99.25,29.3,33.39,25.95,51.72,1.6,8.3,17.83
2000,2,24,0.0,99.61,28.36,32.91,24.64,46.84,1.16,53.5,17.35
2000,2,25,0.0,99.48,28.56,32.21,25.57,55.27,1.03,83.7,18.08
2000,2,26,0.0,99.66,28.74,32.87,25.36,52.11,1.68,80.8,16.54
2000,2,27,0.0,99.41,28.77,32.38,25.82,55.55,1.37,82.5,18.01
2000,2,28,5.82,99.31,26.76,30.38,23.8,56.43,1.36,17.0,17.45
2000,2,29,0.0,99.78,27.97,32.07,24.62,52.63,1.53,88.3,16.58
2000,3,1,0.0,99.76,29.29,33.26,26.04,54.63,1.3,37.4,17.43
2000,3,2,0.0,99.38,28.02,32.7,24.19,52.27,0.98,53.1,17.67
2000,3,3,0.0,99.88,28.37,32.41,25.06,47.17,1.25,42.1,17.47
2000,3,4,0.0,99.09,28.47,32.89,24.85,53.09,0.77,23.8,17.08
2000,3,5,0.0,99.59,27.54,31.66,24.17,55.49,1.78,46.4,16.84
2000,3,6,0.0,99.32,29.56,33.34,26.47,49.98,0.92,64.3,16.65
2000,3,7,0.0,99.61,28.4,32.02,25.44,46.53,2.08,58.2,17.6
2000,3,8,0.0,99.5,27.79,31.52,24.74,50.45,1.04,53.6,18.15
2000,3,9,0.0,99.36,28.81,33.0,25.38,53.42,1.58,19.8,19.89
2000,3,10,0.0,99.41,28.12,32.66,24.41,49.23,2.06,38.5,16.07
2000,3,11,0.0,99.39,28.33,32.18,25.18,52.25,1.45,50.3,19.16
2000,3,12,0.0,99.55,29.24,33.57,25.7,53.76,1.23,358.4,20.6
2000,3,13,35.58,98.82,26.42,30.47,23.11,69.77,1.37,60.3,12.71
2000,3,14,0.0,99.88,28.99,32.79,25.88,56.32,1.03,55.5,20.58
2000,3,15,0.0,99.49,27.91,32.1,24.48,54.65,0.59,84.1,20.39
2000,3,16,0.0,99.58,28.16,32.69,24.46,49.98,1.59,32.1,18.64
2000,3,17,0.0,99.73,28.29,32.36,24.96,54.8,0.6,42.7,18.31
2000,3,18,3.16,99.36,27.67,31.98,24.14,52.34,0.86,44.7,17.57
2000,3,19,0.0,99.37,27.28,31.45,23.87,51.53,1.4,64.3,18.28
2000,3,20,0.0,99.86,28.27,32.43,24.86,53.16,1.13,33.1,18.47
2000,3,21,0.0,99.47,28.7,32.55,25.55,55.42,1.58,80.8,18.38
2000,3,22,0.0,99.54,28.31,32.52,24.87,53.06,2.0,40.0,18.28
2000,3,23,0.0,99.21,28.25,31.91,25.25,54.42,1.3,53.1,21.64
2000,3,24,3.43,99.32,27.33,31.49,23.92,59.25,1.18,27.1,18.61
2000,3,25,0.0,99.83,28.22,32.66,24.59,54.17,2.09,15.4,18.59
2000,3,26,0.0,99.57,27.94,32.49,24.22,51.77,1.68,44.8,19.53
2000,3,27,0.0,99.48,28.25,32.01,25.17,55.59,1.78,24.7,20.83
2000,3,28,0.0,99.73,27.67,31.84,24.26,52.21,1.76,20.6,18.51
2000,3,29,0.0,99.18,27.97,31.82,24.82,53.04,1.35,48.7,20.45
2000,3,30,0.0,99.4,27.16,31.23,23.83,55.55,1.31,12.9,19.69
2000,3,31,0.0,99.88,27.94,32.5,24.21,55.74,1.1,42.0,18.9
2000,4,1,0.0,99.45,26.52,30.78,23.03,53.72,1.74,52.5,20.14
2000,4,2,0.0,99.45,27.11,30.95,23.97,53.49,1.63,82.5,21.33
2000,4,3,0.0,99.66,26.8,30.61,23.68,59.64,1.73,49.5,19.82
2000,4,4,0.0,99.67,29.69,33.7,26.41,48.54,0.79,65.1,20.53
2000,4,5,0.0,99.21,27.64,31.66,24.35,55.87,1.87,19.5,19.92
2000,4,6,0.0,99.51,26.37,30.39,23.08,55.07,1.35,21.0,23.7
2000,4,7,0.0,99.75,26.11,29.68,23.19,54.03,0.74,81.1,20.02
2000,4,8,8.24,99.1,25.46,29.98,21.76,60.75,1.06,38.3,21.75
2000,4,9,1.24,99.32,26.1,30.64,22.39,53.58,1.38,31.5,21.31
2000,4,10,1.7,99.38,26.23,30.31,22.89,53.13,1.31,32.0,19.71
2000,4,11,0.0,99.53,26.15,29.85,23.12,59.0,1.6,51.9,19.14
2000,4,12,0.0,99.14,26.44,30.19,23.37,54.44,1.79,80.7,19.76
2000,4,13,0.0,98.83,27.29,30.95,24.3,56.25,1.59,3.1,20.64
2000,4,14,0.0,99.42,26.5,30.12,23.54,50.55,1.47,139.3,20.4
2000,4,15,0.0,99.59,27.07,30.78,24.03,52.3,1.73,69.1,18.69
2000,4,16,0.0,99.31,25.76,29.75,22.49,58.17,1.75,44.5,20.22
2000,4,17,0.0,99.25,26.17,30.07,22.98,60.81,2.2,65.9,18.79
2000,4,18,0.0,99.32,25.71,29.97,22.22,56.19,1.51,45.1,21.6
2000,4,19,42.78,98.56,24.89,28.3,22.1,85.03,1.72,79.0,14.49
2000,4,20,0.0,99.22,26.09,29.66,23.17,62.43,2.42,53.5,18.13
2000,4,21,25.84,98.78,26.35,29.59,23.7,75.91,1.35,82.0,17.67
2000,4,22,0.0,99.11,25.6,29.42,22.48,62.65,1.71,66.5,19.06
2000,4,23,0.0,99.11,25.27,29.47,21.84,63.71,1.53,98.8,20.1
2000,4,24,0.0,99.45,26.12,29.73,23.17,59.0,1.43,132.8,21.25
2000,4,25,0.0,99.58,25.71,29.8,22.36,59.58,2.02,67.1,21.69
2000,4,26,0.0,99.44,26.11,30.0,22.93,63.32,2.47,88.1,17.79
2000,4,27,11.4,98.61,25.18,29.09,21.98,64.63,2.8,110.5,18.06
2000,4,28,0.0,99.18,25.5,29.31,22.38,63.27,2.02,128.7,20.28
2000,4,29,0.0,99.29,25.04,29.16,21.67,64.13,2.26,107.8,20.64
2000,4,30,0.0,99.25,25.24,28.79,22.34,65.32,2.31,78.9,17.42
2000,5,1,0.0,98.88,24.27,28.04,21.19,65.5,2.06,69.0,18.64
2000,5,2,23.92,98.38,25.14,29.2,21.82,73.98,2.67,113.2,19.26
2000,5,3,24.1,98.45,25.09,28.34,22.43,73.46,2.15,127.3,16.4
2000,5,4,15.58,98.79,25.12,28.57,22.3,74.3,2.67,126.0,18.66
2000,5,5,0.0,98.83,24.67,28.31,21.69,72.96,2.16,132.6,20.54
2000,5,6,0.0,99.27,24.47,27.69,21.84,63.99,1.9,81.8,20.19
2000,5,7,0.0,99.14,25.17,28.35,22.57,66.36,1.96,104.6,18.62
2000,5,8,15.35,98.57,23.45,27.41,20.21,77.12,1.8,119.2,18.8
2000,5,9,0.0,99.16,25.44,28.59,22.86,66.92,2.94,133.6,18.25
2000,5,10,23.18,98.28,21.96,25.2,19.31,83.6,2.98,137.6,14.11
2000,5,11,22.53,98.53,23.25,26.63,20.49,83.99,2.27,142.4,13.56
2000,5,12,53.72,97.5,21.63,25.04,18.84,96.5,2.17,80.9,13.09
2000,5,13,53.71,97.5,23.16,26.27,20.61,94.31,2.32,102.0,13.9
2000,5,14,0.0,98.99,24.96,28.14,22.36,70.42,2.73,143.5,17.13
2000,5,15,38.95,97.95,22.95,25.89,20.55,95.76,2.34,149.3,15.21
2000,5,16,38.79,98.14,23.82,26.85,21.34,93.69,2.95,143.6,13.21
2000,5,17,0.0,99.03,23.95,27.3,21.21,71.96,2.66,162.2,18.78
2000,5,18,48.12,98.2,22.38,25.77,19.61,94.4,3.22,172.2,15.02
2000,5,19,0.0,98.96,22.66,26.05,19.88,72.71,3.11,125.5,18.22
2000,5,20,0.0,98.41,23.48,26.57,20.95,77.67,2.46,111.0,16.11
2000,5,21,34.12,97.77,22.33,25.34,19.87,96.9,2.44,150.9,13.44
2000,5,22,32.17,97.96,21.61,24.29,19.41,94.1,3.03,183.3,14.32
2000,5,23,15.57,99.19,23.02,25.94,20.63,83.42,2.92,174.4,16.48
2000,5,24,25.39,98.32,20.99,24.04,18.5,91.06,3.51,161.8,14.99
2000,5,25,32.21,98.34,22.37,25.65,19.69,92.69,3.2,206.6,12.66
2000,5,26,64.46,97.62,20.93,23.36,18.95,99.0,2.91,234.0,13.56
2000,5,27,66.63,97.5,20.61,23.46,18.28,95.67,3.75,197.1,14.03
2000,5,28,29.76,97.85,22.42,24.72,20.54,94.37,2.98,223.1,14.8
2000,5,29,33.97,98.18,22.68,25.14,20.67,99.0,2.66,139.0,13.96
2000,5,30,0.0,98.5,23.57,26.81,20.92,77.63,3.12,186.7,15.37
2000,5,31,64.0,97.57,20.31,22.82,18.26,99.0,2.92,170.4,8.98
2000,6,1,127.85,97.5,21.28,24.16,18.93,99.0,3.63,206.6,11.91
2000,6,2,37.13,98.06,21.08,24.19,18.53,99.0,2.85,154.5,13.79
2000,6,3,0.0,98.93,23.47,26.16,21.27,79.01,3.62,189.8,18.48
2000,6,4,70.59,97.5,20.77,23.23,18.76,99.0,3.22,175.0,12.51
2000,6,5,39.17,97.9,19.96,22.78,17.66,99.0,2.74,217.0,14.89
2000,6,6,43.83,97.8,20.57,23.77,17.95,99.0,3.53,182.1,13.16
2000,6,7,29.15,98.12,20.69,23.72,18.21,96.83,3.84,154.2,15.21
2000,6,8,23.98,97.99,20.87,23.54,18.68,96.08,3.45,212.5,12.81
2000,6,9,27.53,98.07,20.99,23.56,18.88,99.0,3.36,225.1,14.6
2000,6,10,81.44,97.71,20.45,23.48,17.97,99.0,4.16,177.7,10.96
2000,6,11,103.63,97.5,20.84,23.14,18.96,99.0,3.93,222.9,11.42
2000,6,12,29.92,98.27,20.58,23.52,18.17,99.0,3.79,208.5,14.28
2000,6,13,23.19,98.05,22.01,24.54,19.94,95.77,2.75,209.9,13.53
2000,6,14,0.0,98.62,20.84,23.09,19.0,84.86,3.27,147.6,14.33
2000,6,15,20.08,98.07,20.59,22.75,18.82,98.05,3.47,242.2,13.95
2000,6,16,96.74,97.5,21.36,24.45,18.84,99.0,3.74,221.3,9.8
2000,6,17,67.79,97.5,19.08,21.65,16.98,99.0,3.93,220.6,12.0
2000,6,18,40.59,97.8,21.08,23.45,19.14,99.0,3.21,225.8,13.32
2000,6,19,95.14,97.5,19.76,22.35,17.64,99.0,3.84,222.3,11.48
2000,6,20,59.65,97.5,19.68,22.11,17.69,99.0,3.2,258.4,12.34
2000,6,21,108.72,97.5,20.34,22.77,18.35,99.0,3.92,248.9,11.0
2000,6,22,36.97,97.5,20.72,23.15,18.73,99.0,3.25,206.6,12.25
2000,6,23,31.85,98.03,21.25,23.81,19.15,97.48,4.16,297.1,13.42
2000,6,24,33.4,97.54,20.04,22.8,17.78,99.0,3.8,243.1,12.93
2000,6,25,28.67,98.06,20.46,22.58,18.73,96.45,3.57,277.2,11.79
2000,6,26,107.41,97.5,19.29,22.19,16.92,99.0,3.84,229.9,11.32
2000,6,27,0.0,98.77,20.65,22.91,18.8,87.35,3.49,227.9,12.29
2000,6,28,21.12,97.94,20.66,23.24,18.55,99.0,3.76,190.7,14.97
2000,6,29,116.53,97.5,19.24,21.73,17.2,99.0,3.38,176.7,11.15
2000,6,30,15.49,98.34,19.39,21.67,17.53,90.06,3.89,227.6,12.15
2000,7,1,0.0,98.65,22.06,24.87,19.76,85.94,3.69,218.3,15.8
2000,7,2,0.0,98.41,21.36,23.63,19.5,84.19,3.71,239.7,15.87
2000,7,3,15.5,98.65,20.11,22.98,17.76,95.63,3.78,209.9,14.26
2000,7,4,38.34,97.59,19.89,22.55,17.71,99.0,3.47,249.7,11.86
2000,7,5,71.74,97.5,18.8,21.07,16.94,99.0,4.6,255.3,8.4
2000,7,6,88.89,97.5,19.29,21.44,17.53,99.0,3.73,278.6,11.36
2000,7,7,70.22,97.88,20.1,22.87,17.84,99.0,4.23,296.3,8.31
2000,7,8,16.48,98.32,20.73,22.89,18.96,96.52,3.37,251.1,12.69
2000,7,9,103.45,97.5,18.75,21.19,16.75,99.0,2.95,286.6,7.88
2000,7,10,53.01,97.5,18.35,21.02,16.17,99.0,3.91,242.3,10.19
2000,7,11,0.0,98.84,20.56,23.16,18.43,83.95,4.21,237.8,14.27
2000,7,12,62.04,97.5,19.61,22.03,17.63,99.0,4.27,202.4,8.12
2000,7,13,86.59,97.5,18.99,21.27,17.13,99.0,4.16,232.4,12.23
2000,7,14,68.62,97.5,19.41,22.09,17.22,99.0,3.72,220.5,8.01
2000,7,15,65.17,97.5,18.82,20.79,17.21,99.0,4.01,202.4,9.61
2000,7,16,0.0,98.7,20.36,22.92,18.26,84.34,3.54,185.0,14.47
2000,7,17,0.0,98.57,21.43,23.57,19.68,88.16,3.54,227.0,13.62
2000,7,18,37.54,97.51,18.94,21.2,17.09,99.0,3.85,195.9,11.27
2000,7,19,101.4,97.5,18.73,21.34,16.59,99.0,3.84,221.8,9.74
2000,7,20,68.65,97.5,18.16,20.47,16.27,99.0,3.54,247.3,9.41
2000,7,21,69.5,97.5,18.37,21.22,16.04,99.0,3.79,198.8,7.8
2000,7,22,79.31,97.5,19.66,22.39,17.42,99.0,4.14,187.9,9.01
2000,7,23,18.65,98.22,21.03,23.39,19.1,95.98,3.35,183.9,13.65
2000,7,24,71.55,97.5,19.82,22.32,17.77,99.0,3.93,201.0,9.08
2000,7,25,8.86,98.51,21.48,23.75,19.62,89.83,3.13,200.8,13.3
2000,7,26,36.26,97.9,19.39,22.11,17.16,99.0,2.99,179.6,11.03
2000,7,27,74.83,97.5,19.57,22.61,17.09,99.0,3.72,241.6,9.9
2000,7,28,20.65,98.43,21.03,23.32,19.16,94.63,3.56,229.2,14.38
2000,7,29,31.25,97.85,19.28,21.97,17.08,98.33,3.61,168.8,12.4
2000,7,30,42.75,97.66,19.59,22.33,17.35,99.0,3.57,180.0,11.8
2000,7,31,33.24,98.05,19.77,22.09,17.87,99.0,3.87,231.4,13.24
2000,8,1,15.37,98.39,19.3,21.71,17.33,95.84,3.69,169.0,14.28
2000,8,2,57.43,97.6,19.48,21.69,17.67,99.0,3.63,176.8,9.37
2000,8,3,19.02,98.43,20.02,22.9,17.67,92.01,3.95,195.5,13.02
2000,8,4,9.97,98.53,21.65,24.29,19.49,85.54,3.74,177.8,14.12
2000,8,5,0.0,98.25,20.81,23.37,18.71,83.86,3.44,255.5,16.91
2000,8,6,61.08,97.5,19.61,22.96,16.87,99.0,3.74,207.2,8.51
2000,8,7,0.0,98.61,21.5,23.81,19.61,80.1,3.2,199.8,15.09
2000,8,8,100.29,97.5,18.25,21.43,15.65,99.0,3.18,188.4,10.25
2000,8,9,31.3,98.15,20.02,22.27,18.18,95.61,3.74,211.5,11.32
2000,8,10,80.93,97.5,19.79,22.51,17.56,99.0,3.12,192.6,10.0
2000,8,11,14.42,98.67,21.72,24.14,19.74,86.68,3.33,168.4,13.38
2000,8,12,13.54,98.63,21.1,23.79,18.9,85.94,3.27,133.6,15.56
2000,8,13,16.84,98.52,21.63,24.42,19.35,90.69,3.16,159.2,13.86
2000,8,14,0.0,98.58,22.09,24.85,19.83,79.88,3.75,164.9,14.37
2000,8,15,50.08,97.65,20.16,23.21,17.66,98.46,2.99,185.0,9.06
2000,8,16,0.0,98.68,22.24,25.49,19.58,76.44,3.67,195.0,15.25
2000,8,17,0.0,98.72,21.67,24.67,19.22,78.77,2.55,166.3,17.09
2000,8,18,0.0,98.86,21.22,24.36,18.65,76.9,2.91,166.0,14.93
2000,8,19,12.14,98.9,22.58,26.08,19.71,86.19,2.8,127.3,13.31
2000,8,20,0.0,99.01,22.55,25.46,20.17,76.28,3.15,134.1,16.62
2000,8,21,69.4,97.53,20.02,23.39,17.26,96.6,2.3,104.8,10.87
2000,8,22,37.82,98.16,21.04,24.88,17.9,92.78,2.93,135.5,12.94
2000,8,23,0.0,98.82,22.45,26.12,19.45,68.45,3.1,159.2,19.02
2000,8,24,20.95,98.18,20.79,24.43,17.81,86.83,2.59,165.8,15.62
2000,8,25,69.42,97.5,20.05,23.47,17.25,96.83,2.44,125.8,10.39
2000,8,26,0.0,99.05,23.27,26.83,20.36,75.15,2.41,171.8,15.08
2000,8,27,7.62,99.0,22.09,25.22,19.53,71.6,2.79,180.5,13.55
2000,8,28,0.0,99.19,22.72,25.98,20.05,71.4,1.97,161.0,16.15
2000,8,29,0.0,98.89,23.39,26.64,20.73,67.97,2.04,167.5,17.43
2000,8,30,0.0,99.29,22.56,25.71,19.99,69.08,2.53,105.9,14.54
2000,8,31,23.34,98.84,21.04,24.43,18.27,77.35,2.69,88.8,15.32
2000,9,1,46.4,98.01,20.91,24.14,18.27,88.52,2.54,152.3,13.06
2000,9,2,0.0,99.34,22.35,25.76,19.56,67.67,2.63,162.9,16.93
2000,9,3,0.0,99.24,21.82,24.85,19.34,68.61,1.97,168.5,15.85
2000,9,4,0.0,99.05,23.42,26.71,20.73,69.16,1.68,72.7,16.71
2000,9,5,0.0,98.98,22.74,26.56,19.62,71.08,2.65,118.7,17.41
2000,9,6,0.0,98.82,20.88,24.41,17.99,65.87,1.8,83.3,17.22
2000,9,7,12.79,98.72,22.7,26.56,19.54,71.52,2.45,107.9,15.63
2000,9,8,32.23,98.28,21.98,25.32,19.24,84.1,1.53,134.5,13.95
2000,9,9,0.0,99.1,24.51,27.97,21.68,65.87,2.45,119.1,17.95
2000,9,10,17.67,98.68,22.49,26.09,19.54,71.24,2.17,65.6,14.3
2000,9,11,0.16,98.74,24.0,27.51,21.13,60.96,2.54,99.6,17.34
2000,9,12,0.0,99.3,23.77,26.96,21.16,70.35,2.42,88.3,18.64
2000,9,13,0.0,99.33,22.96,26.71,19.89,64.37,1.97,127.0,15.91
2000,9,14,0.0,99.24,23.67,27.01,20.94,65.52,1.87,79.2,16.22
2000,9,15,0.0,98.97,23.37,26.99,20.41,64.58,2.17,102.5,14.54
2000,9,16,7.97,99.06,22.74,25.79,20.25,68.42,1.84,87.5,15.89
2000,9,17,0.0,99.2,23.23,26.7,20.39,65.99,0.77,144.8,17.82
2000,9,18,0.0,99.29,23.19,26.81,20.23,68.45,1.89,113.2,17.34
2000,9,19,15.23,99.11,23.08,26.9,19.95,71.9,1.65,89.1,14.04
2000,9,20,0.0,99.18,23.74,27.08,21.01,62.08,1.76,81.1,15.79
2000,9,21,0.0,99.25,23.41,26.85,20.59,64.4,2.06,90.2,15.71
2000,9,22,0.0,99.07,23.7,27.88,20.28,60.74,2.41,150.8,17.67
2000,9,23,0.0,99.4,22.59,26.83,19.12,57.84,2.63,105.1,13.97
2000,9,24,0.0,99.36,23.24,27.09,20.09,62.9,2.1,96.6,15.24
2000,9,25,0.0,99.28,23.79,27.86,20.46,58.41,1.68,106.5,16.53
2000,9,26,0.0,99.05,25.21,28.82,22.26,58.65,2.27,102.9,16.32
2000,9,27,0.0,99.12,24.53,28.43,21.34,57.22,1.32,104.9,14.28
2000,9,28,0.0,98.92,23.45,27.34,20.27,53.67,1.63,105.1,17.8
2000,9,29,0.0,99.13,25.31,28.78,22.47,56.96,1.8,58.2,15.02
2000,9,30,0.0,99.38,24.22,28.0,21.12,60.92,1.15,49.2,14.89
2000,10,1,0.0,99.33,23.47,27.12,20.48,63.98,1.98,105.0,15.2
2000,10,2,0.0,99.29,24.25,28.08,21.12,59.13,1.57,95.8,15.63
2000,10,3,0.0,99.53,25.04,28.62,22.11,58.71,1.98,70.4,16.95
2000,10,4,0.0,99.32,23.59,26.92,20.87,60.51,1.79,66.7,16.96
2000,10,5,0.0,99.16,23.7,27.43,20.65,60.54,1.57,100.5,17.12
2000,10,6,0.0,99.14,25.73,29.68,22.5,60.66,1.52,100.8,13.75
2000,10,7,0.0,99.23,24.71,28.66,21.48,63.87,1.88,45.0,15.41
2000,10,8,0.0,99.19,24.21,27.43,21.57,60.13,2.18,88.7,14.81
2000,10,9,0.0,99.44,24.51,28.27,21.44,59.73,2.18,84.5,15.71
2000,10,10,5.35,99.21,24.6,28.49,21.42,64.21,2.03,81.3,15.81
2000,10,11,0.0,99.21,24.52,28.25,21.46,63.18,2.15,58.9,14.42
2000,10,12,0.05,99.22,25.63,29.56,22.42,69.54,1.97,70.7,15.16
2000,10,13,0.0,99.4,24.8,28.1,22.1,66.52,1.7,82.0,14.41
2000,10,14,0.0,99.45,25.23,28.59,22.48,62.48,2.49,39.6,13.2
2000,10,15,0.0,98.94,24.86,28.69,21.73,60.5,1.72,122.0,13.06
2000,10,16,0.0,99.24,24.81,28.38,21.89,61.85,2.58,91.3,16.14
2000,10,17,16.6,98.87,24.83,28.81,21.58,69.5,2.23,77.9,15.38
2000,10,18,2.43,99.31,25.45,29.18,22.4,64.35,1.91,66.5,13.04
2000,10,19,0.0,99.29,23.8,27.19,21.02,63.46,1.52,102.7,14.9
2000,10,20,0.0,99.35,24.97,28.34,22.21,64.42,2.15,49.3,13.99
2000,10,21,2.82,99.16,26.34,29.45,23.79,58.89,2.01,117.5,12.01
2000,10,22,0.0,99.13,24.74,28.55,21.62,60.54,2.5,120.6,14.95
2000,10,23,0.0,99.41,25.41,28.99,22.48,67.18,1.65,80.2,13.84
2000,10,24,24.07,98.82,25.04,28.9,21.88,73.38,2.46,35.8,9.36
2000,10,25,0.0,99.39,24.4,28.08,21.39,61.19,2.62,83.0,14.28
2000,10,26,1.19,99.39,24.91,28.54,21.94,63.17,1.8,91.6,15.4
2000,10,27,4.51,98.99,23.98,27.8,20.85,69.97,2.36,97.2,11.48
2000,10,28,0.0,99.19,25.38,28.95,22.46,65.43,2.61,151.1,12.02
2000,10,29,0.0,99.48,25.62,29.12,22.76,62.84,2.6,110.8,13.74
2000,10,30,0.0,99.35,25.84,29.43,22.9,62.36,2.48,149.1,14.63
2000,10,31,0.0,99.29,26.54,30.36,23.41,61.75,2.74,123.8,12.56
2000,11,1,0.0,99.24,25.53,28.86,22.8,60.14,2.11,112.6,13.64
2000,11,2,0.0,99.52,24.73,28.58,21.58,61.36,2.06,105.0,13.67
2000,11,3,0.0,98.97,24.97,28.58,22.02,68.53,2.67,46.1,14.87
2000,11,4,0.0,99.35,25.11,28.6,22.25,67.7,1.18,43.1,11.75
2000,11,5,8.07,99.09,25.52,29.17,22.53,66.93,1.96,121.6,12.82
2000,11,6,0.0,99.08,27.4,31.33,24.19,61.97,1.75,97.8,14.77
2000,11,7,18.86,99.13,25.0,28.93,21.78,76.8,2.07,128.3,11.96
2000,11,8,12.1,98.53,26.34,30.06,23.29,68.05,2.2,54.7,14.14
2000,11,9,0.0,99.34,25.84,29.64,22.73,64.8,2.25,106.7,12.9
2000,11,10,0.0,99.42,25.17,28.81,22.19,59.66,2.05,109.7,12.86
2000,11,11,0.0,99.15,25.47,28.95,22.62,63.04,2.07,78.0,11.7
2000,11,12,0.0,99.39,25.59,29.36,22.5,61.04,2.36,64.9,13.89
2000,11,13,24.56,98.69,25.1,28.64,22.21,76.93,1.76,64.4,12.9
2000,11,14,2.07,99.47,26.43,29.82,23.66,66.66,1.83,72.5,9.96
2000,11,15,19.25,99.51,25.06,28.63,22.14,70.55,1.59,77.1,9.81
2000,11,16,0.0,99.42,26.91,30.15,24.26,58.41,1.92,72.3,13.99
2000,11,17,0.0,99.48,27.16,30.53,24.41,60.28,1.29,96.9,14.96
2000,11,18,0.0,99.2,26.3,30.58,22.8,64.58,2.38,82.4,14.96
2000,11,19,0.0,99.42,27.2,31.24,23.89,60.92,2.16,50.1,13.28
2000,11,20,0.0,99.32,25.26,28.94,22.25,60.04,1.47,98.9,14.52
2000,11,21,0.0,99.54,25.03,28.93,21.84,63.18,2.29,48.7,13.38
2000,11,22,0.0,99.15,27.33,30.84,24.46,61.1,1.7,70.5,10.92
2000,11,23,0.0,99.22,26.52,30.49,23.27,65.83,1.51,49.9,13.5
2000,11,24,0.0,99.63,28.42,32.29,25.25,55.97,1.9,57.7,12.2
2000,11,25,0.0,99.46,26.88,30.5,23.92,58.69,1.1,61.2,13.36
2000,11,26,0.0,99.67,26.31,30.05,23.25,54.53,1.58,60.9,14.35
2000,11,27,0.0,99.51,28.26,32.0,25.2,55.04,1.83,65.6,12.5
2000,11,28,4.98,99.41,27.4,31.49,24.05,64.21,2.34,69.4,11.04
2000,11,29,7.67,99.21,27.98,31.83,24.83,59.18,1.16,98.0,13.12
2000,11,30,39.09,98.45,25.29,28.74,22.46,83.08,1.17,38.4,11.62
2000,12,1,12.1,99.34,27.1,30.88,24.01,60.46,1.51,345.0,11.27
2000,12,2,7.54,99.26,26.47,30.17,23.44,60.51,1.46,34.0,12.58
2000,12,3,0.0,99.69,26.22,29.74,23.34,53.0,1.86,93.2,14.63
2000,12,4,0.0,99.47,28.02,31.75,24.97,57.91,2.12,79.4,12.75
2000,12,5,19.81,98.79,26.45,29.81,23.7,67.29,1.92,37.7,13.16
2000,12,6,0.0,99.27,26.92,30.63,23.89,59.09,1.34,48.3,11.6
2000,12,7,0.0,99.47,26.7,30.73,23.41,57.7,2.04,1.3,14.21
2000,12,8,0.0,99.68,27.86,31.97,24.5,55.45,1.45,31.8,15.7
2000,12,9,0.0,99.4,27.83,31.96,24.45,55.2,1.66,32.8,13.1
2000,12,10,0.0,99.65,27.49,31.76,24.0,51.13,1.6,75.1,13.91
2000,12,11,0.0,99.54,27.41,31.75,23.86,55.54,1.6,48.0,10.39
2000,12,12,0.0,99.64,28.47,32.21,25.41,54.01,1.75,21.3,13.01
2000,12,13,5.27,99.35,26.03,29.68,23.04,58.85,1.71,11.3,13.38
2000,12,14,0.0,99.57,28.47,32.52,25.16,56.03,1.67,73.5,15.28
2000,12,15,0.0,99.71,28.4,32.59,24.97,51.98,1.18,45.0,15.63
2000,12,16,0.0,99.54,27.25,31.07,24.12,51.6,1.04,21.1,14.85
2000,12,17,0.0,99.46,26.8,30.93,23.42,53.7,1.64,74.9,12.12
2000,12,18,0.0,99.23,28.61,33.17,24.88,52.62,1.48,67.5,13.91
2000,12,19,0.0,99.66,27.42,31.12,24.39,49.15,1.68,32.0,13.87
2000,12,20,5.68,99.28,29.15,33.23,25.82,53.44,1.16,11.7,14.33
2000,12,21,0.0,99.47,29.8,34.16,26.23,56.03,1.61,85.7,14.92
2000,12,22,11.91,99.08,28.17,32.2,24.87,60.73,1.2,61.7,12.93
2000,12,23,0.15,99.52,28.31,32.51,24.87,52.84,1.17,39.9,14.72
2000,12,24,0.0,99.95,28.27,32.61,24.72,56.25,1.75,8.9,13.33
2000,12,25,0.0,99.64,27.26,31.27,23.98,52.5,1.72,55.2,15.6
2000,12,26,0.0,99.46,28.29,32.1,25.18,54.58,1.38,13.7,13.23
2000,12,27,0.0,99.5,28.2,32.27,24.87,52.44,1.16,59.7,14.03
2000,12,28,0.0,99.32,28.1,31.9,24.99,52.65,1.25,56.3,15.84
2000,12,29,0.0,99.38,28.85,32.8,25.62,61.23,1.34,22.0,15.02
2000,12,30,0.0,99.35,28.69,32.92,25.23,50.44,1.13,55.9,13.65
2000,12,31,0.0,99.63,29.18,33.34,25.78,53.88,1.4,27.8,14.7
2001,1,1,0.0,99.67,28.35,32.75,24.75,53.48,1.06,67.7,14.82
2001,1,2,0.0,99.61,29.1,33.29,25.67,55.22,1.84,25.9,16.76
2001,1,3,0.0,99.66,28.71,32.62,25.51,51.8,0.5,59.0,15.7
2001,1,4,0.0,99.46,29.14,32.99,25.99,57.6,1.01,112.2,15.5
2001,1,5,0.0,99.39,28.69,32.99,25.17,50.99,1.54,17.1,13.63
2001,1,6,1.56,99.35,29.95,34.14,26.52,51.6,1.85,1.1,13.56
2001,1,7,0.0,99.38,27.07,31.14,23.74,54.36,1.02,41.5,13.92
2001,1,8,0.0,99.66,29.24,33.46,25.79,55.45,1.16,53.7,16.79
2001,1,9,0.0,99.96,29.42,33.35,26.2,48.51,1.42,15.2,14.24
2001,1,10,0.0,99.41,27.95,31.4,25.13,49.85,1.44,36.7,14.39
2001,1,11,0.0,99.54,30.13,34.54,26.52,52.48,1.3,17.3,13.15
2001,1,12,5.7,99.49,28.65,32.95,25.13,56.8,1.54,356.5,12.79
2001,1,13,0.66,99.53,28.77,32.87,25.41,56.14,1.36,46.6,14.92
2001,1,14,0.0,99.66,29.15,33.03,25.98,52.33,1.37,39.3,16.25
2001,1,15,0.0,99.5,29.53,33.6,26.2,55.24,1.84,9.4,14.87
2001,1,16,0.0,99.48,29.01,32.66,26.02,46.96,1.18,15.0,15.01
2001,1,17,0.0,99.57,29.0,33.16,25.6,48.64,1.15,28.9,17.04
2001,1,18,0.0,99.66,29.53,33.12,26.59,51.99,1.13,35.9,15.08
2001,1,19,0.0,99.83,29.63,33.78,26.23,54.93,1.02,359.1,15.07
2001,1,20,0.0,99.67,29.19,33.12,25.97,51.11,1.2,20.5,16.37
2001,1,21,0.0,99.55,27.88,31.96,24.54,51.19,1.01,71.0,16.2
2001,1,22,0.0,99.75,28.26,32.07,25.14,53.08,1.42,56.0,14.54
2001,1,23,0.0,99.78,29.74,34.28,26.03,51.37,1.42,29.7,14.94
2001,1,24,0.0,99.54,28.79,33.01,25.33,55.94,1.34,70.2,15.8
2001,1,25,0.0,99.57,28.57,32.51,25.35,52.29,1.39,34.0,15.6
2001,1,26,0.0,99.52,29.3,33.37,25.97,58.9,1.55,29.1,17.25
2001,1,27,0.0,99.75,29.22,33.79,25.48,52.44,0.85,46.6,15.1
2001,1,28,0.0,99.61,28.84,32.7,25.68,50.96,1.35,44.9,16.32
2001,1,29,0.0,99.34,29.52,33.34,26.4,52.27,1.85,77.7,16.07
2001,1,30,0.0,99.67,28.11,31.92,25.0,55.09,1.04,9.9,16.07
2001,1,31,0.0,99.87,27.79,31.73,24.57,51.56,2.19,59.2,14.89
2001,2,1,0.0,99.88,30.05,34.58,26.34,44.15,1.13,32.4,15.59
2001,2,2,0.0,99.51,28.21,32.18,24.96,50.7,1.34,3.0,15.72
2001,2,3,0.0,99.47,27.96,31.97,24.68,45.54,1.35,48.9,17.45
2001,2,4,0.0,99.94,28.76,32.94,25.34,53.48,0.7,27.6,15.49
2001,2,5,0.0,99.88,28.96,33.07,25.59,48.9,0.94,76.0,15.87
2001,2,6,0.0,99.68,28.64,33.03,25.05,52.17,1.49,16.4,15.97
2001,2,7,0.0,99.28,28.81,33.16,25.25,47.92,1.15,22.3,18.23
2001,2,8,0.0,99.48,27.97,32.18,24.52,51.81,0.91,43.0,16.98
2001,2,9,0.0,99.39,29.45,33.51,26.13,52.53,1.7,351.0,16.85
2001,2,10,0.0,99.92,27.88,32.27,24.29,50.67,1.36,67.9,16.33
2001,2,11,2.82,99.24,28.84,32.75,25.64,53.49,1.19,71.4,15.47
2001,2,12,0.0,99.91,29.09,32.98,25.91,47.35,2.11,59.0,17.6
2001,2,13,0.0,99.57,29.37,33.38,26.09,52.2,0.86,43.6,15.92
2001,2,14,0.0,99.37,29.06,33.5,25.43,50.29,0.85,57.2,18.69
2001,2,15,0.0,99.76,28.13,32.02,24.95,52.33,1.09,47.3,16.71
2001,2,16,0.0,99.7,28.59,32.55,25.35,51.76,1.35,64.1,17.35
2001,2,17,0.0,99.35,28.37,32.54,24.96,51.43,1.41,89.7,16.65
2001,2,18,0.0,99.58,27.74,31.84,24.38,50.86,0.96,37.2,19.91
2001,2,19,0.0,99.83,29.13,33.15,25.84,52.88,0.71,32.9,15.52
2001,2,20,0.0,99.5,28.28,32.53,24.8,56.8,1.46,35.2,16.39
2001,2,21,0.0,99.88,28.9,32.89,25.64,51.77,1.07,7.0,15.8
2001,2,22,0.0,99.44,28.7,33.11,25.09,53.66,1.25,43.3,15.49
2001,2,23,0.0,99.28,27.96,32.14,24.54,56.54,1.28,355.5,17.44
2001,2,24,0.0,99.58,27.89,32.29,24.29,53.3,1.61,74.4,16.61
2001,2,25,0.0,99.31,28.48,32.38,25.29,54.3,1.05,76.9,16.77
2001,2,26,0.0,99.59,27.77,31.84,24.44,49.81,1.85,16.9,16.89
2001,2,27,0.0,99.57,29.36,32.95,26.42,53.24,1.19,11.1,17.35
2001,2,28,0.0,99.43,29.58,34.06,25.91,53.23,0.74,65.8,15.65
2001,3,1,0.0,99.9,29.17,33.91,25.29,57.23,0.86,358.2,16.04
2001,3,2,0.0,99.56,28.84,32.87,25.54,48.79,0.85,15.8,15.98
2001,3,3,0.0,99.71,28.61,32.82,25.16,58.39,0.97,11.6,17.67
2001,3,4,0.0,99.72,27.8,31.94,24.41,55.54,1.35,51.7,17.72
2001,3,5,0.0,99.87,29.09,32.84,26.02,55.05,1.64,52.2,17.71
2001,3,6,0.0,99.33,29.44,33.89,25.8,49.16,0.41,47.3,18.36
2001,3,7,0.0,99.23,28.21,32.24,24.91,49.87,1.6,37.3,18.24
2001,3,8,0.0,99.86,28.4,31.94,25.5,54.18,1.79,58.7,16.0
2001,3,9,0.0,99.65,27.83,31.74,24.63,46.64,2.04,41.7,17.82
2001,3,10,0.0,99.56,28.13,31.85,25.09,48.28,1.42,83.2,18.26
2001,3,11,0.0,99.51,27.45,31.58,24.07,54.76,0.59,68.5,16.88
2001,3,12,0.0,99.48,28.09,32.22,24.71,55.9,0.76,19.1,16.47
2001,3,13,0.0,99.69,28.56,32.98,24.94,58.61,1.61,30.9,19.12
2001,3,14,0.0,99.27,28.45,33.05,24.69,51.72,1.31,35.4,17.25
2001,3,15,0.0,99.61,28.36,32.98,24.58,50.27,1.03,14.4,19.41
2001,3,16,0.0,99.71,26.44,30.25,23.32,50.6,0.71,72.2,18.49
2001,3,17,0.0,99.66,28.15,32.41,24.67,54.07,0.87,63.9,18.15
2001,3,18,0.0,99.51,28.5,32.8,24.98,52.29,1.48,34.5,19.33
2001,3,19,0.0,99.52,28.03,31.97,24.81,49.12,1.47,55.5,18.79
2001,3,20,0.0,99.74,28.79,32.95,25.39,54.45,1.66,30.5,18.57
2001,3,21,0.0,99.61,27.88,32.07,24.45,50.17,1.8,69.6,17.74
2001,3,22,0.0,99.82,28.19,32.13,24.97,55.2,0.97,38.9,20.58
2001,3,23,0.0,99.19,27.17,31.59,23.55,55.16,1.66,348.4,17.68
2001,3,24,0.0,99.66,28.24,32.37,24.86,52.43,1.03,8.8,20.26
2001,3,25,0.0,99.35,28.33,32.35,25.04,54.15,1.27,80.5,17.24
2001,3,26,0.0,99.48,27.24,30.96,24.19,52.62,1.04,40.7,19.58
2001,3,27,0.0,99.74,26.69,31.06,23.11,53.33,1.62,56.4,20.04
2001,3,28,0.0,99.3,27.33,31.4,24.0,50.04,1.11,42.2,19.29
2001,3,29,0.0,99.86,26.9,30.97,23.57,44.23,1.59,7.1,20.03
2001,3,30,0.0,99.67,27.97,31.78,24.85,53.5,1.53,17.3,20.68
2001,3,31,0.0,99.58,27.16,31.44,23.66,51.19,1.79,78.6,20.04
2001,4,1,0.6,99.28,27.93,31.65,24.89,52.03,1.59,78.0,21.32
2001,4,2,0.0,99.43,26.3,29.72,23.51,51.67,2.09,11.5,21.95
2001,4,3,12.39,99.08,26.27,30.09,23.14,63.85,1.14,84.2,20.17
2001,4,4,0.0,99.23,26.76,30.86,23.4,57.53,1.7,37.4,20.31
2001,4,5,0.0,99.64,27.43,31.53,24.08,55.63,1.56,58.1,19.08
2001,4,6,0.0,99.37,25.73,29.76,22.43,53.93,1.13,53.3,19.94
2001,4,7,0.0,99.4,26.93,30.87,23.71,55.95,1.79,72.5,20.29
2001,4,8,0.0,99.41,26.81,30.83,23.52,58.29,1.77,78.8,18.24
2001,4,9,0.0,99.39,27.26,32.02,23.37,60.07,1.21,46.2,19.52
2001,4,10,0.0,99.51,26.99,31.02,23.69,53.51,0.83,88.6,18.49
2001,4,11,0.0,99.3,26.22,30.05,23.08,51.59,1.45,97.8,19.08
2001,4,12,0.0,99.59,25.25,29.16,22.05,56.95,1.24,71.0,20.12
2001,4,13,0.0,99.29,26.23,30.1,23.06,51.3,1.58,32.9,19.53
2001,4,14,0.0,99.39,25.82,29.75,22.6,57.37,1.54,76.2,19.03
2001,4,15,4.1,99.05,25.63,29.28,22.64,59.74,2.23,51.1,19.84
2001,4,16,0.0,99.57,26.06,30.17,22.7,56.78,1.29,57.0,19.63
2001,4,17,7.67,99.42,26.77,30.73,23.53,66.69,1.82,42.6,19.07
2001,4,18,0.0,99.49,25.55,29.19,22.57,57.99,1.1,109.6,19.75
2001,4,19,0.0,99.38,25.07,29.2,21.69,59.66,1.27,69.3,20.13
2001,4,20,0.0,99.34,25.89,29.2,23.19,61.7,1.5,111.6,17.75
2001,4,21,6.5,98.89,25.76,30.16,22.16,62.21,1.37,96.1,19.13
2001,4,22,0.0,99.08,25.9,30.21,22.37,58.11,1.88,55.8,21.58
2001,4,23,0.0,99.45,25.61,29.86,22.13,58.6,1.73,58.4,16.53
2001,4,24,0.0,99.28,25.82,29.44,22.86,61.21,2.09,77.4,19.14
2001,4,25,0.0,99.05,26.07,29.87,22.96,61.36,1.41,83.4,19.71
2001,4,26,0.0,99.04,25.23,28.78,22.33,65.7,1.9,75.0,18.15
2001,4,27,0.0,99.39,26.46,30.27,23.34,59.59,1.58,119.9,17.56
2001,4,28,0.0,99.43,25.55,29.23,22.54,61.19,2.38,94.3,18.89
2001,4,29,0.0,98.98,26.28,29.8,23.4,65.01,1.54,102.0,18.65
2001,4,30,0.0,99.27,25.69,29.19,22.83,64.68,1.3,67.0,20.13
2001,5,1,0.19,99.3,24.54,28.17,21.57,63.3,1.78,49.7,18.51
2001,5,2,14.09,98.77,23.41,27.8,19.82,71.09,1.61,127.0,18.51
2001,5,3,7.5,99.25,25.7,29.61,22.5,67.15,2.13,77.6,18.7
2001,5,4,0.0,99.14,24.53,28.08,21.62,62.45,2.33,100.6,19.88
2001,5,5,0.0,98.88,25.01,28.46,22.18,65.47,2.43,109.0,18.52
2001,5,6,0.0,99.14,24.57,28.22,21.58,67.75,1.38,118.0,18.68
2001,5,7,28.45,98.7,24.71,27.99,22.02,83.37,2.51,103.6,17.55
2001,5,8,2.85,99.02,24.65,28.01,21.9,68.6,2.36,97.2,19.98
2001,5,9,0.0,98.95,23.76,26.62,21.42,68.74,2.58,108.9,20.65
2001,5,10,19.61,98.75,23.67,27.07,20.89,76.55,2.69,78.4,15.46
2001,5,11,0.0,99.16,25.34,28.72,22.58,70.61,2.16,141.2,17.39
2001,5,12,30.55,98.34,22.63,25.8,20.04,82.4,2.09,147.4,16.01
2001,5,13,26.07,98.53,22.24,25.66,19.45,85.24,2.6,147.4,15.52
2001,5,14,67.89,97.5,22.8,26.1,20.1,94.42,2.88,141.9,10.75
2001,5,15,12.51,98.65,23.02,26.11,20.49,78.51,2.08,172.1,17.47
2001,5,16,0.0,99.19,22.93,26.37,20.12,71.93,2.62,178.1,16.99
2001,5,17,22.66,98.3,22.46,25.6,19.89,81.97,2.43,176.8,15.89
2001,5,18,0.0,99.32,24.1,26.97,21.75,72.9,2.47,149.0,18.14
2001,5,19,0.0,99.24,24.13,26.78,21.96,79.11,2.56,149.9,17.25
2001,5,20,17.34,98.37,23.33,26.84,20.46,83.44,2.99,158.3,15.73
2001,5,21,0.0,99.27,22.94,26.06,20.38,73.84,3.0,140.7,18.35
2001,5,22,0.0,99.02,24.21,27.3,21.68,70.6,2.48,166.9,15.37
2001,5,23,0.0,99.23,24.02,27.05,21.54,76.64,2.33,166.2,15.89
2001,5,24,0.0,98.99,23.76,27.12,21.01,77.33,3.29,191.9,14.25
2001,5,25,0.0,98.93,22.61,25.65,20.12,75.24,3.22,208.2,16.5
2001,5,26,13.8,98.55,22.3,25.7,19.52,83.93,3.42,179.5,17.82
2001,5,27,18.34,98.04,22.7,25.7,20.25,83.84,3.18,193.2,14.1
2001,5,28,38.86,98.13,21.99,24.19,20.19,99.0,3.51,176.4,13.67
2001,5,29,70.25,97.5,20.36,23.63,17.69,99.0,2.15,200.3,11.94
2001,5,30,54.21,97.73,22.22,25.21,19.78,94.41,3.02,204.8,10.79
2001,5,31,22.63,98.64,21.92,24.66,19.68,91.46,2.83,222.5,13.97
2001,6,1,0.0,98.79,23.52,26.31,21.23,84.35,3.87,131.4,14.36
2001,6,2,0.0,98.77,21.92,24.68,19.66,80.29,2.69,203.1,17.21
2001,6,3,20.38,98.55,22.05,24.54,20.01,92.82,2.66,181.5,16.58
2001,6,4,52.52,97.5,19.77,22.83,17.27,99.0,2.95,204.0,10.31
2001,6,5,13.19,98.77,22.18,24.86,19.99,89.77,3.01,206.5,15.52
2001,6,6,0.0,98.73,22.86,25.41,20.78,80.25,3.09,172.1,17.78
2001,6,7,0.0,99.11,22.84,26.79,19.61,77.05,3.6,149.3,17.52
2001,6,8,0.0,98.79,21.9,24.34,19.91,89.46,3.84,207.0,17.18
2001,6,9,61.94,97.5,19.08,21.8,16.86,99.0,3.67,188.3,13.14
2001,6,10,17.05,98.58,21.84,23.93,20.13,94.25,4.26,220.2,13.03
2001,6,11,30.09,98.16,20.75,23.81,18.25,99.0,3.83,197.8,12.6
2001,6,12,15.06,98.63,21.3,23.92,19.15,94.52,3.12,224.7,14.61
2001,6,13,0.0,98.55,21.48,24.39,19.1,85.61,3.34,214.9,16.89
2001,6,14,0.0,98.73,22.03,24.44,20.05,83.75,3.7,167.4,17.1
2001,6,15,0.0,98.81,22.01,24.23,20.2,83.05,2.98,208.8,15.97
2001,6,16,0.0,98.65,22.7,25.14,20.7,86.26,3.32,210.0,16.48
2001,6,17,43.97,97.86,18.74,21.75,16.28,99.0,3.71,202.3,12.33
2001,6,18,5.01,98.56,20.73,23.51,18.45,87.81,4.2,228.3,13.16
2001,6,19,0.0,98.64,22.13,24.3,20.36,87.75,3.51,189.5,14.89
2001,6,20,0.0,98.94,20.22,22.16,18.64,91.12,3.58,258.6,13.08
2001,6,21,7.76,98.38,20.89,23.39,18.84,87.12,3.72,178.2,14.45
2001,6,22,30.94,97.8,22.09,24.97,19.73,99.0,2.89,178.6,12.66
2001,6,23,5.3,98.71,21.21,23.57,19.28,86.05,3.42,235.6,15.08
2001,6,24,0.0,98.99,22.06,24.91,19.72,86.72,3.25,280.6,14.83
2001,6,25,15.55,98.38,19.73,22.31,17.62,90.23,3.88,204.1,14.36
2001,6,26,50.69,97.5,19.98,23.0,17.51,99.0,3.44,235.4,10.75
2001,6,27,121.6,97.5,19.18,21.52,17.26,99.0,4.08,254.0,9.39
2001,6,28,27.87,97.93,20.49,23.0,18.44,99.0,3.8,218.3,11.05
2001,6,29,90.62,97.5,19.76,22.09,17.85,99.0,3.58,210.8,9.28
2001,6,30,13.6,98.31,20.43,23.21,18.16,96.0,3.44,262.4,14.21
2001,7,1,52.38,97.61,19.64,22.3,17.46,99.0,3.39,236.6,10.23
2001,7,2,11.34,98.36,20.03,22.06,18.37,97.92,4.28,243.3,14.22
2001,7,3,44.44,97.5,19.49,22.17,17.3,99.0,2.91,193.1,11.19
2001,7,4,133.25,97.5,19.57,21.64,17.87,99.0,3.66,241.4,11.37
2001,7,5,35.26,97.71,19.39,21.62,17.57,99.0,3.73,256.3,10.88
2001,7,6,28.91,98.01,19.32,22.0,17.13,99.0,2.84,243.6,13.16
2001,7,7,29.73,97.98,19.62,21.75,17.88,99.0,4.2,244.8,14.3
2001,7,8,0.0,98.81,21.87,24.24,19.93,85.88,3.78,275.4,13.0
2001,7,9,72.33,97.5,19.74,22.42,17.54,99.0,3.98,245.8,10.2
2001,7,10,77.16,97.5,19.6,22.19,17.48,99.0,3.98,263.3,9.16
2001,7,11,17.06,98.29,21.45,24.02,19.34,96.38,4.05,252.3,12.19
2001,7,12,80.92,97.5,19.06,21.75,16.86,99.0,4.01,214.3,12.32
2001,7,13,38.82,97.77,19.61,22.44,17.29,99.0,4.01,237.2,11.83
2001,7,14,65.38,97.5,18.0,20.13,16.25,99.0,3.85,246.1,9.24
2001,7,15,21.19,98.08,19.54,22.11,17.44,99.0,4.07,165.4,13.94
2001,7,16,23.06,97.74,20.45,23.2,18.2,99.0,4.72,234.2,13.61
2001,7,17,66.15,97.5,19.62,22.32,17.41,99.0,3.35,262.2,9.73
2001,7,18,15.23,98.02,19.49,21.94,17.48,98.18,3.86,201.8,13.39
2001,7,19,18.79,98.3,20.19,22.63,18.19,91.98,3.97,196.0,12.76
2001,7,20,29.64,98.19,21.34,24.08,19.1,99.0,3.06,235.4,11.74
2001,7,21,10.57,98.28,20.53,23.11,18.42,92.5,4.35,192.7,12.67
2001,7,22,0.0,98.56,22.03,24.86,19.71,80.1,3.86,255.4,13.97
2001,7,23,100.13,97.5,19.27,21.84,17.17,99.0,3.72,208.1,9.66
2001,7,24,36.13,97.74,19.99,22.44,17.99,99.0,3.44,240.2,10.97
2001,7,25,47.48,97.59,18.52,20.6,16.82,99.0,3.88,194.2,9.53
2001,7,26,32.5,98.06,18.64,21.15,16.58,99.0,3.12,274.8,13.87
2001,7,27,42.32,97.56,19.9,22.15,18.06,99.0,4.18,278.6,11.44
2001,7,28,0.0,98.62,21.32,23.42,19.6,80.0,3.9,246.7,14.39
2001,7,29,0.0,98.66,21.16,23.54,19.21,85.06,3.43,194.2,16.11
2001,7,30,16.69,98.06,19.55,22.38,17.24,93.71,4.0,209.6,12.88
2001,7,31,0.0,98.85,20.92,23.51,18.8,81.09,2.77,154.3,14.22
2001,8,1,118.9,97.5,18.76,21.48,16.54,99.0,3.02,244.3,8.73
2001,8,2,61.03,97.5,18.86,21.73,16.51,99.0,3.4,209.0,9.76
2001,8,3,121.23,97.53,19.41,22.1,17.21,99.0,3.39,201.1,10.9
2001,8,4,0.0,98.75,21.78,24.31,19.71,77.19,3.49,176.1,15.78
2001,8,5,16.15,98.51,20.87,23.49,18.73,88.04,3.37,226.8,14.06
2001,8,6,39.75,97.9,19.89,22.86,17.46,99.0,3.74,212.0,11.78
2001,8,7,63.25,97.5,19.46,22.24,17.19,99.0,2.68,195.8,9.75
2001,8,8,101.28,97.53,19.3,21.4,17.58,99.0,2.47,204.2,12.21
2001,8,9,61.89,97.5,18.88,21.61,16.65,99.0,2.64,243.8,13.3
2001,8,10,74.61,97.52,19.53,22.52,17.08,99.0,2.64,161.8,10.25
2001,8,11,92.84,97.5,20.06,22.98,17.67,99.0,3.12,149.5,10.44
2001,8,12,39.27,97.9,19.93,22.54,17.79,99.0,3.02,160.3,9.67
2001,8,13,58.85,97.5,18.98,21.69,16.76,99.0,3.16,213.2,10.55
2001,8,14,0.0,98.73,20.83,23.23,18.87,77.15,3.14,184.8,14.64
2001,8,15,13.81,98.8,20.5,23.61,17.96,86.08,3.07,152.7,15.82
2001,8,16,17.7,98.49,20.26,23.41,17.68,88.22,2.35,186.4,15.68
2001,8,17,0.0,98.64,23.84,26.81,21.41,78.74,2.82,155.1,14.17
2001,8,18,38.76,97.86,19.7,22.63,17.3,94.34,2.67,171.2,11.7
2001,8,19,0.0,99.1,21.89,24.64,19.64,79.98,3.3,176.9,16.0
2001,8,20,29.59,98.04,20.72,23.89,18.13,95.16,2.93,143.8,14.98
2001,8,21,26.24,98.12,21.96,24.61,19.79,86.22,3.47,107.3,14.97
2001,8,22,61.33,97.5,20.37,23.71,17.64,95.83,2.35,162.2,12.54
2001,8,23,27.88,98.35,21.3,24.61,18.6,88.9,2.58,147.3,13.31
2001,8,24,61.62,97.5,20.3,23.79,17.44,95.3,3.0,132.7,12.7
2001,8,25,5.73,98.91,22.19,25.4,19.57,77.66,2.43,154.2,13.56
2001,8,26,18.05,98.55,21.79,24.86,19.28,80.83,2.73,162.1,15.21
2001,8,27,10.13,98.78,21.5,24.86,18.75,78.11,2.32,81.0,15.37
2001,8,28,11.64,98.29,21.29,24.77,18.45,79.0,2.96,142.4,17.18
2001,8,29,32.01,98.23,21.21,24.18,18.78,89.33,1.95,133.5,12.74
2001,8,30,76.38,97.5,20.13,23.42,17.44,93.18,3.17,123.7,12.33
2001,8,31,0.0,99.12,22.7,26.1,19.92,70.91,2.71,149.9,18.88
2001,9,1,0.0,98.94,21.87,25.35,19.02,69.49,2.57,76.8,16.32
2001,9,2,22.84,98.43,20.74,24.02,18.06,75.61,2.5,44.3,14.93
2001,9,3,0.0,99.17,21.85,25.42,18.93,65.12,2.05,79.0,16.46
2001,9,4,0.0,99.34,22.75,25.9,20.17,63.88,2.55,141.7,15.78
2001,9,5,11.99,98.55,21.25,25.24,17.99,70.65,2.06,106.1,14.91
2001,9,6,0.0,99.19,24.28,27.56,21.59,63.86,1.42,110.3,17.21
2001,9,7,0.0,99.33,24.34,27.93,21.41,69.11,2.23,162.7,15.99
2001,9,8,10.17,98.99,23.24,26.58,20.51,75.13,1.88,125.0,15.95
2001,9,9,20.1,98.83,22.03,25.57,19.14,78.26,2.19,139.2,13.93
2001,9,10,36.23,98.13,21.36,24.59,18.72,82.16,2.11,106.8,14.66
2001,9,11,41.26,98.34,21.76,25.6,18.62,84.06,1.55,46.3,13.84
2001,9,12,17.72,98.58,22.97,26.31,20.24,72.22,2.67,98.5,13.77
2001,9,13,3.05,99.09,23.4,27.0,20.45,63.56,1.78,79.7,15.9
2001,9,14,0.0,99.08,22.45,26.03,19.52,67.3,2.42,78.7,15.94
2001,9,15,0.0,99.09,23.29,26.7,20.5,59.49,1.72,110.5,16.42
2001,9,16,0.0,98.87,23.85,26.77,21.46,63.87,1.98,36.0,17.61
2001,9,17,0.0,98.83,21.88,25.81,18.67,59.14,2.06,77.0,15.86
2001,9,18,0.0,99.41,22.82,26.51,19.8,63.83,1.16,82.8,15.95
2001,9,19,0.0,98.88,24.01,27.19,21.41,61.12,1.68,111.8,16.28
2001,9,20,2.96,99.18,23.36,26.5,20.79,60.44,2.0,150.8,16.87
2001,9,21,0.0,98.98,23.53,27.12,20.59,60.18,1.9,32.5,14.15
2001,9,22,0.0,99.07,24.57,28.23,21.57,62.95,1.88,93.2,17.01
2001,9,23,0.0,99.35,23.81,27.45,20.83,56.81,2.2,79.8,13.92
2001,9,24,0.0,99.26,23.57,27.67,20.22,59.45,1.54,95.6,16.47
2001,9,25,0.0,99.21,23.73,26.98,21.07,60.55,1.86,161.0,15.72
2001,9,26,65.64,97.94,21.8,25.57,18.71,79.1,1.31,47.9,9.39
2001,9,27,9.74,98.95,23.07,26.97,19.88,63.54,1.63,69.9,16.6
2001,9,28,0.0,99.47,23.93,27.83,20.74,64.83,2.28,122.0,15.73
2001,9,29,0.0,99.06,23.34,27.31,20.09,57.0,1.81,98.3,14.74
2001,9,30,0.0,99.04,23.94,27.7,20.86,59.15,1.62,108.0,16.53
2001,10,1,0.0,99.23,23.86,27.66,20.75,61.98,1.49,73.4,17.33
2001,10,2,5.78,99.11,24.2,27.84,21.22,63.58,1.27,112.6,14.02
2001,10,3,0.0,99.11,25.37,28.68,22.66,59.02,2.16,110.6,17.12
2001,10,4,2.9,99.14,24.41,28.23,21.29,64.44,2.61,95.6,13.71
2001,10,5,0.0,99.51,24.46,28.08,21.5,54.87,1.64,141.2,13.31
2001,10,6,11.2,98.92,24.14,27.66,21.26,68.86,1.12,93.8,14.28
2001,10,7,0.0,98.92,23.86,27.68,20.73,58.15,2.39,98.4,15.49
2001,10,8,0.0,98.95,25.0,28.84,21.85,53.74,1.47,74.6,16.73
2001,10,9,0.0,99.65,24.83,28.35,21.95,67.03,1.96,99.8,14.81
2001,10,10,0.0,99.53,24.55,28.33,21.46,61.21,2.03,96.2,15.25
2001,10,11,0.0,99.19,24.87,28.55,21.86,63.38,2.26,107.5,14.46
2001,10,12,8.54,99.2,24.54,28.29,21.47,69.06,1.76,99.8,16.9
2001,10,13,0.0,99.32,24.92,28.95,21.62,58.9,2.03,101.0,14.49
2001,10,14,0.0,99.5,25.42,29.23,22.31,60.91,1.74,79.2,14.18
2001,10,15,0.0,99.08,24.23,28.01,21.14,61.69,1.12,110.7,14.42
2001,10,16,0.0,99.08,25.72,29.15,22.92,59.97,1.73,97.6,14.39
2001,10,17,8.2,99.3,23.38,26.84,20.55,69.93,2.04,84.2,11.46
2001,10,18,0.0,99.0,25.33,29.12,22.23,65.98,1.52,72.2,13.35
2001,10,19,0.0,99.28,25.02,28.23,22.39,62.04,1.95,118.4,12.8
2001,10,20,0.0,99.26,24.27,27.81,21.37,63.95,2.03,119.0,13.38
2001,10,21,0.0,99.41,25.7,29.12,22.9,65.1,2.45,93.3,16.11
2001,10,22,0.0,99.3,23.75,27.34,20.81,63.64,1.59,61.5,11.45
2001,10,23,0.0,99.25,26.19,29.75,23.28,61.37,2.05,139.8,12.38
2001,10,24,0.0,99.2,26.67,30.32,23.68,56.16,1.55,135.7,14.5
2001,10,25,27.84,98.4,23.91,27.65,20.85,78.81,1.14,166.2,10.26
2001,10,26,19.47,98.76,23.68,27.55,20.51,76.27,1.8,47.3,13.1
2001,10,27,2.29,99.43,24.72,28.61,21.54,62.05,1.78,92.6,14.77
2001,10,28,32.96,98.4,24.62,28.15,21.73,82.12,2.12,80.1,8.34
2001,10,29,23.24,98.95,24.15,27.58,21.34,77.6,2.44,51.1,9.76
2001,10,30,1.74,99.37,23.22,26.6,20.46,65.84,2.04,102.9,15.45
2001,10,31,6.41,99.21,25.41,28.91,22.54,67.53,1.75,108.5,13.28
2001,11,1,28.23,98.55,24.94,28.26,22.22,76.39,1.69,99.5,9.02
2001,11,2,0.0,99.17,25.85,29.57,22.81,67.04,2.44,56.2,12.1
2001,11,3,38.94,98.62,24.45,28.32,21.28,84.93,2.26,118.6,10.49
2001,11,4,0.0,99.44,26.71,29.88,24.11,62.09,1.66,67.9,12.99
2001,11,5,0.0,99.27,25.49,29.09,22.55,58.94,1.47,130.1,13.33
2001,11,6,0.0,99.61,26.9,30.93,23.6,64.58,1.65,128.2,12.29
2001,11,7,7.59,99.23,25.34,28.54,22.72,74.4,2.36,110.9,11.76
2001,11,8,0.0,99.05,26.6,30.62,23.31,62.57,1.61,87.9,14.28
2001,11,9,0.0,99.24,25.76,29.14,22.99,61.73,2.14,102.6,13.91
2001,11,10,0.0,99.45,27.35,30.81,24.52,62.9,2.59,80.5,11.13
2001,11,11,0.0,99.6,26.44,30.24,23.33,62.55,1.64,114.5,12.37
2001,11,12,113.01,98.25,23.98,27.76,20.89,83.54,1.78,135.3,9.07
2001,11,13,11.1,99.06,24.82,28.44,21.86,74.28,1.9,131.0,8.52
2001,11,14,0.0,99.45,26.31,29.76,23.49,62.26,1.29,94.3,10.28
2001,11,15,0.0,99.24,25.66,28.99,22.94,58.25,1.61,131.8,14.99
2001,11,16,0.0,99.19,26.6,30.26,23.6,58.36,1.93,100.4,12.96
2001,11,17,0.0,99.06,26.82,30.46,23.84,64.58,1.47,24.4,12.8
2001,11,18,0.0,99.44,27.15,30.64,24.3,61.92,2.64,124.5,13.89
2001,11,19,0.0,99.6,26.86,30.51,23.87,59.85,1.62,91.8,10.65
2001,11,20,3.99,99.42,26.45,30.25,23.34,61.53,1.72,98.2,12.92
2001,11,21,0.0,99.4,27.55,31.59,24.24,62.2,1.55,72.4,14.33
2001,11,22,0.0,99.62,27.69,31.5,24.57,57.74,1.65,119.5,12.62
2001,11,23,0.0,99.93,26.01,29.74,22.96,59.22,1.45,59.7,15.13
2001,11,24,0.0,99.26,28.05,31.61,25.14,61.38,0.91,113.7,15.31
2001,11,25,9.88,98.73,27.35,30.95,24.41,62.38,1.54,49.5,13.97
2001,11,26,0.0,99.49,26.35,30.23,23.18,62.27,2.34,82.9,13.71
2001,11,27,0.0,99.63,25.7,29.61,22.5,53.82,2.26,112.5,13.2
2001,11,28,0.0,99.16,27.92,31.7,24.82,58.2,1.21,113.8,12.81
2001,11,29,3.8,99.5,27.13,31.24,23.77,60.09,0.99,94.5,13.0
2001,11,30,0.0,99.39,26.88,30.77,23.7,51.54,0.79,100.3,14.68
2001,12,1,0.0,99.52,27.48,31.23,24.41,55.12,1.18,93.3,11.91
2001,12,2,21.06,98.78,27.31,31.03,24.27,70.16,1.32,54.3,11.92
2001,12,3,0.0,99.3,25.96,29.67,22.92,54.6,1.67,78.9,14.52
2001,12,4,0.0,99.28,27.53,31.59,24.21,55.61,1.34,70.9,12.64
2001,12,5,15.32,99.22,26.93,30.7,23.85,63.37,1.81,92.2,12.24
2001,12,6,0.0,99.38,28.61,32.59,25.35,58.55,1.68,92.7,14.72
2001,12,7,0.0,99.55,28.2,31.93,25.15,56.53,1.57,60.5,14.4
2001,12,8,0.0,99.51,28.25,32.18,25.04,54.07,1.38,55.0,13.22
2001,12,9,0.0,99.3,27.42,31.39,24.17,53.1,1.78,85.8,12.72
2001,12,10,0.0,99.53,28.25,32.89,24.45,57.31,1.63,50.1,12.5
2001,12,11,0.0,99.56,27.49,31.13,24.51,55.08,0.82,86.1,13.84
2001,12,12,0.0,99.72,27.81,32.04,24.35,57.29,1.56,57.1,14.5
2001,12,13,0.0,99.8,28.33,32.14,25.21,56.01,1.13,36.8,13.9
2001,12,14,0.0,99.35,28.04,32.44,24.44,44.95,1.69,40.4,13.07
2001,12,15,0.0,99.6,28.25,32.09,25.1,56.94,1.58,330.9,14.69
2001,12,16,0.0,99.14,28.99,33.32,25.45,54.13,1.97,47.7,13.94
2001,12,17,0.0,99.7,27.86,31.97,24.5,54.32,0.55,66.5,13.03
2001,12,18,0.0,99.75,27.43,31.12,24.41,47.87,1.41,119.3,12.77
2001,12,19,0.0,99.07,27.56,31.68,24.19,51.99,1.04,29.9,13.82
2001,12,20,0.0,99.5,27.45,31.66,24.01,53.4,2.09,37.0,13.74
2001,12,21,0.0,99.4,29.4,33.64,25.93,49.53,0.2,27.2,13.79
2001,12,22,0.0,99.5,28.77,32.78,25.49,56.73,1.43,23.9,16.14
2001,12,23,0.0,99.47,29.1,33.9,25.18,55.01,1.47,61.1,14.77
2001,12,24,0.0,99.56,29.01,33.63,25.23,51.71,0.44,33.4,14.59
2001,12,25,0.0,99.75,28.28,32.46,24.86,57.83,1.44,23.7,13.7
2001,12,26,0.0,99.52,29.59,33.32,26.54,53.71,0.47,54.9,14.9
2001,12,27,0.0,99.4,28.0,31.82,24.87,56.45,0.96,58.6,13.81
2001,12,28,0.0,99.54,29.93,33.96,26.64,50.26,1.38,23.3,16.69
2001,12,29,0.0,99.54,28.63,32.71,25.29,53.82,0.85,73.1,16.26
2001,12,30,0.0,99.57,29.83,33.71,26.66,56.19,1.25,89.0,12.91
2001,12,31,0.0,99.47,27.87,31.83,24.63,55.7,1.22,61.9,13.39
2002,1,1,0.0,99.66,28.36,31.94,25.43,54.83,1.4,55.2,16.52
2002,1,2,0.0,99.83,27.56,31.09,24.67,55.49,0.79,335.9,14.34
2002,1,3,0.0,99.37,29.43,33.56,26.05,56.28,1.54,16.3,15.12
2002,1,4,0.0,99.68,28.9,33.46,25.17,45.54,0.2,1.3,14.14
2002,1,5,0.0,99.77,30.16,33.86,27.13,50.81,1.77,66.0,11.35
2002,1,6,0.0,99.52,28.43,32.5,25.1,47.12,1.09,67.4,13.29
2002,1,7,0.0,99.82,29.72,33.84,26.35,47.16,1.13,52.4,15.12
2002,1,8,0.0,99.59,28.86,33.09,25.4,50.54,1.31,33.0,14.69
2002,1,9,0.0,99.39,28.75,32.73,25.49,50.8,1.26,32.6,14.4
2002,1,10,0.0,99.37,28.63,32.45,25.5,55.81,1.19,148.0,14.75
2002,1,11,0.0,99.74,28.26,32.56,24.74,48.67,1.67,62.4,13.38
2002,1,12,0.0,99.72,29.13,32.72,26.19,52.51,0.61,37.4,13.23
2002,1,13,0.0,99.88,29.03,33.26,25.57,56.48,0.83,53.7,12.55
2002,1,14,0.0,99.72,27.79,31.69,24.6,51.58,1.36,4.2,15.02
2002,1,15,0.0,99.58,27.15,31.34,23.72,57.47,1.05,56.1,16.13
2002,1,16,0.0,99.69,28.7,33.14,25.06,46.75,1.68,33.0,16.07
2002,1,17,0.0,99.61,29.74,33.68,26.52,49.63,2.04,54.2,16.32
2002,1,18,0.0,99.54,29.1,33.12,25.81,56.33,1.19,13.5,12.66
2002,1,19,0.0,99.5,28.04,32.05,24.76,50.11,0.54,91.1,14.54
2002,1,20,0.0,99.29,27.72,32.47,23.83,51.34,0.86,15.3,15.71
2002,1,21,0.0,99.47,29.77,33.86,26.42,56.69,0.42,30.5,15.21
2002,1,22,0.0,99.6,27.82,31.9,24.48,53.87,1.43,9.2,14.75
2002,1,23,0.0,99.11,29.51,33.61,26.15,47.41,0.83,19.7,16.26
2002,1,24,0.0,99.51,29.38,33.88,25.7,53.74,1.13,36.2,17.51
2002,1,25,0.0,99.76,30.13,34.08,26.9,50.03,1.08,41.5,13.36
2002,1,26,0.0,99.84,28.55,32.89,25.0,50.63,1.62,33.3,17.18
2002,1,27,0.0,99.5,29.65,33.57,26.45,51.75,1.21,54.3,15.0
2002,1,28,0.0,99.5,29.98,33.88,26.79,50.4,1.09,106.0,15.63
2002,1,29,0.0,99.47,28.06,32.29,24.6,53.39,0.84,34.7,15.31
2002,1,30,0.0,99.5,29.09,33.55,25.44,49.58,1.42,26.1,14.19
2002,1,31,0.0,99.8,28.97,32.99,25.68,52.87,0.77,78.7,15.83
2002,2,1,0.0,99.89,28.25,32.27,24.96,54.14,0.72,13.6,16.29
2002,2,2,0.0,99.29,29.18,33.48,25.66,51.84,0.97,86.3,15.01
2002,2,3,0.0,99.45,28.17,32.29,24.8,52.22,1.99,348.8,13.27
2002,2,4,0.0,99.26,29.25,33.56,25.72,52.29,1.16,68.2,16.02
2002,2,5,0.0,99.59,30.5,34.18,27.49,52.4,1.17,13.7,17.33
2002,2,6,0.0,99.51,28.83,32.67,25.69,51.75,1.32,12.8,15.83
2002,2,7,0.0,99.66,28.9,33.01,25.54,51.62,1.28,51.3,15.33
2002,2,8,0.0,99.71,29.95,34.2,26.48,51.71,1.11,65.8,17.07
2002,2,9,0.0,99.69,29.84,33.93,26.5,52.57,0.83,59.7,15.85
2002,2,10,0.0,99.29,28.51,32.65,25.12,50.85,1.03,21.1,15.71
2002,2,11,0.0,99.58,29.42,33.71,25.91,51.65,1.12,64.5,16.04
2002,2,12,0.0,99.28,26.86,30.64,23.77,54.84,0.66,17.0,15.83
2002,2,13,0.0,99.9,28.21,32.5,24.7,57.69,1.11,33.3,16.22
2002,2,14,0.0,99.52,29.65,34.06,26.04,58.97,1.27,24.3,16.82
2002,2,15,0.0,99.34,28.53,32.56,25.24,52.46,0.99,36.3,17.91
2002,2,16,0.0,99.48,28.73,32.61,25.55,49.21,1.67,25.3,13.94
2002,2,17,0.0,99.62,28.21,32.57,24.64,51.42,1.3,45.6,16.05
2002,2,18,0.0,99.71,28.08,32.67,24.32,52.52,0.91,2.7,18.34
2002,2,19,0.0,99.81,27.08,31.24,23.68,55.15,1.04,57.1,16.28
2002,2,20,0.0,99.59,28.56,32.44,25.39,50.12,1.67,26.6,18.15
2002,2,21,0.0,99.52,29.12,33.24,25.75,51.79,0.97,11.2,17.11
2002,2,22,0.0,99.7,28.95,32.84,25.77,49.32,0.9,69.7,18.61
2002,2,23,0.0,99.69,28.17,32.48,24.64,56.83,0.88,93.0,17.37
2002,2,24,0.0,99.59,27.73,31.83,24.37,53.7,1.23,56.5,18.5
2002,2,25,0.0,99.71,28.45,32.31,25.29,51.2,1.29,47.7,17.53
2002,2,26,0.0,99.46,27.76,31.93,24.35,52.39,1.46,30.2,18.56
2002,2,27,0.0,99.56,28.13,32.06,24.91,48.44,0.93,3.9,19.39
2002,2,28,0.0,99.2,28.73,32.48,25.66,53.51,1.78,57.4,18.17
2002,3,1,0.0,99.81,28.01,32.33,24.47,53.34,1.4,357.6,18.56
2002,3,2,0.0,99.47,29.49,33.68,26.06,47.32,1.05,54.4,16.76
2002,3,3,0.0,99.81,27.83,31.81,24.57,50.26,1.53,353.1,17.56
2002,3,4,0.0,99.44,28.12,32.58,24.47,51.49,1.94,47.4,16.08
2002,3,5,1.63,99.57,29.04,32.94,25.85,52.43,1.4,77.9,18.16
2002,3,6,0.0,99.56,28.97,32.96,25.71,50.95,1.88,52.2,18.76
2002,3,7,0.0,99.44,28.81,33.02,25.37,52.76,0.83,73.1,16.47
2002,3,8,0.0,99.63,27.98,32.33,24.42,56.33,0.49,83.5,20.02
2002,3,9,0.0,99.77,28.8,33.01,25.35,53.8,1.42,43.5,17.51
2002,3,10,0.0,99.86,28.91,32.86,25.68,55.79,1.66,94.5,19.21
2002,3,11,0.0,99.67,28.64,32.68,25.34,53.55,0.72,34.9,17.76
2002,3,12,0.0,99.32,28.27,32.19,25.06,51.68,1.7,15.6,17.89
2002,3,13,0.0,99.28,28.66,32.67,25.38,52.11,1.07,15.5,14.92
2002,3,14,0.0,99.74,28.17,32.19,24.88,54.9,1.47,70.1,18.32
2002,3,15,0.0,99.35,28.47,32.68,25.03,54.21,1.34,36.9,17.08
2002,3,16,0.0,99.64,28.2,32.1,25.01,56.48,1.42,31.8,19.37
2002,3,17,0.0,99.55,27.06,31.41,23.5,52.82,1.46,65.0,17.58
2002,3,18,0.0,99.76,27.67,31.75,24.33,48.95,1.22,0.8,17.83
2002,3,19,0.0,99.61,29.49,33.34,26.34,52.37,1.09,118.3,18.62
2002,3,20,0.0,99.51,26.64,30.83,23.21,48.8,1.39,12.4,19.76
2002,3,21,0.0,99.88,29.04,33.08,25.73,52.67,1.16,62.7,18.94
2002,3,22,0.0,99.65,28.35,32.3,25.12,49.83,1.0,61.1,18.36
2002,3,23,0.0,99.6,27.89,32.35,24.24,52.93,1.39,42.2,19.53
2002,3,24,0.0,99.38,26.65,30.63,23.39,53.68,1.05,77.8,19.35
2002,3,25,0.0,99.29,27.78,31.72,24.56,53.01,1.21,70.2,18.47
2002,3,26,0.0,99.44,27.22,31.54,23.68,52.67,1.09,44.5,16.35
2002,3,27,0.0,99.22,28.52,32.71,25.09,52.46,1.89,65.6,20.74
2002,3,28,0.0,99.43,27.18,31.44,23.7,56.81,1.34,346.9,18.44
2002,3,29,0.41,99.61,27.39,31.28,24.21,54.75,0.71,37.9,20.07
2002,3,30,0.0,99.65,27.72,31.82,24.36,49.59,1.79,65.2,19.91
2002,3,31,0.0,99.41,27.05,30.7,24.06,54.34,0.64,31.9,17.7
2002,4,1,15.55,99.61,27.5,31.0,24.64,66.9,2.15,48.8,17.32
2002,4,2,0.0,99.69,27.19,31.05,24.03,52.94,1.36,46.6,17.43
2002,4,3,0.0,99.45,26.03,30.06,22.73,53.29,1.12,4.7,17.73
2002,4,4,0.0,99.66,27.4,32.07,23.58,56.29,1.23,78.8,19.22
2002,4,5,0.0,99.34,27.8,32.15,24.24,52.28,0.77,57.8,20.08
2002,4,6,0.0,99.49,28.19,31.88,25.17,51.54,1.35,22.0,21.17
2002,4,7,0.0,99.37,27.51,31.74,24.05,50.64,1.23,107.7,19.49
2002,4,8,0.0,99.21,27.88,31.49,24.93,57.12,1.39,62.3,18.19
2002,4,9,0.0,99.52,27.35,31.74,23.76,57.85,1.77,64.7,19.72
2002,4,10,0.0,99.42,26.28,30.1,23.15,53.98,1.56,56.4,19.6
2002,4,11,0.0,99.42,26.34,30.13,23.24,52.61,1.02,113.7,19.58
2002,4,12,0.0,99.4,25.22,29.44,21.77,58.52,1.1,87.6,19.93
2002,4,13,0.0,99.24,26.62,30.39,23.53,55.98,1.58,43.2,22.23
2002,4,14,0.0,99.68,27.16,31.56,23.56,50.97,1.69,6.1,20.41
2002,4,15,0.0,99.43,25.53,29.28,22.47,57.91,1.5,84.7,17.94
2002,4,16,0.0,99.33,27.48,31.61,24.1,57.97,1.76,63.7,19.86
2002,4,17,0.0,99.13,26.43,30.34,23.23,61.35,1.62,58.8,17.86
2002,4,18,0.0,99.61,25.81,29.86,22.5,60.13,1.65,66.3,20.35
2002,4,19,0.0,99.52,25.26,28.83,22.34,60.62,1.93,21.8,19.73
2002,4,20,2.74,99.28,27.35,30.67,24.63,57.51,2.37,78.0,17.93
2002,4,21,0.0,99.11,27.05,30.6,24.14,55.04,1.78,69.1,19.34
2002,4,22,14.37,99.27,25.29,28.97,22.28,68.55,2.86,65.6,18.27
2002,4,23,4.41,99.14,26.54,30.26,23.5,62.09,1.77,82.0,21.44
2002,4,24,69.34,97.69,23.85,27.47,20.88,83.84,1.79,126.0,12.74
2002,4,25,0.0,99.29,25.49,28.64,22.91,60.81,2.52,75.2,19.71
2002,4,26,22.64,98.79,24.47,28.01,21.57,77.4,1.74,122.1,17.7
2002,4,27,0.0,99.25,25.59,29.3,22.56,60.16,1.15,94.0,19.09
2002,4,28,0.0,98.66,25.4,29.01,22.45,61.96,1.45,129.5,19.03
2002,4,29,0.0,99.3,25.64,29.19,22.74,60.56,2.25,92.9,18.15
2002,4,30,26.78,98.74,25.57,29.07,22.71,75.12,2.13,72.8,17.35
2002,5,1,9.1,98.85,26.66,30.28,23.7,72.07,1.62,159.6,17.88
2002,5,2,14.02,99.15,23.94,27.23,21.25,71.28,1.27,131.2,17.21
2002,5,3,0.0,99.37,25.58,29.07,22.73,71.33,1.91,145.7,20.09
2002,5,4,6.9,99.11,25.04,28.46,22.24,65.02,2.54,125.4,19.29
2002,5,5,24.77,98.39,24.46,27.62,21.87,79.44,2.08,113.3,18.15
2002,5,6,3.36,99.14,24.55,27.98,21.74,68.41,2.03,142.2,17.93
2002,5,7,0.0,99.23,25.29,28.2,22.91,70.18,1.79,134.0,20.77
2002,5,8,0.0,99.14,23.85,27.09,21.2,64.8,2.12,105.7,17.5
2002,5,9,52.77,97.98,25.1,28.59,22.24,88.18,2.49,136.8,13.23
2002,5,10,0.0,99.06,24.85,28.34,22.0,64.47,2.25,117.1,16.22
2002,5,11,0.0,99.07,25.06,28.41,22.32,73.12,2.3,93.9,16.83
2002,5,12,0.0,98.98,23.68,27.06,20.91,64.78,2.83,131.2,19.89
2002,5,13,0.0,99.01,23.89,27.35,21.06,70.53,2.15,119.1,17.15
2002,5,14,15.71,98.66,22.63,25.92,19.94,86.4,2.67,197.9,17.25
2002,5,15,0.0,99.03,25.22,28.78,22.31,74.53,2.47,112.6,15.96
2002,5,16,15.0,98.64,22.74,25.37,20.59,83.61,3.19,132.9,16.49
2002,5,17,49.85,97.96,21.91,25.32,19.12,99.0,2.94,132.1,9.87
2002,5,18,0.0,99.3,23.85,26.41,21.75,73.51,3.15,172.9,16.85
2002,5,19,0.0,98.79,24.19,27.15,21.76,74.03,2.92,160.9,18.34
2002,5,20,24.94,98.65,21.88,25.19,19.17,87.8,2.53,210.0,16.47
2002,5,21,31.15,98.34,23.05,26.31,20.38,91.53,3.29,201.6,15.36
2002,5,22,81.04,97.5,22.49,25.29,20.2,95.41,2.93,165.0,14.82
2002,5,23,17.77,98.47,22.37,25.4,19.89,89.26,2.91,134.3,15.46
2002,5,24,20.55,98.51,22.61,25.47,20.27,85.93,2.56,177.7,15.87
2002,5,25,44.25,97.55,22.05,25.28,19.41,97.78,3.17,176.2,13.34
2002,5,26,0.0,98.93,23.49,26.45,21.07,73.32,2.76,130.3,18.53
2002,5,27,0.0,99.03,22.53,25.31,20.26,79.8,2.75,168.8,17.59
2002,5,28,70.54,97.5,21.65,24.69,19.16,99.0,3.1,182.3,12.21
2002,5,29,18.33,98.2,23.41,26.49,20.89,82.16,2.78,180.1,17.5
2002,5,30,30.8,98.18,22.84,25.69,20.51,99.0,2.75,153.7,13.14
2002,5,31,0.0,99.3,23.35,26.41,20.85,81.19,2.71,182.8,17.74
2002,6,1,22.23,98.21,22.53,25.82,19.83,95.29,3.48,181.9,14.81
2002,6,2,34.39,97.9,21.16,23.44,19.3,99.0,3.66,200.8,11.57
2002,6,3,0.0,98.84,22.1,25.26,19.51,81.91,3.87,163.5,16.53
2002,6,4,19.56,98.66,21.85,25.06,19.22,92.27,3.52,223.7,15.84
2002,6,5,20.14,98.06,23.4,26.32,21.01,89.2,2.31,206.6,14.66
2002,6,6,86.29,97.5,20.18,22.88,17.97,99.0,3.34,157.4,10.1
2002,6,7,6.52,98.6,22.54,24.88,20.62,83.79,3.14,203.7,15.81
2002,6,8,42.45,97.71,21.0,23.77,18.74,99.0,4.17,199.0,9.83
2002,6,9,0.0,98.65,22.11,24.74,19.96,81.45,3.43,197.0,17.28
2002,6,10,0.0,98.78,23.35,25.69,21.43,83.88,2.98,159.9,14.74
2002,6,11,0.0,98.65,23.37,25.9,21.3,79.76,3.05,193.7,17.03
2002,6,12,40.01,97.72,22.47,25.16,20.27,99.0,2.68,186.4,12.74
2002,6,13,5.15,98.24,21.38,24.14,19.12,86.95,3.33,193.1,13.17
2002,6,14,43.34,97.5,20.64,23.03,18.68,99.0,2.78,232.5,11.8
2002,6,15,18.64,98.39,21.35,23.36,19.71,97.02,2.63,189.8,13.87
2002,6,16,39.51,98.03,19.92,22.5,17.81,99.0,3.06,271.4,11.28
2002,6,17,55.46,97.98,19.46,21.84,17.51,99.0,3.05,280.8,11.79
2002,6,18,32.49,98.13,20.7,23.2,18.65,99.0,3.48,222.9,10.33
2002,6,19,51.23,97.5,19.5,21.55,17.82,99.0,3.62,178.2,9.67
2002,6,20,83.9,97.5,19.09,21.6,17.03,99.0,3.49,179.5,10.48
2002,6,21,26.75,98.19,20.75,23.44,18.55,99.0,3.46,230.0,15.28
2002,6,22,40.33,97.5,19.3,21.76,17.29,99.0,3.67,211.5,13.25
2002,6,23,28.84,97.89,20.16,22.76,18.03,99.0,3.98,198.9,12.29
2002,6,24,0.0,98.91,21.85,24.33,19.82,82.51,3.17,220.7,14.58
2002,6,25,0.0,98.8,21.46,23.47,19.82,85.19,3.69,185.1,16.97
2002,6,26,44.54,97.5,19.55,22.11,17.45,99.0,3.59,289.3,12.4
2002,6,27,68.08,97.5,20.73,23.04,18.84,99.0,3.75,239.7,10.08
2002,6,28,68.0,97.5,20.41,22.57,18.64,99.0,3.53,270.4,11.34
2002,6,29,22.61,98.22,20.54,23.24,18.33,99.0,3.28,252.4,14.44
2002,6,30,19.82,98.5,19.85,22.43,17.74,96.0,3.58,247.6,12.63
2002,7,1,54.54,97.5,19.89,22.22,17.98,99.0,3.36,202.2,10.51
2002,7,2,37.58,97.8,21.55,24.0,19.54,99.0,3.27,154.1,9.54
2002,7,3,73.2,97.5,20.21,22.74,18.14,99.0,4.11,257.6,10.65
2002,7,4,38.13,97.68,18.79,20.81,17.14,99.0,3.72,229.5,11.75
2002,7,5,98.76,97.5,19.06,21.23,17.29,99.0,2.92,291.3,9.46
2002,7,6,0.0,98.54,20.66,22.84,18.88,87.84,2.42,217.9,13.54
2002,7,7,1.36,98.68,20.44,23.05,18.3,88.43,3.62,230.6,13.35
2002,7,8,32.23,97.81,20.63,23.54,18.25,99.0,3.44,220.6,13.57
2002,7,9,0.0,98.76,21.89,24.53,19.73,89.14,3.69,267.4,16.18
2002,7,10,113.25,97.5,20.33,22.84,18.28,99.0,3.77,162.3,12.94
2002,7,11,0.0,98.63,21.55,23.74,19.76,88.66,3.67,241.1,13.27
2002,7,12,10.63,98.66,20.6,23.28,18.41,94.1,3.38,211.7,13.96
2002,7,13,12.62,98.37,20.67,23.05,18.73,97.8,4.05,232.1,12.89
2002,7,14,38.1,97.81,18.87,21.07,17.07,99.0,3.23,273.5,9.74
2002,7,15,38.57,97.72,20.44,23.12,18.25,99.0,4.13,199.5,11.64
2002,7,16,82.62,97.5,18.5,21.35,16.17,99.0,3.88,198.4,11.68
2002,7,17,74.58,97.5,18.72,21.41,16.52,99.0,3.4,281.0,9.84
2002,7,18,17.5,98.39,20.1,23.25,17.52,97.47,3.81,217.7,13.79
2002,7,19,15.79,98.32,18.23,20.52,16.35,95.98,3.5,211.9,15.03
2002,7,20,45.97,97.5,19.78,22.16,17.83,99.0,4.14,211.4,10.0
2002,7,21,34.7,97.96,18.96,21.24,17.1,99.0,3.36,179.0,10.6
2002,7,22,46.32,97.5,19.65,21.94,17.78,99.0,3.9,267.4,12.07
2002,7,23,47.52,97.5,18.81,21.73,16.42,99.0,3.09,262.9,9.84
2002,7,24,89.68,97.5,18.72,20.97,16.88,99.0,3.69,172.7,11.75
2002,7,25,77.44,97.54,18.28,20.69,16.31,99.0,3.65,210.2,10.11
2002,7,26,0.0,98.81,22.04,24.96,19.65,86.38,3.76,174.4,14.94
2002,7,27,77.16,97.5,20.21,22.91,18.0,99.0,3.69,239.4,10.59
2002,7,28,64.72,97.5,19.8,22.13,17.9,99.0,3.36,231.9,9.15
2002,7,29,38.18,97.9,19.78,22.38,17.65,99.0,2.72,185.5,10.87
2002,7,30,83.7,97.5,19.24,21.41,17.47,99.0,2.92,199.2,8.76
2002,7,31,26.26,98.18,20.88,23.48,18.76,92.82,2.62,247.6,11.38
2002,8,1,66.19,97.5,19.11,21.8,16.91,99.0,3.28,203.8,8.85
2002,8,2,52.76,97.5,20.14,22.87,17.91,99.0,3.78,188.3,10.7
2002,8,3,25.52,98.32,19.56,22.78,16.92,99.0,3.04,230.7,12.58
2002,8,4,35.01,97.91,20.57,23.5,18.17,99.0,3.15,203.6,11.85
2002,8,5,25.32,97.85,21.2,23.62,19.22,99.0,3.04,235.2,11.66
2002,8,6,0.0,98.9,20.58,23.37,18.3,81.03,3.33,223.7,16.72
2002,8,7,77.11,97.5,18.8,21.56,16.54,99.0,3.27,212.8,12.13
2002,8,8,76.54,97.63,19.39,22.71,16.68,99.0,3.01,167.5,10.11
2002,8,9,2.13,98.83,21.67,24.37,19.46,85.01,2.77,227.1,15.13
2002,8,10,19.36,98.15,20.29,23.17,17.93,95.08,3.35,187.5,14.92
2002,8,11,0.0,98.53,21.6,24.54,19.19,72.39,3.49,186.9,16.91
2002,8,12,42.93,98.02,18.42,21.02,16.3,95.39,3.35,140.1,12.53
2002,8,13,31.03,98.08,20.92,23.41,18.88,92.47,2.57,160.6,13.87
2002,8,14,21.71,98.18,21.37,24.24,19.02,86.76,2.11,151.2,12.33
2002,8,15,65.09,97.5,20.78,23.92,18.21,98.07,2.85,188.7,9.75
2002,8,16,26.31,98.47,21.11,23.73,18.97,91.56,3.43,197.0,15.64
2002,8,17,0.0,98.99,21.55,24.53,19.11,76.98,2.11,161.3,15.74
2002,8,18,12.02,98.81,20.67,23.51,18.34,84.09,2.68,170.3,14.65
2002,8,19,0.0,98.97,21.34,23.86,19.28,73.46,3.41,161.7,17.48
2002,8,20,23.64,98.2,20.96,24.1,18.39,87.65,3.13,210.3,12.96
2002,8,21,102.83,97.77,19.42,22.63,16.79,96.21,2.81,93.1,11.54
2002,8,22,22.02,98.34,20.65,23.96,17.94,86.03,2.23,125.0,16.3
2002,8,23,29.55,98.37,20.91,24.27,18.16,88.2,3.22,144.6,12.69
2002,8,24,0.0,99.17,21.05,24.19,18.48,73.44,2.55,158.9,14.41
2002,8,25,30.58,98.22,20.31,23.61,17.61,86.25,1.73,133.5,12.22
2002,8,26,0.0,98.8,22.44,25.71,19.77,76.65,3.09,99.0,15.65
2002,8,27,0.0,98.88,22.53,25.06,20.46,68.87,2.12,160.5,15.29
2002,8,28,0.0,99.14,23.0,25.85,20.67,71.93,3.68,186.7,16.73
2002,8,29,0.0,99.12,22.56,25.64,20.04,69.42,2.37,92.9,16.36
2002,8,30,0.0,99.27,22.53,25.85,19.81,68.47,2.57,145.2,18.5
2002,8,31,17.18,98.82,22.33,25.73,19.55,74.58,2.41,163.3,14.78
2002,9,1,21.67,98.34,21.89,25.42,19.0,79.29,2.24,141.9,14.93
2002,9,2,15.58,98.93,21.38,24.94,18.47,76.31,2.61,156.3,15.19
2002,9,3,0.0,98.89,22.18,25.62,19.36,66.34,2.35,113.7,17.35
2002,9,4,22.28,98.63,23.08,26.63,20.18,81.65,2.27,97.1,13.61
2002,9,5,0.0,99.53,25.11,28.97,21.95,71.74,1.82,156.1,16.11
2002,9,6,0.0,99.16,23.43,27.0,20.51,66.43,2.12,127.8,18.16
2002,9,7,2.83,98.72,22.15,25.61,19.32,69.2,1.71,120.4,17.26
2002,9,8,0.0,99.06,24.36,27.98,21.4,69.27,2.28,119.6,17.89
2002,9,9,7.54,99.33,22.48,26.22,19.42,66.55,2.22,70.0,15.57
2002,9,10,6.31,98.94,23.19,27.14,19.95,73.45,2.14,90.6,17.93
2002,9,11,0.0,99.38,23.19,26.43,20.54,60.95,2.51,111.8,16.0
2002,9,12,0.0,98.98,23.39,26.5,20.84,64.28,2.32,153.2,16.04
2002,9,13,0.0,99.1,23.01,26.64,20.04,65.82,2.79,72.9,16.62
2002,9,14,0.0,99.13,24.28,27.48,21.67,67.93,2.34,81.0,18.39
2002,9,15,23.34,98.94,22.36,25.9,19.46,76.1,2.01,116.0,13.85
2002,9,16,0.0,99.13,23.91,28.03,20.54,63.28,1.81,30.6,15.16
2002,9,17,0.0,98.85,23.95,27.59,20.98,67.27,1.37,90.9,18.27
2002,9,18,0.0,99.62,23.51,27.16,20.52,58.23,2.41,60.8,15.86
2002,9,19,0.0,99.24,22.59,26.14,19.69,59.37,2.09,154.0,18.04
2002,9,20,0.0,99.33,23.12,27.2,19.78,58.53,1.68,114.7,15.82
2002,9,21,0.0,98.92,24.25,28.04,21.15,58.71,1.96,65.5,16.36
2002,9,22,45.52,98.13,22.19,25.75,19.28,80.96,1.88,92.6,14.44
2002,9,23,0.0,99.23,23.28,27.38,19.92,64.82,1.78,62.3,18.17
2002,9,24,5.43,98.92,23.71,27.46,20.64,68.45,2.15,59.5,17.82
2002,9,25,0.0,99.35,24.09,27.69,21.15,62.14,1.2,51.9,15.96
2002,9,26,0.0,98.93,24.4,27.54,21.83,63.69,2.11,67.6,16.81
2002,9,27,0.72,99.05,25.29,29.05,22.22,63.53,2.28,97.7,16.91
2002,9,28,0.0,99.46,22.49,26.09,19.55,60.77,1.35,119.7,17.15
2002,9,29,0.0,99.12,24.98,28.62,22.0,63.29,1.02,56.0,16.31
2002,9,30,0.0,99.16,24.33,27.96,21.36,62.77,1.94,59.5,18.01
2002,10,1,0.0,99.27,23.5,26.73,20.86,62.43,2.13,148.6,14.68
2002,10,2,0.0,99.19,24.38,28.82,20.75,60.86,1.42,89.2,17.42
2002,10,3,0.0,99.39,25.32,28.86,22.42,61.15,1.23,77.1,16.25
2002,10,4,0.0,99.29,25.57,29.48,22.37,60.17,1.05,62.3,19.45
2002,10,5,0.0,98.99,23.67,27.34,20.67,55.76,2.17,67.4,15.75
2002,10,6,0.0,99.13,23.83,26.8,21.4,60.56,1.73,87.5,14.33
2002,10,7,0.0,99.12,23.56,27.24,20.55,60.96,2.27,118.7,15.42
2002,10,8,0.0,99.19,24.67,28.42,21.6,58.39,0.72,55.7,14.31
2002,10,9,0.0,99.29,24.74,28.3,21.82,59.65,1.81,80.7,16.99
2002,10,10,1.95,99.28,25.19,29.3,21.83,64.14,2.21,138.1,14.74
2002,10,11,0.0,98.84,24.93,29.12,21.5,63.68,1.44,45.7,15.08
2002,10,12,0.0,99.46,25.28,29.06,22.19,56.71,2.09,124.8,15.13
2002,10,13,13.07,98.93,23.2,27.01,20.09,66.73,1.42,148.9,12.84
2002,10,14,0.0,99.07,25.95,29.32,23.2,63.87,1.47,92.0,14.06
2002,10,15,0.0,99.44,25.67,29.03,22.92,58.24,1.86,128.5,13.15
2002,10,16,23.73,98.3,23.48,26.97,20.62,74.63,1.62,38.8,10.1
2002,10,17,0.0,98.99,24.28,28.49,20.83,58.61,2.38,85.8,14.43
2002,10,18,0.0,99.65,25.39,28.89,22.52,59.76,1.87,124.3,13.86
2002,10,19,0.0,99.3,23.81,27.82,20.53,63.39,2.41,54.5,13.18
2002,10,20,0.0,99.14,24.43,27.87,21.61,64.32,2.14,132.3,14.86
2002,10,21,0.0,99.29,24.26,27.63,21.5,65.64,1.55,167.2,15.23
2002,10,22,0.0,99.24,24.95,28.44,22.09,70.68,1.99,76.9,14.53
2002,10,23,0.0,99.28,24.75,28.23,21.91,62.45,1.6,118.8,14.13
2002,10,24,0.0,99.36,24.55,27.97,21.75,62.72,2.37,125.6,16.04
2002,10,25,0.0,99.24,24.52,28.56,21.21,66.82,2.49,144.2,13.3
2002,10,26,0.0,99.34,24.73,28.32,21.79,66.49,1.28,67.8,14.94
2002,10,27,12.43,98.94,23.89,27.44,20.99,71.79,2.16,82.0,15.77
2002,10,28,0.0,99.13,25.64,29.24,22.69,62.43,2.41,118.8,14.82
2002,10,29,5.11,98.95,25.89,29.74,22.74,68.46,2.3,103.6,11.9
2002,10,30,11.45,99.23,25.17,28.77,22.23,68.27,1.92,152.3,11.3
2002,10,31,7.54,99.21,26.06,29.74,23.05,65.95,3.01,92.9,11.42
2002,11,1,0.0,99.47,24.85,28.72,21.68,64.44,2.05,89.7,13.93
2002,11,2,0.0,99.29,24.97,28.27,22.27,69.45,1.4,111.9,12.17
2002,11,3,0.0,99.33,25.85,29.21,23.1,62.84,2.22,111.1,13.34
2002,11,4,34.95,98.39,24.59,28.21,21.63,82.98,2.37,97.8,7.74
2002,11,5,0.0,99.5,25.65,29.05,22.87,59.12,2.18,75.1,15.31
2002,11,6,0.0,99.24,25.68,29.22,22.79,60.92,2.03,104.4,12.74
2002,11,7,0.0,99.13,25.0,28.3,22.3,64.37,1.41,112.9,13.72
2002,11,8,0.0,99.4,23.94,27.31,21.18,64.57,1.3,75.5,12.4
2002,11,9,0.0,99.29,26.25,30.17,23.04,68.53,1.55,66.7,11.96
2002,11,10,0.0,99.36,26.61,30.13,23.73,60.0,1.0,108.1,14.44
2002,11,11,0.0,99.45,25.68,29.19,22.81,63.15,2.48,183.4,12.95
2002,11,12,15.79,98.83,25.02,28.43,22.23,69.98,1.91,131.2,10.25
2002,11,13,12.05,98.99,25.16,28.57,22.37,69.79,1.74,89.5,12.42
2002,11,14,0.0,99.29,25.9,29.27,23.14,60.64,1.31,87.8,13.93
2002,11,15,1.43,99.54,26.88,30.2,24.17,57.83,1.35,97.1,12.7
2002,11,16,0.0,99.36,25.64,29.13,22.79,63.45,1.83,74.8,11.35
2002,11,17,0.0,99.39,26.81,30.47,23.81,59.31,1.69,101.2,14.74
2002,11,18,0.0,99.16,26.07,29.95,22.89,60.46,1.83,47.2,14.15
2002,11,19,0.0,99.51,25.09,28.79,22.07,61.03,1.26,74.2,12.1
2002,11,20,0.0,99.46,26.31,29.77,23.48,60.48,1.89,123.6,12.64
2002,11,21,0.0,99.24,27.77,31.37,24.83,51.94,2.21,104.0,13.11
2002,11,22,0.0,99.74,26.21,29.81,23.27,55.49,1.59,101.7,14.7
2002,11,23,0.0,99.46,26.59,30.18,23.65,58.87,1.98,112.3,13.73
2002,11,24,0.0,99.3,26.82,30.5,23.81,65.78,1.59,69.8,14.72
2002,11,25,0.0,99.42,27.02,31.07,23.71,56.41,1.49,38.3,12.86
2002,11,26,0.0,99.36,28.03,32.03,24.76,57.67,1.78,81.5,14.6
2002,11,27,0.0,99.71,26.46,30.73,22.97,62.17,1.41,87.2,14.59
2002,11,28,0.0,99.61,27.08,30.68,24.13,60.07,1.33,121.1,14.09
2002,11,29,0.0,99.53,27.67,31.22,24.76,58.98,1.96,51.4,11.44
2002,11,30,0.0,99.76,26.7,30.47,23.61,57.83,0.84,62.1,14.27
2002,12,1,0.0,99.27,27.32,31.53,23.88,51.87,1.54,100.8,13.78
2002,12,2,0.0,99.61,28.01,31.33,25.29,52.48,1.08,91.2,17.02
2002,12,3,9.77,99.33,26.63,30.57,23.4,59.43,2.15,23.6,13.43
2002,12,4,0.0,99.44,27.33,31.16,24.19,55.23,1.79,95.7,12.81
2002,12,5,0.0,99.45,26.7,30.81,23.34,59.46,1.91,110.6,14.58
2002,12,6,0.0,99.66,28.23,32.3,24.9,55.91,1.49,46.2,13.1
2002,12,7,0.0,99.65,27.73,31.86,24.35,53.79,1.63,91.6,13.78
2002,12,8,15.49,98.86,26.76,30.87,23.4,63.07,1.46,76.7,10.62
2002,12,9,27.54,99.15,26.41,31.16,22.52,74.1,1.15,33.0,12.34
2002,12,10,0.0,99.72,27.77,32.25,24.1,55.24,2.02,19.3,12.25
2002,12,11,0.0,99.47,28.07,32.3,24.61,56.54,1.6,65.9,14.32
2002,12,12,0.0,99.38,27.43,31.31,24.26,53.12,1.0,84.5,13.53
2002,12,13,0.0,99.73,27.53,31.45,24.33,48.89,0.71,42.6,13.8
2002,12,14,0.0,99.62,27.79,32.13,24.24,55.94,0.9,18.5,14.61
2002,12,15,0.0,99.67,28.13,32.49,24.56,54.84,1.3,349.9,12.57
2002,12,16,0.0,99.65,29.19,33.0,26.07,56.49,1.02,53.3,15.44
2002,12,17,0.0,99.77,27.55,31.05,24.69,53.86,1.61,27.9,13.69
2002,12,18,0.0,99.71,27.0,30.55,24.09,60.26,1.35,24.9,15.72
2002,12,19,0.0,99.46,29.18,33.57,25.59,50.72,1.14,95.1,12.88
2002,12,20,0.0,99.45,27.62,32.06,23.99,50.19,1.23,68.2,14.4
2002,12,21,0.0,99.63,29.3,33.38,25.96,52.61,1.17,65.4,14.17
2002,12,22,0.0,99.98,29.19,33.36,25.78,52.19,1.12,44.0,15.69
2002,12,23,0.0,99.54,28.73,33.3,24.99,52.37,1.35,60.0,15.96
2002,12,24,0.0,99.64,29.24,33.88,25.44,52.56,1.0,53.2,15.7
2002,12,25,0.0,99.73,27.14,31.42,23.64,51.85,0.75,34.4,15.38
2002,12,26,0.0,99.5,27.51,31.6,24.17,51.15,1.47,43.1,13.57
2002,12,27,0.0,99.72,28.68,32.66,25.42,49.83,0.88,77.7,14.46
2002,12,28,0.0,99.58,28.25,32.27,24.96,54.1,1.65,52.8,15.94
2002,12,29,0.0,99.81,28.0,31.89,24.82,55.82,1.11,110.0,13.79
2002,12,30,0.0,99.41,29.14,33.42,25.63,61.66,1.0,78.6,14.34
2002,12,31,0.0,100.0,28.78,32.85,25.45,53.42,0.81,40.3,11.62
2003,1,1,0.0,99.54,29.39,33.29,26.2,55.16,1.02,46.2,13.29
2003,1,2,0.0,99.69,28.42,32.86,24.79,52.61,1.27,40.7,14.29
2003,1,3,0.0,99.59,28.69,32.97,25.19,53.98,0.84,79.8,14.77
2003,1,4,0.0,99.4,29.8,34.0,26.37,51.8,1.42,7.6,15.24
2003,1,5,0.0,99.74,27.85,31.93,24.51,51.19,0.72,36.7,12.11
2003,1,6,0.0,99.55,28.7,32.95,25.22,51.34,1.49,60.1,17.36
2003,1,7,0.0,99.69,28.17,32.2,24.87,57.31,1.18,55.4,14.42
2003,1,8,0.0,99.45,29.99,34.88,25.99,56.99,0.97,82.2,14.41
2003,1,9,0.0,99.55,30.5,35.25,26.61,49.66,1.28,28.9,13.52
2003,1,10,0.0,99.54,28.98,32.88,25.79,53.4,1.75,356.5,13.09
2003,1,11,0.0,99.7,29.2,33.25,25.88,51.27,1.58,54.6,15.98
2003,1,12,0.0,99.65,28.79,32.67,25.62,57.02,1.28,46.2,15.42
2003,1,13,0.0,99.57,28.78,32.39,25.83,48.68,1.49,53.3,15.02
2003,1,14,0.0,99.53,28.95,33.54,25.19,55.19,0.98,29.7,15.11
2003,1,15,0.0,99.66,27.96,32.04,24.62,52.29,0.9,57.8,15.31
2003,1,16,0.0,99.64,29.38,33.2,26.25,46.81,1.41,33.7,15.6
2003,1,17,0.0,99.62,28.24,31.89,25.26,57.39,1.23,59.4,14.32
2003,1,18,0.0,99.95,28.69,32.88,25.27,47.16,1.03,36.5,15.79
2003,1,19,0.0,99.7,28.97,33.19,25.51,49.15,1.44,84.7,15.01
2003,1,20,0.0,99.95,28.42,32.66,24.95,48.53,1.15,350.8,13.56
2003,1,21,0.0,99.59,29.38,33.8,25.76,55.65,1.62,350.6,15.8
2003,1,22,0.0,99.59,28.64,33.01,25.06,50.3,0.33,58.7,13.87
2003,1,23,0.0,99.51,29.72,33.49,26.64,48.75,0.94,359.0,13.86
2003,1,24,0.0,99.65,28.37,32.2,25.24,53.73,1.49,44.9,16.4
2003,1,25,0.0,99.54,28.87,33.26,25.28,48.91,1.76,26.7,14.44
2003,1,26,0.0,99.51,28.24,32.19,25.0,53.32,1.64,77.9,14.11
2003,1,27,0.0,99.26,29.68,33.4,26.64,53.04,0.9,41.7,14.75
2003,1,28,0.0,99.86,28.78,32.53,25.71,52.73,1.62,25.7,14.45
2003,1,29,0.0,99.53,28.61,32.99,25.02,46.57,0.45,87.3,18.37
2003,1,30,0.0,99.86,28.87,33.25,25.29,55.28,0.79,58.2,15.58
2003,1,31,0.0,99.58,28.92,33.08,25.52,56.13,1.04,8.8,16.41
2003,2,1,0.0,99.71,29.28,33.14,26.12,54.68,1.31,346.5,17.1
2003,2,2,0.0,99.61,29.37,33.48,26.01,54.16,0.76,77.3,15.98
2003,2,3,0.0,99.67,28.89,32.97,25.55,51.55,1.08,49.5,17.3
2003,2,4,0.0,99.41,28.96,32.96,25.69,56.87,1.65,64.4,16.81
2003,2,5,0.0,99.81,26.81,31.12,23.28,48.16,0.69,73.1,16.59
2003,2,6,0.0,99.53,28.66,32.65,25.39,45.69,0.66,57.0,16.16
2003,2,7,0.0,99.76,29.97,34.24,26.48,55.54,0.84,48.9,17.32
2003,2,8,0.0,99.33,29.28,33.49,25.83,47.14,2.04,37.2,13.53
2003,2,9,0.0,99.45,28.2,31.93,25.15,55.13,1.3,52.4,16.04
2003,2,10,0.0,99.66,28.67,33.34,24.85,48.08,0.81,31.2,15.9
2003,2,11,0.0,99.56,28.52,32.8,25.02,53.86,1.49,77.8,16.26
2003,2,12,0.0,99.67,29.67,33.35,26.66,50.0,0.44,60.1,17.67
2003,2,13,0.0,99.62,29.59,33.32,26.54,53.17,1.09,82.0,16.23
2003,2,14,0.0,99.91,28.36,32.92,24.63,56.03,1.19,49.8,15.42
2003,2,15,0.0,99.68,28.9,33.07,25.49,49.74,1.56,42.8,13.74
2003,2,16,0.0,99.5,28.08,32.35,24.58,56.73,0.59,38.1,16.41
2003,2,17,0.0,99.51,28.42,32.65,24.96,52.15,1.63,88.4,17.79
2003,2,18,0.0,99.8,28.43,32.85,24.81,52.44,1.53,7.5,16.55
2003,2,19,0.0,99.3,28.34,32.77,24.71,55.44,1.65,349.0,17.01
2003,2,20,0.0,99.68,29.07,32.95,25.9,55.81,0.68,35.3,16.72
2003,2,21,0.0,99.37,29.74,34.0,26.26,51.96,1.8,37.9,17.67
2003,2,22,0.0,99.77,28.73,32.46,25.68,47.86,0.43,71.9,17.32
2003,2,23,0.0,99.49,28.01,31.83,24.89,52.3,0.67,79.9,16.97
2003,2,24,0.0,99.67,28.88,32.91,25.58,47.96,1.21,37.6,15.32
2003,2,25,0.0,99.58,28.86,32.51,25.87,51.94,1.0,29.6,16.16
2003,2,26,0.0,99.32,28.56,32.46,25.37,51.22,0.64,334.0,17.37
2003,2,27,0.0,99.68,29.97,33.49,27.09,48.18,2.04,107.6,18.65
2003,2,28,0.0,99.43,28.81,32.92,25.45,49.76,0.5,59.0,17.33
2003,3,1,0.0,99.71,29.02,33.58,25.29,55.84,0.49,78.8,17.6
2003,3,2,0.0,99.38,27.02,31.14,23.65,51.37,1.27,72.6,16.92
2003,3,3,0.0,99.6,27.89,32.01,24.52,51.01,1.13,351.6,17.58
2003,3,4,0.0,99.56,28.9,32.91,25.62,53.83,0.6,28.0,17.98
2003,3,5,0.0,99.44,28.71,33.09,25.13,56.94,1.98,41.9,18.57
2003,3,6,0.0,99.8,28.22,32.31,24.87,50.74,1.2,37.4,15.74
2003,3,7,0.0,99.55,28.77,32.57,25.66,55.68,0.94,65.9,16.69
2003,3,8,0.0,99.47,29.07,33.22,25.67,52.43,1.16,4.8,18.02
2003,3,9,0.0,99.6,28.06,32.59,24.35,57.87,0.56,30.8,18.75
2003,3,10,0.0,99.28,27.92,31.63,24.88,55.48,1.58,42.7,16.72
2003,3,11,0.0,99.98,28.15,31.99,25.01,51.51,1.27,16.5,16.03
2003,3,12,0.0,99.34,28.64,32.71,25.31,53.35,1.07,69.7,19.41
2003,3,13,0.0,99.63,27.86,31.86,24.59,50.37,1.17,51.4,18.25
2003,3,14,4.92,99.42,28.62,32.83,25.18,55.82,0.84,77.6,17.89
2003,3,15,0.0,99.74,27.85,31.67,24.72,50.38,1.61,100.6,18.17
2003,3,16,0.0,99.56,27.76,31.71,24.53,50.82,0.93,39.0,16.57
2003,3,17,0.0,99.41,29.76,33.86,26.4,56.08,0.97,68.1,19.68
2003,3,18,0.0,99.18,27.21,31.32,23.85,53.5,1.26,351.4,20.02
2003,3,19,0.0,99.2,28.58,33.38,24.65,53.93,0.43,3.9,19.51
2003,3,20,0.0,99.47,26.73,31.03,23.22,51.59,1.41,54.2,17.18
2003,3,21,0.0,99.76,28.41,32.06,25.42,52.18,1.19,36.8,18.14
2003,3,22,0.0,99.21,29.8,33.59,26.7,52.12,1.41,91.0,16.41
2003,3,23,0.0,99.84,28.61,32.31,25.59,51.54,1.12,63.7,19.9
2003,3,24,0.0,99.69,28.76,33.27,25.07,51.51,0.9,6.6,21.08
2003,3,25,0.0,99.25,27.72,31.49,24.64,50.93,1.27,55.7,18.0
2003,3,26,0.0,99.3,28.4,32.62,24.95,49.57,1.61,34.9,20.83
2003,3,27,0.0,99.31,27.87,32.06,24.44,53.32,1.02,85.6,19.4
2003,3,28,0.0,99.54,29.06,32.71,26.08,50.97,1.56,42.9,18.38
2003,3,29,0.0,99.47,26.82,30.75,23.6,58.39,1.14,40.1,17.55
2003,3,30,0.0,99.46,28.38,32.35,25.13,50.1,1.08,21.9,17.87
2003,3,31,0.0,99.38,27.8,31.4,24.85,52.84,1.6,18.3,19.03
2003,4,1,0.0,99.5,26.81,31.33,23.11,56.15,1.4,29.0,19.0
2003,4,2,0.0,99.61,27.21,31.28,23.88,48.23,0.76,78.9,17.82
2003,4,3,0.0,99.43,26.23,30.68,22.59,56.54,1.22,100.2,20.87
2003,4,4,0.0,99.33,25.01,29.63,21.23,52.21,0.86,98.8,20.97
2003,4,5,4.65,99.51,26.21,30.26,22.9,54.21,1.51,67.4,17.48
2003,4,6,0.0,99.4,26.91,31.01,23.56,56.49,0.98,33.2,20.25
2003,4,7,0.0,99.54,27.18,30.95,24.1,56.98,1.4,21.5,20.31
2003,4,8,0.0,99.41,26.15,30.49,22.6,52.12,1.55,63.6,21.28
2003,4,9,0.18,99.62,26.78,30.74,23.54,54.57,1.57,29.9,17.56
2003,4,10,0.0,99.64,27.12,30.96,23.98,59.01,1.17,115.8,18.87
2003,4,11,0.0,99.63,26.49,30.23,23.43,54.6,1.41,81.9,18.12
2003,4,12,0.0,99.31,26.07,30.03,22.83,53.27,1.15,61.8,19.64
2003,4,13,0.0,99.3,26.25,30.35,22.9,55.98,1.27,69.7,19.37
2003,4,14,0.0,99.55,27.64,31.61,24.39,56.33,1.09,64.3,18.73
2003,4,15,0.0,99.37,25.43,29.46,22.13,56.14,1.49,96.3,23.91
2003,4,16,5.41,99.24,27.16,30.99,24.03,61.39,1.67,76.6,17.9
2003,4,17,5.5,99.11,27.24,31.25,23.96,58.68,1.19,50.9,18.5
2003,4,18,0.0,99.62,26.18,30.17,22.92,59.54,1.21,80.2,21.01
2003,4,19,0.0,99.54,26.69,30.87,23.27,57.08,2.16,65.9,19.55
2003,4,20,0.0,99.32,25.75,29.8,22.44,54.43,1.26,63.1,19.63
2003,4,21,0.0,99.22,26.41,30.26,23.26,63.28,1.87,66.9,20.17
2003,4,22,0.0,99.2,27.7,31.61,24.5,54.9,2.01,73.7,21.13
2003,4,23,0.0,99.34,26.96,30.42,24.13,61.93,1.76,359.2,20.17
2003,4,24,0.0,99.38,25.64,29.75,22.28,59.58,1.82,97.9,18.16
2003,4,25,0.0,99.14,24.99,28.66,21.99,60.52,1.74,103.6,18.86
2003,4,26,0.0,99.07,25.63,29.31,22.62,58.46,1.23,57.7,20.41
2003,4,27,5.96,99.14,25.71,29.27,22.79,63.29,2.18,45.7,18.32
2003,4,28,0.0,99.42,26.18,29.61,23.37,64.07,1.64,132.6,20.15
2003,4,29,0.0,99.27,25.52,28.95,22.72,59.23,2.16,154.9,19.98
2003,4,30,6.76,99.03,26.49,29.82,23.76,65.15,1.87,94.8,17.41
2003,5,1,2.85,98.96,25.34,28.88,22.44,67.88,2.1,131.5,19.36
2003,5,2,0.0,99.11,25.01,28.82,21.89,62.25,2.06,98.4,18.74
2003,5,3,0.0,99.37,25.62,29.17,22.72,64.51,1.81,111.4,17.34
2003,5,4,19.5,98.49,24.88,28.59,21.84,76.02,2.33,97.3,16.16
2003,5,5,19.58,99.02,23.76,27.4,20.78,73.87,1.56,132.6,17.18
2003,5,6,13.3,98.86,23.81,27.16,21.07,74.61,2.57,123.4,17.02
2003,5,7,0.0,98.88,23.76,27.55,20.66,66.48,2.57,157.0,19.26
2003,5,8,0.0,99.24,24.62,28.32,21.59,65.02,2.09,111.4,17.95
2003,5,9,0.0,99.22,25.58,29.2,22.61,69.62,2.32,136.5,21.05
2003,5,10,0.0,99.05,25.11,28.6,22.26,68.84,2.17,149.3,17.81
2003,5,11,0.0,99.29,25.34,28.59,22.68,68.82,1.99,142.8,19.53
2003,5,12,4.22,98.89,23.84,27.06,21.2,71.06,2.32,142.7,17.37
2003,5,13,0.0,99.21,24.26,27.54,21.57,66.08,2.49,176.9,19.08
2003,5,14,26.37,98.41,21.9,25.54,18.92,84.84,2.94,110.1,15.19
2003,5,15,34.34,98.16,23.54,27.09,20.64,84.01,2.4,158.8,18.24
2003,5,16,32.84,98.48,23.74,26.56,21.44,92.04,2.51,125.3,13.91
2003,5,17,15.72,98.83,22.66,25.92,19.99,77.88,3.05,123.9,16.19
2003,5,18,103.23,97.5,23.09,25.57,21.06,96.53,2.78,140.5,13.73
2003,5,19,0.0,99.09,23.7,26.72,21.23,69.64,2.09,164.1,16.47
2003,5,20,2.01,99.3,22.94,25.87,20.55,71.57,2.65,170.0,18.63
2003,5,21,0.0,99.25,23.48,26.72,20.83,72.54,3.02,153.0,20.64
2003,5,22,15.99,98.43,23.42,26.19,21.16,89.14,3.67,185.0,14.83
2003,5,23,0.0,99.27,23.5,26.12,21.35,74.4,2.84,189.8,17.6
2003,5,24,14.25,98.78,22.49,25.37,20.13,88.63,2.01,218.5,16.23
2003,5,25,0.0,98.77,23.8,26.8,21.35,77.87,2.14,158.3,15.76
2003,5,26,0.0,98.99,23.79,26.29,21.74,76.3,2.61,151.2,16.05
2003,5,27,0.0,99.03,23.11,26.38,20.43,77.96,2.54,177.7,14.27
2003,5,28,0.0,98.74,22.91,25.79,20.55,78.84,3.24,137.9,16.84
2003,5,29,0.0,99.05,22.71,25.64,20.32,79.56,3.67,241.1,17.18
2003,5,30,0.0,99.35,23.35,26.55,20.73,82.44,3.28,172.1,17.21
2003,5,31,28.0,98.45,20.71,23.39,18.52,94.76,3.36,160.9,15.21
2003,6,1,79.06,97.5,20.35,23.62,17.67,99.0,3.29,187.3,13.16
2003,6,2,0.0,98.84,22.7,25.55,20.37,85.35,3.2,189.8,16.59
2003,6,3,54.03,97.59,20.19,23.24,17.7,97.84,2.8,195.8,11.43
2003,6,4,12.9,98.37,22.34,25.28,19.94,87.35,3.41,203.7,16.15
2003,6,5,5.01,98.65,22.53,25.52,20.09,85.92,3.0,165.7,18.52
2003,6,6,44.7,97.5,22.5,25.31,20.2,99.0,3.48,204.3,10.53
2003,6,7,46.86,97.76,20.09,22.73,17.93,99.0,3.35,188.2,10.58
2003,6,8,35.33,97.9,21.01,24.3,18.32,98.69,3.21,185.6,11.81
2003,6,9,21.49,98.41,20.84,23.58,18.6,95.1,2.95,225.1,12.9
2003,6,10,41.46,97.81,22.01,24.43,20.03,99.0,3.22,156.4,10.22
2003,6,11,55.4,97.5,21.45,24.57,18.9,99.0,3.05,222.9,11.0
2003,6,12,46.59,97.69,19.24,21.85,17.1,99.0,2.63,254.3,9.93
2003,6,13,16.24,98.27,21.38,23.59,19.57,90.5,2.89,216.7,15.28
2003,6,14,74.5,97.6,20.11,22.56,18.11,99.0,3.44,263.5,12.59
2003,6,15,0.0,98.64,21.8,23.92,20.06,85.37,2.36,229.2,14.66
2003,6,16,23.47,98.12,20.7,23.13,18.71,99.0,4.27,202.2,13.32
2003,6,17,24.13,98.0,21.5,24.62,18.95,99.0,3.19,189.4,13.71
2003,6,18,29.79,97.84,21.94,24.69,19.69,99.0,3.73,209.4,14.66
2003,6,19,156.93,97.5,20.39,23.0,18.25,99.0,2.6,218.0,10.52
2003,6,20,36.66,97.63,20.92,23.36,18.92,99.0,3.07,207.5,11.47
2003,6,21,68.01,97.5,19.48,22.03,17.39,99.0,3.86,238.0,11.53
2003,6,22,52.71,97.52,20.4,23.29,18.04,99.0,3.63,180.9,9.72
2003,6,23,44.77,97.56,20.56,22.63,18.87,99.0,3.34,188.5,10.63
2003,6,24,25.74,97.71,20.23,23.6,17.48,99.0,4.26,226.4,13.66
2003,6,25,0.0,98.98,21.39,23.7,19.5,89.39,2.98,203.7,15.79
2003,6,26,18.59,98.32,19.66,22.13,17.64,97.77,3.95,217.9,12.47
2003,6,27,40.27,97.78,18.91,21.4,16.88,99.0,3.38,188.2,12.11
2003,6,28,61.37,97.5,19.12,21.59,17.1,99.0,3.24,215.8,9.02
2003,6,29,38.93,97.9,19.08,21.41,17.17,99.0,2.83,217.4,10.52
2003,6,30,104.9,97.5,19.92,22.67,17.67,99.0,2.89,208.6,9.15
2003,7,1,0.0,98.91,21.21,24.02,18.91,83.74,3.65,238.0,14.85
2003,7,2,6.88,98.59,21.38,24.14,19.12,91.83,3.63,198.2,14.67
2003,7,3,30.81,97.69,19.17,21.68,17.11,99.0,3.32,268.5,11.7
2003,7,4,73.85,97.5,20.13,22.45,18.23,99.0,3.54,237.0,10.89
2003,7,5,73.15,97.5,19.54,21.97,17.55,99.0,3.57,211.2,10.15
2003,7,6,59.58,97.5,19.45,21.9,17.44,99.0,3.45,145.5,10.08
2003,7,7,29.86,97.81,20.62,22.83,18.82,99.0,3.25,285.1,12.67
2003,7,8,74.4,97.5,19.35,21.87,17.28,99.0,3.83,245.1,11.18
2003,7,9,33.44,97.85,19.06,22.03,16.63,99.0,4.11,260.8,12.34
2003,7,10,94.32,97.5,19.53,21.96,17.54,99.0,3.78,248.3,11.2
2003,7,11,28.67,98.29,19.38,21.99,17.24,99.0,3.8,255.3,13.07
2003,7,12,36.68,97.91,19.74,22.03,17.86,99.0,3.92,237.7,11.28
2003,7,13,14.3,98.42,19.93,22.65,17.71,99.0,3.55,240.9,12.94
2003,7,14,126.05,97.5,20.19,22.49,18.31,99.0,3.39,235.2,11.12
2003,7,15,22.77,98.19,20.58,22.95,18.64,99.0,2.87,252.9,13.38
2003,7,16,50.1,97.5,19.72,22.35,17.57,99.0,3.41,253.5,9.42
2003,7,17,37.33,97.7,18.99,21.21,17.18,99.0,3.37,239.2,10.34
2003,7,18,73.06,97.5,19.22,21.84,17.08,99.0,3.2,252.8,9.59
2003,7,19,46.08,97.67,19.3,22.09,17.02,99.0,3.68,253.9,11.62
2003,7,20,86.02,97.5,19.09,21.65,17.0,99.0,3.51,209.9,8.38
2003,7,21,71.21,97.5,18.0,20.76,15.74,99.0,3.73,207.9,8.79
2003,7,22,42.59,97.8,20.69,22.86,18.91,99.0,3.13,247.5,10.53
2003,7,23,72.36,97.5,19.0,21.66,16.82,99.0,2.96,203.5,10.11
2003,7,24,10.46,98.57,20.97,23.4,18.98,93.7,3.78,233.3,10.68
2003,7,25,0.0,98.58,20.13,22.8,17.95,89.2,3.82,193.2,13.84
2003,7,26,10.91,98.82,21.66,24.67,19.2,91.02,3.16,212.0,13.09
2003,7,27,44.27,97.68,20.28,22.05,18.83,99.0,3.33,144.2,9.67
2003,7,28,11.24,98.39,21.25,23.68,19.26,89.84,3.55,198.5,14.18
2003,7,29,0.0,98.87,21.31,23.3,19.68,83.85,3.64,217.8,13.18
2003,7,30,11.58,98.62,22.32,24.62,20.44,90.43,2.73,190.3,14.02
2003,7,31,0.0,98.88,21.86,24.38,19.8,83.2,3.75,161.9,12.89
2003,8,1,54.11,97.5,18.24,21.15,15.86,99.0,2.84,185.8,9.36
2003,8,2,0.0,98.99,21.38,24.29,19.0,85.55,2.79,197.1,13.67
2003,8,3,8.36,98.52,21.32,24.24,18.93,86.79,3.13,217.7,13.62
2003,8,4,0.0,98.79,21.35,24.23,19.0,88.61,3.1,200.1,15.04
2003,8,5,49.75,97.5,19.72,22.09,17.78,99.0,3.25,172.8,10.86
2003,8,6,0.0,98.73,22.36,25.34,19.92,82.63,3.26,227.2,14.59
2003,8,7,40.33,97.72,19.64,22.24,17.52,99.0,3.82,243.1,12.0
2003,8,8,31.88,98.11,19.88,22.81,17.49,99.0,2.8,171.4,13.44
2003,8,9,55.88,97.5,18.7,21.27,16.6,99.0,3.52,240.2,8.5
2003,8,10,0.0,98.55,20.19,22.99,17.9,78.03,2.52,179.8,15.31
2003,8,11,120.86,97.5,19.32,22.17,16.99,99.0,2.58,197.8,8.82
2003,8,12,9.16,98.59,20.74,23.73,18.3,86.77,2.66,218.9,14.88
2003,8,13,18.29,98.28,20.75,23.43,18.56,90.78,2.25,214.6,11.18
2003,8,14,18.22,98.44,20.53,23.65,17.98,86.29,3.11,168.2,12.14
2003,8,15,0.0,98.57,20.97,23.57,18.84,83.99,3.37,209.7,15.7
2003,8,16,9.31,98.78,21.01,24.46,18.19,81.5,3.22,186.6,14.48
2003,8,17,0.0,98.87,22.17,24.97,19.88,79.72,2.25,165.2,17.06
2003,8,18,39.69,97.88,19.9,22.39,17.86,98.49,3.67,146.4,13.4
2003,8,19,18.93,98.63,21.02,24.05,18.54,87.1,2.81,158.2,14.58
2003,8,20,0.0,98.84,23.43,26.39,21.01,73.95,3.32,181.7,16.71
2003,8,21,0.0,98.99,22.77,25.62,20.44,74.95,2.65,147.5,13.82
2003,8,22,80.86,97.5,20.23,23.72,17.37,91.54,2.61,163.1,11.46
2003,8,23,0.0,99.55,22.3,25.65,19.56,76.45,2.49,138.4,14.9
2003,8,24,0.0,99.06,21.68,24.98,18.98,74.95,3.38,175.3,17.08
2003,8,25,44.65,97.66,20.15,23.08,17.75,99.0,3.09,123.3,11.15
2003,8,26,0.0,99.31,22.09,25.16,19.58,72.04,2.5,208.0,17.07
2003,8,27,0.0,99.19,22.41,25.48,19.9,68.54,2.37,148.7,17.04
2003,8,28,0.0,99.02,22.37,25.13,20.11,75.02,2.74,120.8,16.36
2003,8,29,7.95,98.75,21.35,24.71,18.6,73.97,1.71,122.4,14.27
2003,8,30,0.0,98.8,22.93,26.33,20.15,59.82,1.56,105.7,14.95
2003,8,31,72.73,97.62,20.17,23.53,17.42,92.77,1.96,160.7,12.85
2003,9,1,16.42,98.52,23.31,26.72,20.52,80.54,2.46,138.2,16.02
2003,9,2,70.26,97.5,21.56,24.62,19.06,93.83,2.69,135.8,10.35
2003,9,3,0.0,99.21,21.58,24.73,19.0,65.43,1.78,136.0,14.99
2003,9,4,0.0,99.36,22.62,25.95,19.9,68.93,2.81,101.8,15.64
2003,9,5,0.0,99.01,23.98,27.8,20.86,68.69,1.99,111.4,18.99
2003,9,6,0.0,99.25,23.38,27.15,20.29,68.36,2.33,65.7,17.86
2003,9,7,0.0,99.15,23.03,26.65,20.07,64.53,1.93,169.5,17.23
2003,9,8,0.0,99.18,21.4,25.45,18.09,66.79,2.06,74.8,15.91
2003,9,9,0.0,98.98,22.94,26.59,19.95,68.53,2.77,94.2,18.32
2003,9,10,0.0,99.1,23.29,26.99,20.26,59.75,1.85,102.8,16.84
2003,9,11,41.08,97.92,20.12,24.07,16.89,86.6,1.67,113.4,10.86
2003,9,12,0.0,98.93,23.69,27.44,20.62,67.09,2.26,107.3,14.0
2003,9,13,0.0,99.25,22.82,26.85,19.52,68.45,2.35,116.3,18.49
2003,9,14,0.0,99.07,23.58,27.18,20.63,67.94,1.39,157.5,15.54
2003,9,15,0.0,99.01,23.52,26.95,20.71,65.93,2.08,110.8,14.62
2003,9,16,0.0,98.96,23.3,26.9,20.36,68.22,2.12,67.8,18.43
2003,9,17,0.0,98.92,24.09,27.79,21.06,65.44,2.56,139.8,18.5
2003,9,18,0.0,98.84,23.79,27.19,21.01,55.93,1.73,135.6,17.15
2003,9,19,0.0,99.22,25.54,29.0,22.71,60.93,2.37,102.7,13.89
2003,9,20,0.0,98.73,24.94,28.49,22.03,65.95,1.91,108.8,15.23
2003,9,21,0.0,99.3,23.04,26.42,20.28,60.32,1.72,72.2,15.93
2003,9,22,0.0,99.3,24.63,28.16,21.75,65.19,1.54,119.5,18.45
2003,9,23,13.77,98.86,22.78,26.68,19.59,71.11,1.99,65.5,15.89
2003,9,24,0.0,99.24,23.08,27.0,19.87,66.48,1.35,69.9,15.34
2003,9,25,0.0,99.18,22.91,26.23,20.19,59.86,1.37,107.9,17.51
2003,9,26,0.0,99.28,23.74,27.54,20.63,55.81,2.01,115.3,15.92
2003,9,27,8.34,99.07,24.41,28.11,21.38,64.84,2.47,61.4,13.88
2003,9,28,0.0,99.48,24.2,28.21,20.92,56.78,1.23,75.1,16.83
2003,9,29,0.0,99.53,24.49,28.14,21.5,59.41,1.48,76.0,17.91
2003,9,30,20.92,99.0,21.08,24.47,18.31,64.34,1.87,115.4,13.18
2003,10,1,0.0,99.11,24.06,27.66,21.12,60.67,1.55,75.4,15.24
2003,10,2,0.0,99.39,23.53,26.93,20.75,61.83,1.04,76.6,15.01
2003,10,3,1.74,99.31,23.13,26.24,20.59,62.95,1.43,123.0,15.11
2003,10,4,0.0,99.15,23.51,27.22,20.47,63.42,1.95,45.8,15.76
2003,10,5,0.0,99.11,24.44,28.31,21.27,61.59,1.66,68.6,15.71
2003,10,6,0.0,99.2,24.89,28.67,21.8,58.93,1.91,16.0,15.73
2003,10,7,0.0,99.08,23.83,27.2,21.07,64.32,1.25,23.0,14.52
2003,10,8,0.0,99.02,24.92,28.27,22.18,62.89,1.91,69.8,16.6
2003,10,9,0.0,99.36,25.12,28.89,22.03,60.81,0.99,38.9,12.61
2003,10,10,0.0,99.28,24.81,28.98,21.39,60.8,2.09,53.4,14.05
2003,10,11,0.0,99.28,24.02,28.08,20.7,59.49,2.32,31.1,14.18
2003,10,12,3.21,99.36,24.18,27.8,21.22,66.74,1.28,80.3,13.78
2003,10,13,0.0,99.24,24.92,28.67,21.85,61.6,1.61,108.8,14.86
2003,10,14,0.0,99.42,24.23,28.16,21.01,64.11,1.27,89.3,15.22
2003,10,15,0.0,99.14,25.22,28.86,22.24,56.19,1.88,117.7,14.1
2003,10,16,0.0,99.14,24.02,27.32,21.32,62.35,1.91,55.8,13.81
2003,10,17,0.0,99.27,25.1,27.99,22.74,62.89,1.36,142.2,13.27
2003,10,18,0.0,99.65,25.51,29.22,22.48,58.98,1.66,91.3,15.8
2003,10,19,46.25,98.35,23.19,26.78,20.25,82.33,2.3,60.3,9.83
2003,10,20,1.43,99.43,24.19,27.36,21.59,65.45,2.11,92.9,12.69
2003,10,21,0.0,99.02,23.84,27.08,21.19,64.4,1.98,107.0,13.86
2003,10,22,41.17,98.27,22.6,26.16,19.69,85.69,2.34,119.6,9.23
2003,10,23,2.27,99.36,25.31,28.78,22.47,67.88,2.62,133.7,13.35
2003,10,24,6.42,99.49,24.69,28.7,21.41,68.25,1.99,101.4,14.45
2003,10,25,0.0,98.97,24.71,28.71,21.44,67.17,2.06,97.4,15.55
2003,10,26,0.0,99.41,25.45,28.82,22.69,60.8,1.85,109.5,13.77
2003,10,27,0.0,99.47,23.83,27.84,20.55,64.1,2.03,135.7,12.85
2003,10,28,0.0,99.36,25.08,29.12,21.77,63.78,1.7,80.2,13.55
2003,10,29,7.73,98.84,24.22,27.9,21.21,64.43,1.33,77.3,13.07
2003,10,30,0.0,99.33,24.4,27.74,21.67,68.59,2.28,98.7,13.14
2003,10,31,0.0,99.36,25.03,28.65,22.07,62.37,2.24,132.8,14.05
2003,11,1,8.24,99.11,26.84,29.85,24.38,69.29,2.01,86.8,13.37
2003,11,2,32.99,98.34,24.61,28.04,21.8,80.44,2.03,122.2,7.75
2003,11,3,16.56,98.73,24.09,27.75,21.09,75.94,1.72,113.2,12.45
2003,11,4,0.0,99.37,26.44,30.14,23.41,62.88,2.43,89.1,14.37
2003,11,5,0.0,99.17,24.73,28.2,21.89,62.8,1.51,84.1,14.57
2003,11,6,0.0,99.18,26.76,30.38,23.8,63.51,2.5,110.1,13.09
2003,11,7,0.0,99.28,25.13,28.45,22.41,63.59,2.18,67.2,15.68
2003,11,8,0.0,99.34,25.88,29.88,22.61,61.69,2.07,137.2,12.45
2003,11,9,0.0,99.5,27.32,31.33,24.04,60.93,2.08,140.9,11.02
2003,11,10,0.0,99.1,25.68,29.5,22.56,61.43,2.32,93.1,11.14
2003,11,11,34.76,98.22,25.88,29.44,22.97,81.44,1.71,151.3,9.88
2003,11,12,66.21,97.76,23.99,27.4,21.2,85.33,2.21,102.6,8.82
2003,11,13,4.38,98.9,25.87,29.75,22.69,63.63,1.74,80.6,11.76
2003,11,14,35.21,98.57,24.14,27.85,21.1,78.32,2.06,82.8,12.2
2003,11,15,0.0,98.99,27.22,30.62,24.44,58.52,1.27,86.7,11.53
2003,11,16,0.0,99.48,25.95,29.92,22.7,59.1,1.59,76.1,8.73
2003,11,17,2.69,99.49,27.58,31.15,24.66,63.8,2.5,66.4,15.17
2003,11,18,22.08,98.86,25.1,28.57,22.26,75.72,2.32,118.7,9.47
2003,11,19,0.0,99.04,26.17,30.15,22.91,57.75,2.42,80.9,11.91
2003,11,20,0.0,99.4,27.26,30.78,24.38,61.74,2.21,32.4,13.8
2003,11,21,0.0,99.25,26.54,30.32,23.45,61.29,1.51,152.1,12.79
2003,11,22,0.0,99.18,26.89,31.0,23.52,65.09,1.54,100.2,12.92
2003,11,23,6.34,99.35,25.58,29.68,22.23,69.64,2.09,27.9,12.18
2003,11,24,0.76,99.53,26.86,30.74,23.68,62.73,2.1,38.0,12.09
2003,11,25,0.0,99.65,27.14,30.62,24.29,61.0,2.2,30.5,14.2
2003,11,26,0.0,99.37,28.15,31.83,25.14,60.2,1.72,78.4,12.7
2003,11,27,0.06,99.46,26.67,31.17,22.99,56.39,1.6,86.4,14.48
2003,11,28,0.0,99.74,27.31,31.42,23.95,54.89,2.06,79.2,13.44
2003,11,29,0.0,99.82,27.99,31.79,24.88,53.43,1.01,56.6,12.21
2003,11,30,0.0,99.65,27.23,30.76,24.34,57.93,1.5,52.1,12.78
2003,12,1,0.0,99.4,28.03,31.39,25.28,55.09,1.45,72.1,13.53
2003,12,2,0.0,99.47,29.08,33.31,25.62,59.13,1.43,48.5,12.69
2003,12,3,0.0,99.44,27.41,31.66,23.93,53.47,2.01,65.6,14.12
2003,12,4,0.0,99.61,28.37,32.29,25.17,57.06,1.72,84.8,14.01
2003,12,5,0.0,99.34,27.87,31.69,24.74,53.94,1.52,43.8,11.97
2003,12,6,11.42,99.27,27.71,31.97,24.22,58.24,0.87,98.8,13.36
2003,12,7,0.0,99.56,28.11,31.66,25.2,53.3,1.0,20.8,14.6
2003,12,8,0.0,99.57,28.42,32.94,24.72,53.52,1.73,45.0,13.33
2003,12,9,0.0,99.33,28.43,32.62,25.01,55.04,1.5,56.5,12.57
2003,12,10,0.0,99.56,27.73,31.38,24.75,53.19,1.86,17.8,14.27
2003,12,11,0.0,99.84,27.44,31.66,23.99,52.08,1.1,58.5,13.29
2003,12,12,0.0,99.44,28.18,32.0,25.05,52.23,1.38,64.8,11.79
2003,12,13,0.0,99.58,26.91,30.56,23.92,43.83,1.29,16.6,13.7
2003,12,14,0.0,99.2,28.41,32.65,24.94,53.04,1.67,31.5,14.68
2003,12,15,0.0,99.59,28.55,32.28,25.5,54.03,2.11,31.5,13.1
2003,12,16,0.0,99.58,27.95,31.63,24.94,52.6,1.1,5.6,12.24
2003,12,17,0.0,99.57,28.15,32.33,24.73,54.18,0.53,55.4,13.69
2003,12,18,0.0,99.68,28.8,32.83,25.5,56.19,1.48,41.8,14.26
2003,12,19,0.0,99.5,28.72,33.06,25.17,56.32,1.45,21.4,14.97
2003,12,20,0.0,99.77,28.89,32.88,25.63,55.97,0.59,38.3,15.8
2003,12,21,0.0,99.4,28.82,32.79,25.57,51.4,0.9,45.1,13.17
2003,12,22,0.0,99.82,28.39,31.91,25.51,50.42,1.1,342.4,13.93
2003,12,23,0.0,99.61,28.34,32.56,24.89,51.35,1.69,43.2,14.29
2003,12,24,0.0,99.56,28.68,32.76,25.34,54.52,0.86,22.6,13.98
2003,12,25,18.63,98.85,28.69,33.11,25.08,63.87,1.15,355.4,10.6
2003,12,26,0.0,99.38,28.64,32.94,25.12,50.54,0.5,62.6,14.11
2003,12,27,0.0,99.64,29.4,33.59,25.97,55.62,1.42,21.1,16.33
2003,12,28,0.0,99.45,27.09,30.99,23.9,49.44,0.76,89.2,13.46
2003,12,29,0.0,99.76,28.77,32.76,25.51,51.02,2.06,44.1,14.02
2003,12,30,0.0,99.63,28.63,32.89,25.15,53.02,0.91,42.7,17.95
2003,12,31,0.0,99.33,27.44,31.53,24.09,54.72,1.59,56.8,15.37
2004,1,1,0.0,99.73,27.6,32.11,23.91,55.24,1.4,90.0,13.74
2004,1,2,0.0,99.56,29.0,33.49,25.33,52.85,0.87,23.3,13.23
2004,1,3,0.0,99.59,28.78,32.84,25.46,48.54,1.62,73.6,13.89
2004,1,4,0.0,99.78,29.28,33.43,25.88,54.97,0.43,29.2,12.58
2004,1,5,0.0,99.34,26.93,30.84,23.73,49.09,1.19,31.0,13.95
2004,1,6,0.0,99.39,29.51,33.61,26.16,50.66,1.47,36.6,15.99
2004,1,7,0.0,99.65,29.54,33.93,25.95,49.24,1.11,34.1,15.61
2004,1,8,0.0,99.29,27.83,31.81,24.58,51.75,0.77,31.4,14.15
2004,1,9,0.0,99.49,29.8,33.82,26.51,49.14,1.8,358.7,15.42
2004,1,10,0.0,99.77,30.09,33.89,26.98,53.33,1.16,38.0,15.49
2004,1,11,0.0,99.58,27.92,31.89,24.67,53.17,0.99,30.8,15.43
2004,1,12,0.0,99.35,28.94,33.23,25.43,54.11,0.79,70.3,15.23
2004,1,13,0.0,99.63,29.02,33.08,25.7,52.8,1.24,37.9,13.9
2004,1,14,0.0,99.53,27.64,31.45,24.52,52.63,1.13,350.4,15.56
2004,1,15,0.0,99.47,28.68,32.86,25.26,49.26,1.1,28.5,14.35
2004,1,16,0.0,100.24,29.9,34.01,26.54,50.11,1.84,55.3,14.8
2004,1,17,0.0,99.7,28.33,32.76,24.7,51.72,1.83,357.3,15.87
2004,1,18,0.0,99.55,30.22,34.31,26.88,51.96,1.3,341.7,16.59
2004,1,19,0.0,99.76,29.21,33.06,26.06,51.07,1.47,54.0,14.48
2004,1,20,0.0,99.55,28.4,32.79,24.81,53.57,0.64,66.4,15.47
2004,1,21,0.0,99.51,29.0,32.86,25.84,58.5,1.25,59.7,14.61
2004,1,22,0.0,99.65,27.95,31.72,24.87,53.14,1.31,68.6,12.83
2004,1,23,4.13,99.59,29.11,32.95,25.97,52.4,1.13,11.5,16.41
2004,1,24,0.0,99.77,28.85,32.81,25.61,54.2,1.05,47.3,15.82
2004,1,25,0.0,99.86,28.69,32.29,25.74,50.27,0.91,50.3,14.24
2004,1,26,0.0,99.81,27.98,31.63,24.99,53.01,1.23,71.9,15.82
2004,1,27,0.0,99.75,28.94,33.28,25.39,53.34,1.65,67.9,16.65
2004,1,28,0.0,99.77,29.14,33.22,25.8,52.66,1.71,60.2,14.6
2004,1,29,0.0,99.81,28.04,32.12,24.7,50.36,1.22,23.1,15.55
2004,1,30,0.0,99.73,29.76,33.87,26.4,52.23,1.62,349.0,15.83
2004,1,31,0.0,99.31,29.19,33.47,25.69,50.62,0.86,342.7,14.22
2004,2,1,0.0,99.69,28.4,32.3,25.21,50.6,1.43,55.2,14.96
2004,2,2,0.0,99.84,28.93,33.21,25.43,47.41,1.18,63.6,15.98
2004,2,3,0.0,99.45,29.58,33.73,26.18,51.69,0.96,19.7,15.96
2004,2,4,0.0,99.52,29.95,33.81,26.79,58.1,2.04,59.0,15.89
2004,2,5,0.0,99.58,30.09,34.38,26.58,45.03,1.04,54.6,17.34
2004,2,6,0.0,99.63,30.24,34.38,26.85,45.81,1.08,10.0,17.35
2004,2,7,0.0,99.49,28.04,31.88,24.9,52.2,1.05,71.8,16.38
2004,2,8,0.0,99.6,28.47,32.33,25.32,54.15,1.35,49.3,14.91
2004,2,9,0.0,99.68,27.97,32.22,24.49,48.29,1.74,343.7,16.84
2004,2,10,0.0,99.23,29.71,34.11,26.11,52.66,0.79,27.5,14.85
2004,2,11,0.13,99.6,28.81,33.01,25.37,51.68,1.41,68.4,15.16
2004,2,12,0.0,99.52,29.81,34.18,26.24,50.38,1.36,19.0,15.66
2004,2,13,0.0,99.28,27.92,32.38,24.27,53.14,0.61,69.6,15.53
2004,2,14,0.0,99.69,28.42,32.48,25.1,49.26,1.74,74.2,16.85
2004,2,15,0.0,99.64,28.33,32.5,24.92,54.94,1.33,18.9,17.07
2004,2,16,0.0,99.61,29.74,34.04,26.22,46.74,1.5,11.1,15.12
2004,2,17,0.0,99.69,29.35,33.15,26.24,51.87,0.44,58.5,17.28
2004,2,18,0.0,99.64,27.42,31.82,23.82,52.41,1.79,54.5,16.68
2004,2,19,0.0,99.45,28.5,32.99,24.82,51.65,2.02,56.6,14.85
2004,2,20,0.0,99.71,29.48,33.4,26.28,50.69,1.18,36.7,19.46
2004,2,21,0.0,99.74,29.57,34.48,25.55,53.9,0.96,80.7,16.66
2004,2,22,0.0,99.38,29.06,33.4,25.51,51.01,0.31,65.9,16.32
2004,2,23,0.0,99.73,28.88,32.96,25.55,47.91,0.74,28.5,16.13
2004,2,24,1.22,99.49,28.03,31.58,25.13,50.93,1.56,60.6,16.02
2004,2,25,0.0,99.68,29.46,33.55,26.11,52.46,1.23,45.0,17.44
2004,2,26,0.0,99.59,27.85,32.08,24.39,50.67,0.67,0.6,16.07
2004,2,27,0.0,99.53,27.54,31.74,24.1,51.31,1.82,358.8,17.1
2004,2,28,0.0,99.66,28.79,32.54,25.72,54.4,0.99,40.3,16.0
2004,2,29,0.0,99.5,28.31,32.24,25.09,50.59,0.69,25.4,18.87
2004,3,1,0.0,99.75,29.1,33.4,25.58,52.01,1.27,12.4,17.68
2004,3,2,0.0,99.78,28.9,33.17,25.4,51.75,1.44,30.1,16.69
2004,3,3,0.0,99.46,29.73,34.1,26.16,55.33,0.74,57.4,14.97
2004,3,4,0.0,99.52,28.79,32.93,25.4,52.48,1.14,50.2,16.38
2004,3,5,0.0,99.48,29.22,33.32,25.87,54.62,1.84,41.5,16.65
2004,3,6,0.0,99.62,27.86,32.11,24.38,50.39,0.75,356.4,17.08
2004,3,7,0.0,99.78,28.92,33.05,25.54,57.34,1.4,350.1,19.72
2004,3,8,0.0,99.24,28.2,31.88,25.19,54.79,1.14,79.7,18.3
2004,3,9,0.0,99.29,28.01,32.53,24.31,57.14,1.47,40.5,17.84
2004,3,10,0.0,99.52,27.69,32.04,24.13,53.09,0.87,65.6,18.54
2004,3,11,0.0,99.57,29.37,33.59,25.92,50.87,1.36,46.7,19.33
2004,3,12,0.0,99.36,28.25,31.97,25.21,51.97,0.92,22.3,19.06
2004,3,13,0.0,99.56,27.67,32.0,24.13,53.24,0.52,32.2,19.29
2004,3,14,0.0,99.39,28.66,32.63,25.41,53.25,0.75,76.3,18.32
2004,3,15,0.0,99.44,27.84,32.16,24.31,51.6,1.21,60.4,19.31
2004,3,16,0.0,99.75,27.55,31.79,24.08,52.76,1.38,22.5,15.16
2004,3,17,0.0,99.46,30.11,34.1,26.84,53.57,1.76,69.6,19.62
2004,3,18,0.0,99.45,27.19,31.56,23.61,50.63,1.44,23.5,18.37
2004,3,19,0.0,99.54,29.3,33.05,26.23,51.95,1.9,56.3,17.9
2004,3,20,0.0,99.71,27.39,31.48,24.04,56.79,1.23,359.5,19.2
2004,3,21,0.0,99.5,28.35,32.88,24.64,56.47,1.53,40.4,19.52
2004,3,22,0.0,99.4,27.8,32.0,24.36,50.96,0.95,53.4,21.85
2004,3,23,0.0,99.6,28.34,32.66,24.81,58.57,1.45,30.8,19.18
2004,3,24,0.0,99.64,26.82,30.9,23.48,51.12,1.19,68.8,18.45
2004,3,25,0.0,99.7,26.68,30.73,23.36,54.58,1.16,14.0,18.99
2004,3,26,0.0,99.48,28.23,31.95,25.19,57.25,1.37,69.2,19.75
2004,3,27,0.0,99.57,26.4,30.41,23.12,51.4,0.82,57.8,16.28
2004,3,28,2.13,99.57,26.69,30.92,23.23,51.75,1.49,27.5,19.36
2004,3,29,0.0,99.51,27.49,31.23,24.43,55.22,1.64,3.8,20.33
2004,3,30,0.0,99.71,26.59,30.36,23.51,53.77,1.11,94.6,19.02
2004,3,31,0.0,99.58,26.63,30.77,23.24,53.12,1.46,50.2,19.11
2004,4,1,0.0,99.8,27.11,31.36,23.63,50.43,1.87,36.5,17.69
2004,4,2,0.0,99.62,25.82,30.39,22.08,58.06,1.7,41.5,18.46
2004,4,3,0.0,99.11,26.31,30.24,23.09,55.23,1.37,25.9,18.6
2004,4,4,0.0,99.38,28.18,32.11,24.96,56.6,1.58,72.4,20.04
2004,4,5,0.0,99.15,27.85,32.07,24.39,58.11,2.01,58.6,20.43
2004,4,6,0.0,99.32,28.71,32.85,25.32,50.16,1.55,16.7,21.27
2004,4,7,0.0,99.36,27.49,31.4,24.29,55.72,1.83,58.4,20.04
2004,4,8,0.0,99.58,27.92,31.88,24.68,51.17,1.79,21.2,17.57
2004,4,9,0.0,99.34,26.66,30.45,23.56,57.73,1.54,81.3,21.24
2004,4,10,0.0,99.66,26.76,30.39,23.79,59.62,2.01,38.9,18.3
2004,4,11,0.0,99.29,27.12,31.02,23.93,55.83,1.15,94.2,19.68
2004,4,12,0.0,99.35,25.44,29.79,21.88,56.14,1.71,104.1,18.73
2004,4,13,0.0,99.17,27.08,30.8,24.04,58.2,1.36,53.4,19.5
2004,4,14,0.0,99.65,26.2,29.71,23.33,58.2,1.93,44.0,20.51
2004,4,15,0.0,99.66,26.25,29.86,23.29,56.54,1.6,25.8,20.03
2004,4,16,1.47,99.31,27.14,31.16,23.85,60.25,1.99,15.4,18.62
2004,4,17,0.0,99.1,25.35,29.33,22.1,57.12,1.94,28.5,20.52
2004,4,18,0.0,99.32,26.4,30.59,22.97,58.97,1.52,57.1,21.93
2004,4,19,0.0,99.39,26.61,30.73,23.24,54.95,1.91,6.9,19.77
2004,4,20,5.82,99.08,25.62,29.51,22.43,65.26,1.9,96.7,18.41
2004,4,21,0.0,99.75,26.17,30.14,22.92,56.77,1.68,91.4,20.7
2004,4,22,0.0,99.65,26.13,29.7,23.21,60.5,2.11,93.6,18.47
2004,4,23,7.33,98.81,26.33,30.28,23.1,60.9,1.77,115.2,18.86
2004,4,24,30.43,98.33,24.57,28.28,21.54,75.95,1.55,52.0,16.24
2004,4,25,6.76,99.2,24.69,28.64,21.46,63.18,1.98,56.0,20.9
2004,4,26,0.0,99.09,25.35,29.16,22.23,62.83,2.08,121.1,19.51
2004,4,27,0.0,99.3,25.43,28.97,22.53,65.98,0.81,76.1,18.71
2004,4,28,0.0,99.26,25.03,28.38,22.29,60.2,2.88,105.5,18.79
2004,4,29,4.53,99.13,25.46,28.95,22.6,62.78,3.08,36.9,15.88
2004,4,30,0.0,99.42,25.53,29.19,22.54,66.27,1.73,130.0,18.85
2004,5,1,0.0,99.55,25.4,28.76,22.65,61.89,2.32,112.6,19.52
2004,5,2,0.0,99.28,24.63,28.14,21.76,70.93,1.71,63.5,18.69
2004,5,3,0.0,98.98,25.26,29.09,22.13,62.01,1.53,149.6,17.8
2004,5,4,2.45,99.15,25.89,29.72,22.76,68.92,2.02,115.8,19.58
2004,5,5,0.0,99.07,25.2,28.81,22.25,61.81,1.71,168.6,18.86
2004,5,6,0.0,99.52,25.66,29.49,22.53,63.84,2.48,59.8,21.15
2004,5,7,0.0,99.28,24.89,27.97,22.37,64.52,2.65,130.5,17.89
2004,5,8,0.0,99.21,24.28,28.04,21.21,66.17,3.03,106.6,18.6
2004,5,9,0.0,99.25,25.24,28.24,22.79,70.75,2.42,118.3,18.27
2004,5,10,0.0,99.11,23.57,26.92,20.83,68.91,2.77,134.0,17.83
2004,5,11,60.96,97.83,22.07,25.16,19.54,94.8,2.63,82.5,14.37
2004,5,12,42.32,97.93,22.59,26.08,19.73,94.45,2.63,195.0,14.45
2004,5,13,0.0,99.25,24.75,27.58,22.43,67.99,2.19,187.6,18.37
2004,5,14,0.0,99.35,25.1,27.85,22.85,71.04,2.51,148.4,18.15
2004,5,15,34.21,98.05,23.34,26.37,20.86,94.15,2.51,108.2,15.95
2004,5,16,44.52,97.99,22.77,25.76,20.33,92.08,2.91,140.0,15.78
2004,5,17,28.86,98.39,23.4,26.4,20.94,90.5,1.92,157.5,14.3
2004,5,18,0.0,98.83,24.57,27.52,22.16,71.53,3.16,134.7,17.59
2004,5,19,105.06,97.5,20.98,24.28,18.28,93.43,2.7,180.7,13.22
2004,5,20,20.09,98.33,24.44,27.51,21.93,84.83,2.58,163.5,16.21
2004,5,21,23.11,98.4,23.47,26.96,20.61,84.73,3.0,160.0,16.45
2004,5,22,61.32,97.55,21.41,24.52,18.87,99.0,2.9,186.5,11.79
2004,5,23,36.4,97.99,22.26,25.52,19.59,88.21,3.0,118.9,13.86
2004,5,24,22.86,98.73,21.55,24.71,18.97,90.6,3.47,147.5,16.27
2004,5,25,55.09,97.76,21.13,23.86,18.9,99.0,2.32,169.0,11.6
2004,5,26,0.0,99.02,22.99,25.8,20.69,76.19,2.51,153.5,17.28
2004,5,27,1.89,98.81,22.79,26.0,20.16,73.34,2.86,137.0,15.81
2004,5,28,35.02,98.06,22.26,24.69,20.27,98.86,3.63,146.2,16.35
2004,5,29,108.71,97.61,21.09,24.12,18.61,99.0,3.42,180.9,12.13
2004,5,30,50.55,97.81,20.11,22.94,17.79,99.0,3.1,190.4,13.82
2004,5,31,18.96,98.58,21.3,23.96,19.12,93.26,3.41,249.6,15.1
2004,6,1,28.64,98.12,20.29,23.06,18.02,99.0,3.52,217.3,14.86
2004,6,2,41.88,97.74,21.69,24.97,19.01,99.0,3.43,158.1,13.24
2004,6,3,105.92,97.5,20.52,22.86,18.6,99.0,3.67,225.5,12.75
2004,6,4,0.0,98.96,23.15,25.61,21.13,73.21,3.34,194.1,17.51
2004,6,5,53.91,97.5,22.75,25.0,20.91,98.78,3.49,190.2,11.24
2004,6,6,32.04,98.05,20.58,23.23,18.41,97.01,3.51,177.1,13.16
2004,6,7,34.33,97.91,21.29,23.87,19.18,99.0,3.19,153.3,14.25
2004,6,8,61.15,97.5,21.38,24.16,19.1,99.0,3.32,199.7,13.57
2004,6,9,31.54,98.25,20.71,23.3,18.59,99.0,3.58,164.9,12.91
2004,6,10,44.92,97.94,20.22,23.06,17.9,99.0,3.04,194.4,11.4
2004,6,11,0.0,98.94,22.57,25.05,20.54,83.1,3.16,236.6,14.7
2004,6,12,93.11,97.5,21.92,25.18,19.25,99.0,3.35,234.5,11.79
2004,6,13,9.69,98.56,22.15,24.99,19.82,90.5,3.49,200.3,15.26
2004,6,14,46.87,97.5,19.57,22.37,17.28,99.0,3.48,236.6,11.77
2004,6,15,5.92,98.52,21.24,24.06,18.93,88.36,3.5,217.6,15.73
2004,6,16,23.48,98.28,20.65,23.0,18.73,98.41,3.58,253.4,14.18
2004,6,17,2.58,98.54,20.5,23.06,18.41,86.84,3.46,179.7,15.7
2004,6,18,50.62,97.5,19.72,22.28,17.63,99.0,3.31,210.7,11.8
2004,6,19,38.5,97.61,20.24,22.71,18.22,99.0,3.6,201.9,13.07
2004,6,20,11.23,98.6,21.31,23.8,19.27,95.37,3.84,228.1,15.45
2004,6,21,72.1,97.5,18.67,21.48,16.37,99.0,3.94,227.6,10.64
2004,6,22,23.39,97.77,20.94,23.49,18.85,93.16,2.88,218.9,13.56
2004,6,23,71.47,97.54,18.9,21.54,16.74,99.0,3.27,283.0,9.46
2004,6,24,34.71,98.06,19.99,22.07,18.28,99.0,4.02,189.1,11.49
2004,6,25,85.11,97.5,18.99,21.05,17.31,99.0,3.57,198.3,11.63
2004,6,26,116.87,97.5,20.27,22.54,18.41,99.0,2.99,250.6,9.37
2004,6,27,95.78,97.5,18.95,21.92,16.52,99.0,4.17,235.1,8.86
2004,6,28,65.24,97.5,20.33,23.4,17.82,99.0,4.1,201.4,10.98
2004,6,29,28.29,98.04,20.32,23.1,18.05,99.0,3.28,262.8,13.26
2004,6,30,125.53,97.5,19.61,22.0,17.65,99.0,3.29,228.3,10.31
2004,7,1,24.87,98.19,20.35,22.96,18.21,99.0,4.88,229.5,13.71
2004,7,2,39.48,97.91,19.08,21.92,16.76,99.0,3.41,211.8,9.35
2004,7,3,142.17,97.5,19.51,22.5,17.06,99.0,4.23,241.4,10.47
2004,7,4,84.91,97.5,18.89,21.05,17.12,99.0,4.36,196.4,9.57
2004,7,5,101.21,97.5,19.39,21.92,17.32,99.0,3.23,207.6,9.49
2004,7,6,82.1,97.5,19.57,21.96,17.62,99.0,3.43,254.5,10.97
2004,7,7,138.49,97.5,20.46,23.1,18.3,99.0,4.17,156.6,11.12
2004,7,8,72.62,97.5,19.44,21.93,17.4,99.0,3.26,213.2,8.99
2004,7,9,98.47,97.5,19.76,21.96,17.96,99.0,3.37,245.9,10.8
2004,7,10,105.84,97.5,19.54,22.12,17.43,99.0,3.71,270.5,11.34
2004,7,11,71.79,97.5,18.9,21.18,17.03,99.0,3.73,234.4,9.71
2004,7,12,40.31,97.61,19.91,22.38,17.89,99.0,4.19,253.0,11.15
2004,7,13,0.0,98.7,20.94,23.42,18.91,88.64,3.99,247.5,15.1
2004,7,14,56.56,97.5,18.73,21.67,16.32,99.0,3.85,209.9,8.65
2004,7,15,19.3,98.17,19.48,22.05,17.38,99.0,3.71,217.9,11.61
2004,7,16,60.17,97.5,19.47,21.94,17.45,99.0,3.36,231.0,12.73
2004,7,17,78.27,97.5,18.61,21.31,16.4,99.0,4.21,283.1,9.47
2004,7,18,67.58,97.5,19.45,21.71,17.6,99.0,3.79,237.5,7.6
2004,7,19,34.96,97.91,19.62,22.16,17.54,99.0,3.98,222.1,11.95
2004,7,20,0.0,98.76,20.82,23.51,18.62,85.01,3.8,187.3,15.41
2004,7,21,48.03,97.5,18.5,21.19,16.3,99.0,3.74,212.5,8.04
2004,7,22,0.0,98.38,21.94,24.33,19.98,86.5,3.72,211.7,14.1
2004,7,23,0.0,98.79,20.77,23.42,18.6,77.02,3.67,239.6,15.65
2004,7,24,50.13,97.56,20.16,22.91,17.91,99.0,3.59,203.2,10.93
2004,7,25,0.0,98.93,20.49,22.82,18.59,80.41,3.4,220.7,14.4
2004,7,26,16.58,98.27,21.48,23.9,19.5,99.0,3.81,222.0,12.08
2004,7,27,0.0,98.63,21.16,23.68,19.1,86.19,4.01,220.5,16.12
2004,7,28,50.61,97.5,19.72,22.98,17.05,99.0,3.66,195.3,8.82
2004,7,29,75.56,97.5,18.23,20.66,16.24,99.0,4.15,196.6,12.3
2004,7,30,0.0,98.69,20.25,22.99,18.01,79.15,3.34,218.6,15.58
2004,7,31,0.0,99.27,21.37,23.94,19.27,84.89,4.31,190.9,13.88
2004,8,1,0.0,99.01,20.51,22.94,18.52,80.55,3.63,157.4,14.6
2004,8,2,64.02,97.5,20.18,23.08,17.81,99.0,2.38,208.9,9.43
2004,8,3,53.52,97.5,19.54,21.88,17.63,99.0,4.13,146.6,10.35
2004,8,4,100.19,97.5,18.86,22.0,16.29,99.0,3.02,194.7,10.02
2004,8,5,10.89,98.79,20.27,22.75,18.24,82.34,3.43,166.9,15.09
2004,8,6,7.36,99.03,20.89,23.49,18.76,86.67,3.51,186.5,14.48
2004,8,7,79.21,97.5,19.02,21.98,16.6,99.0,3.31,239.9,10.1
2004,8,8,7.13,98.7,21.52,24.55,19.04,81.2,3.21,206.8,14.28
2004,8,9,40.53,97.92,19.82,22.73,17.44,99.0,2.98,170.9,12.69
2004,8,10,25.2,98.22,21.35,24.07,19.12,92.73,2.99,147.1,14.51
2004,8,11,32.29,98.1,20.73,23.18,18.72,99.0,3.61,129.1,11.16
2004,8,12,41.15,97.85,19.37,22.26,17.01,99.0,2.74,141.4,12.91
2004,8,13,28.4,98.26,20.24,22.94,18.03,96.62,3.11,151.1,14.61
2004,8,14,17.41,98.09,20.42,24.04,17.46,92.84,3.32,139.8,13.33
2004,8,15,92.0,97.5,19.16,22.18,16.69,99.0,2.62,182.9,10.47
2004,8,16,0.0,98.69,20.56,23.21,18.39,77.2,3.16,166.0,15.42
2004,8,17,29.31,98.31,21.35,24.29,18.95,88.95,3.35,210.2,13.74
2004,8,18,24.68,98.17,21.83,25.09,19.16,84.15,3.05,133.3,12.89
2004,8,19,48.86,97.5,19.32,22.72,16.54,95.53,3.3,150.5,12.84
2004,8,20,21.39,98.09,20.4,23.41,17.93,86.69,2.83,108.8,11.17
2004,8,21,33.29,98.21,21.13,24.22,18.6,98.63,2.48,156.6,12.85
2004,8,22,80.37,97.5,19.55,22.85,16.85,94.73,2.71,99.0,10.78
2004,8,23,26.25,98.3,22.02,24.93,19.64,87.71,2.22,117.8,13.0
2004,8,24,17.75,98.83,21.02,24.31,18.33,83.07,3.6,144.9,15.1
2004,8,25,0.0,99.06,20.79,24.08,18.09,72.41,2.66,59.6,16.24
2004,8,26,0.0,98.91,22.25,25.64,19.48,76.3,1.91,121.9,16.5
2004,8,27,0.0,98.8,21.98,25.23,19.32,74.55,2.35,124.5,16.76
2004,8,28,17.1,98.68,21.87,24.72,19.53,79.75,2.48,159.9,16.98
2004,8,29,76.55,97.51,20.27,23.64,17.51,90.1,2.04,148.8,14.14
2004,8,30,0.0,99.15,22.97,26.06,20.44,67.78,2.0,129.7,15.3
2004,8,31,16.13,98.22,22.28,26.11,19.15,77.85,2.33,106.5,13.61
2004,9,1,54.93,97.9,20.91,24.77,17.76,88.43,2.63,118.3,11.14
2004,9,2,55.45,97.5,20.87,23.95,18.35,92.49,2.76,142.7,10.53
2004,9,3,5.17,98.87,22.59,25.77,19.99,68.46,2.79,129.6,16.57
2004,9,4,0.0,99.34,21.88,24.68,19.59,71.42,2.11,157.6,16.42
2004,9,5,0.0,98.7,23.19,26.85,20.2,68.56,1.29,115.8,17.45
2004,9,6,35.07,98.22,22.08,25.4,19.37,81.84,2.95,120.1,13.34
2004,9,7,8.31,98.86,22.94,26.51,20.02,74.49,2.16,79.9,16.61
2004,9,8,0.0,99.12,22.95,26.31,20.2,61.69,2.05,102.6,17.6
2004,9,9,0.0,99.2,23.56,26.65,21.03,69.51,2.66,112.3,15.72
2004,9,10,18.3,98.69,22.64,26.24,19.69,76.79,2.05,103.3,12.83
2004,9,11,0.0,98.91,23.76,27.68,20.56,70.56,2.33,153.2,16.54
2004,9,12,12.02,98.88,22.77,26.34,19.85,63.44,2.21,65.7,15.05
2004,9,13,0.0,99.16,22.37,25.68,19.66,64.0,1.62,90.5,17.08
2004,9,14,0.0,99.16,23.3,26.87,20.38,63.22,1.66,143.6,17.21
2004,9,15,46.01,98.41,20.98,24.74,17.9,83.26,1.97,117.4,11.85
2004,9,16,43.01,98.35,21.49,25.07,18.56,87.48,2.03,101.3,13.57
2004,9,17,21.67,98.98,22.78,26.12,20.04,73.46,1.78,59.0,15.46
2004,9,18,0.25,99.26,24.33,28.54,20.88,66.36,1.76,98.6,15.29
2004,9,19,16.97,99.11,23.48,26.73,20.82,68.69,1.95,85.9,13.76
2004,9,20,0.0,99.06,23.89,28.19,20.37,56.38,1.7,121.6,17.26
2004,9,21,14.77,98.79,24.08,27.74,21.08,67.58,2.29,93.1,14.26
2004,9,22,0.0,99.12,23.88,27.82,20.65,62.98,2.05,133.2,18.26
2004,9,23,0.0,99.14,24.04,27.8,20.96,64.02,1.73,143.9,16.13
2004,9,24,0.0,99.24,23.68,27.15,20.84,58.39,2.14,96.6,17.45
2004,9,25,0.0,99.28,23.25,27.33,19.91,62.41,2.41,98.4,15.58
2004,9,26,0.0,99.32,24.43,28.32,21.25,61.83,1.97,82.6,15.62
2004,9,27,0.0,99.56,22.99,26.69,19.97,61.34,1.35,41.4,14.47
2004,9,28,0.0,98.98,23.48,27.41,20.27,65.59,2.49,42.1,15.71
2004,9,29,0.0,99.04,24.3,27.99,21.28,59.85,2.52,111.4,15.2
2004,9,30,12.74,98.5,23.12,26.24,20.56,65.01,2.36,124.7,13.15
2004,10,1,0.0,99.11,24.28,27.54,21.61,60.83,2.13,70.0,15.9
2004,10,2,0.0,99.18,24.41,28.13,21.36,60.17,2.08,77.1,17.57
2004,10,3,14.14,98.78,23.39,27.03,20.41,70.95,1.94,77.7,13.7
2004,10,4,0.0,99.06,24.43,28.13,21.4,60.71,1.93,63.3,15.48
2004,10,5,0.0,99.28,24.46,28.09,21.49,61.45,1.45,148.6,17.63
2004,10,6,0.0,99.2,23.67,27.08,20.88,60.01,1.47,76.1,16.06
2004,10,7,0.0,99.11,24.89,28.23,22.16,54.5,1.57,118.5,14.96
2004,10,8,0.0,99.3,23.12,26.6,20.27,61.51,1.15,24.3,13.92
2004,10,9,29.84,98.42,24.7,28.62,21.5,80.82,1.45,122.0,12.01
2004,10,10,0.0,99.48,24.99,28.47,22.14,62.86,1.93,147.1,14.15
2004,10,11,0.0,99.24,25.37,29.35,22.11,57.11,1.09,98.6,14.21
2004,10,12,31.2,98.43,23.91,27.31,21.12,77.7,1.58,110.4,11.72
2004,10,13,1.58,99.28,24.63,28.64,21.35,61.81,1.87,118.5,14.05
2004,10,14,0.0,98.91,24.22,27.75,21.33,63.34,1.68,107.4,12.74
2004,10,15,3.82,99.39,24.63,28.21,21.7,64.44,1.85,87.9,14.19
2004,10,16,0.0,99.41,25.42,29.0,22.49,53.66,2.1,71.0,13.91
2004,10,17,19.5,98.64,23.51,27.33,20.39,70.09,2.36,115.5,12.01
2004,10,18,28.51,98.36,23.88,27.6,20.84,77.07,1.73,61.1,11.79
2004,10,19,14.23,98.73,23.11,26.79,20.1,68.56,1.9,114.9,12.3
2004,10,20,0.0,99.02,24.41,28.02,21.45,62.14,1.19,68.1,14.44
2004,10,21,0.0,98.97,24.42,27.89,21.58,61.52,2.27,66.1,13.95
2004,10,22,0.0,99.01,26.23,30.15,23.02,62.32,1.72,40.4,13.75
2004,10,23,0.0,98.8,24.16,27.8,21.18,65.32,2.19,84.4,13.48
2004,10,24,6.44,99.05,25.16,28.93,22.08,70.03,1.95,129.2,12.09
2004,10,25,0.0,99.25,26.29,29.95,23.3,62.89,2.92,118.2,14.28
2004,10,26,0.0,99.51,25.92,29.41,23.07,65.07,2.78,87.6,14.65
2004,10,27,0.0,99.45,26.32,30.58,22.84,64.68,2.32,76.7,12.76
2004,10,28,31.06,98.37,25.23,29.16,22.01,84.49,2.25,147.5,11.09
2004,10,29,0.0,99.24,25.39,28.83,22.57,65.5,2.19,40.2,12.52
2004,10,30,10.78,99.21,25.3,29.46,21.9,75.37,1.92,100.9,10.76
2004,10,31,0.0,99.2,25.58,29.43,22.43,65.62,1.8,70.4,12.14
2004,11,1,0.0,99.32,25.83,29.12,23.14,59.13,1.74,105.9,11.77
2004,11,2,0.0,99.18,25.83,29.66,22.69,67.4,1.85,105.2,14.76
2004,11,3,0.0,99.3,26.79,30.5,23.76,66.17,2.25,128.5,12.54
2004,11,4,0.0,99.31,25.85,29.49,22.87,66.05,1.99,134.8,12.93
2004,11,5,0.0,99.24,25.03,28.91,21.86,59.78,1.3,46.1,13.94
2004,11,6,0.0,99.5,26.17,29.87,23.14,66.41,3.05,78.7,11.75
2004,11,7,0.0,99.15,26.32,29.38,23.82,66.0,2.0,101.7,12.01
2004,11,8,0.0,99.33,25.29,28.53,22.64,59.17,2.87,129.1,12.03
2004,11,9,0.0,99.64,25.32,28.71,22.55,64.92,1.89,114.1,11.74
2004,11,10,0.0,99.38,26.65,30.83,23.23,63.58,1.94,62.6,13.25
2004,11,11,0.0,99.19,25.67,29.49,22.54,62.6,2.37,101.8,14.73
2004,11,12,0.0,99.4,25.81,29.61,22.7,62.13,1.89,117.7,14.09
2004,11,13,15.89,99.38,25.21,28.9,22.19,65.55,2.14,68.5,9.49
2004,11,14,0.0,99.35,26.4,29.82,23.6,61.71,1.85,71.9,13.54
2004,11,15,0.73,99.48,27.04,30.32,24.35,64.23,1.77,75.2,14.46
2004,11,16,0.0,99.36,26.83,30.8,23.58,59.08,2.52,69.8,11.92
2004,11,17,0.0,99.42,26.1,30.26,22.69,60.96,1.46,82.0,11.35
2004,11,18,0.0,99.36,27.42,31.33,24.22,59.41,1.7,86.3,14.18
2004,11,19,0.0,99.2,27.16,30.76,24.22,59.35,2.57,84.8,12.98
2004,11,20,0.0,99.46,27.31,30.94,24.34,55.11,1.73,96.4,13.46
2004,11,21,0.0,99.18,27.36,31.31,24.13,61.8,1.27,72.5,13.15
2004,11,22,0.0,99.35,26.39,30.13,23.33,59.7,2.05,51.2,13.96
2004,11,23,0.08,99.75,26.17,29.92,23.11,57.09,1.78,52.3,13.61
2004,11,24,0.0,99.41,26.65,30.3,23.66,62.38,1.94,91.1,13.22
2004,11,25,21.46,98.72,26.78,30.41,23.81,72.92,1.77,54.1,11.91
2004,11,26,0.0,99.48,26.19,29.99,23.08,58.22,1.31,84.6,14.19
2004,11,27,0.0,99.34,26.16,29.57,23.37,61.6,1.79,85.5,13.65
2004,11,28,0.0,99.47,25.87,29.9,22.57,62.22,2.16,99.8,12.68
2004,11,29,6.83,99.07,26.05,29.41,23.3,58.61,1.47,43.2,12.98
2004,11,30,3.51,99.51,26.57,30.75,23.15,56.0,1.3,44.0,13.66
2004,12,1,0.0,99.49,27.41,31.17,24.34,50.66,1.55,90.2,13.76
2004,12,2,19.74,98.8,25.79,29.67,22.62,65.5,1.52,12.6,12.61
2004,12,3,11.14,99.27,27.46,31.54,24.12,61.39,1.46,80.2,13.4
2004,12,4,7.86,99.64,27.22,31.08,24.06,55.84,2.03,91.1,13.2
2004,12,5,0.0,99.35,26.13,29.88,23.06,53.47,1.64,9.1,13.34
2004,12,6,0.0,99.64,27.61,31.65,24.3,57.64,2.16,62.7,14.23
2004,12,7,0.0,99.58,27.77,32.35,24.03,56.07,1.6,43.7,11.56
2004,12,8,0.0,99.58,29.07,33.27,25.63,52.97,1.63,98.2,15.64
2004,12,9,0.0,99.68,27.95,31.73,24.85,58.35,2.31,103.0,16.38
2004,12,10,0.0,99.47,26.59,30.5,23.39,50.9,1.59,122.2,14.16
2004,12,11,0.0,99.55,28.04,31.92,24.87,55.87,1.35,94.8,13.91
2004,12,12,0.0,99.55,28.05,31.79,24.99,53.63,1.08,93.0,14.3
2004,12,13,0.0,99.38,28.4,32.59,24.97,54.37,1.1,125.3,15.1
2004,12,14,0.0,99.62,29.87,33.82,26.64,54.78,1.25,54.3,15.66
2004,12,15,0.0,99.48,27.69,31.82,24.31,57.13,1.3,67.1,15.19
2004,12,16,0.0,99.88,27.66,30.99,24.93,55.61,0.6,92.9,16.0
2004,12,17,0.0,99.46,28.49,32.74,25.02,56.55,1.37,45.4,15.09
2004,12,18,1.68,99.28,29.41,33.31,26.22,51.43,0.33,26.1,16.58
2004,12,19,0.0,99.76,28.71,32.5,25.61,52.43,1.85,29.5,15.11
2004,12,20,0.0,99.43,28.04,31.75,25.01,50.47,0.63,37.3,14.02
2004,12,21,0.0,99.35,29.0,32.83,25.87,49.36,1.41,44.3,12.19
2004,12,22,0.0,99.64,29.61,33.58,26.37,55.45,1.39,26.6,14.18
2004,12,23,0.0,99.81,27.85,32.18,24.31,47.35,1.84,357.3,14.52
2004,12,24,0.0,99.71,27.72,31.69,24.47,51.11,1.38,79.3,15.07
2004,12,25,0.0,99.47,28.49,32.85,24.92,51.14,1.28,107.9,14.04
2004,12,26,0.0,99.6,28.7,32.88,25.28,52.01,1.43,2.9,14.37
2004,12,27,0.0,99.53,29.49,34.09,25.73,49.34,1.11,8.7,12.09
2004,12,28,0.0,99.88,28.22,32.19,24.98,50.42,1.11,24.1,16.06
2004,12,29,0.0,99.5,28.86,33.08,25.41,57.65,1.38,7.3,16.05
2004,12,30,0.0,99.6,29.69,34.14,26.05,51.65,1.19,29.8,15.46
2004,12,31,14.61,99.25,28.2,32.48,24.7,57.9,1.54,41.7,13.77
2005,1,1,0.0,99.38,28.38,32.46,25.04,52.66,0.94,54.6,15.03
2005,1,2,0.0,99.56,29.08,33.07,25.81,52.21,1.63,30.4,14.7
2005,1,3,0.0,99.56,28.47,32.06,25.53,57.39,1.45,81.7,16.46
2005,1,4,0.0,99.84,28.96,33.02,25.64,51.24,1.28,12.7,14.05
2005,1,5,0.0,99.63,28.61,32.48,25.44,53.37,0.68,23.9,12.7
2005,1,6,0.0,99.53,28.66,32.64,25.41,48.64,1.59,105.5,15.13
2005,1,7,0.0,99.57,28.5,32.64,25.11,49.99,2.01,46.9,15.94
2005,1,8,0.0,99.58,28.4,32.1,25.38,50.26,1.09,53.0,14.84
2005,1,9,0.0,99.59,29.51,33.36,26.36,47.85,1.59,16.9,16.27
2005,1,10,0.0,99.76,28.97,33.2,25.51,52.14,1.22,45.3,16.87
2005,1,11,0.0,99.77,29.74,33.52,26.65,52.71,0.85,41.8,15.23
2005,1,12,0.0,99.42,27.29,31.4,23.93,52.36,0.98,43.1,17.28
2005,1,13,0.0,99.79,28.52,32.26,25.46,47.49,1.23,49.9,12.36
2005,1,14,0.0,99.73,28.38,32.65,24.89,49.3,1.44,76.3,13.87
2005,1,15,0.0,99.59,28.73,33.04,25.21,50.9,0.71,4.8,16.16
2005,1,16,0.0,99.33,28.2,32.66,24.55,48.74,1.0,56.6,15.86
2005,1,17,0.0,99.64,27.8,32.27,24.15,46.29,1.28,47.1,14.36
2005,1,18,0.0,99.54,29.41,33.61,25.97,54.69,0.79,59.5,14.95
2005,1,19,0.0,99.7,28.53,32.17,25.55,56.24,1.41,67.3,17.85
2005,1,20,0.0,99.72,29.35,33.48,25.97,55.21,1.92,34.2,16.75
2005,1,21,0.0,99.84,28.14,32.39,24.66,52.83,1.23,34.3,12.51
2005,1,22,0.0,99.41,27.83,31.99,24.43,50.35,1.54,58.0,14.82
2005,1,23,0.0,99.98,29.15,33.73,25.4,58.08,0.78,17.4,15.2
2005,1,24,0.0,99.76,29.43,33.91,25.76,55.01,1.02,35.8,16.46
2005,1,25,0.0,99.73,28.56,32.69,25.18,49.71,1.64,43.1,16.0
2005,1,26,0.0,99.94,28.28,32.61,24.74,56.24,0.74,69.3,16.8
2005,1,27,0.0,99.66,29.87,33.59,26.83,52.48,0.99,43.8,15.88
2005,1,28,0.0,99.78,28.96,33.14,25.54,55.71,1.7,45.4,15.82
2005,1,29,0.0,99.63,28.3,32.08,25.21,56.48,1.03,33.8,16.34
2005,1,30,0.0,99.75,27.95,32.02,24.62,50.17,0.5,48.5,14.96
2005,1,31,0.0,99.81,28.52,32.46,25.3,51.65,1.05,45.2,16.2
2005,2,1,0.0,99.79,28.72,32.66,25.49,52.72,1.92,22.0,17.73
2005,2,2,0.0,99.32,29.53,33.43,26.34,52.29,1.81,57.7,13.47
2005,2,3,0.0,99.52,28.98,32.99,25.7,49.15,1.23,3.1,16.33
2005,2,4,0.0,99.81,28.89,32.86,25.64,52.35,1.17,42.9,13.16
2005,2,5,0.0,99.68,28.34,32.64,24.82,51.22,2.16,90.1,16.84
2005,2,6,0.0,99.58,29.94,33.99,26.63,51.27,0.9,359.8,16.19
2005,2,7,0.0,99.68,29.65,33.76,26.29,47.64,1.02,12.9,17.14
2005,2,8,0.0,99.39,29.59,33.79,26.15,51.4,1.66,73.8,15.13
2005,2,9,0.56,99.72,28.89,33.09,25.45,58.36,0.93,63.1,15.55
2005,2,10,0.0,99.66,29.23,33.06,26.1,53.33,1.4,12.6,17.47
2005,2,11,0.0,99.6,27.13,31.18,23.82,51.18,0.79,6.8,17.75
2005,2,12,0.0,99.56,29.07,33.26,25.64,53.57,1.83,337.7,15.07
2005,2,13,0.0,99.63,30.26,34.14,27.09,56.02,1.1,350.1,15.86
2005,2,14,0.0,99.54,28.5,32.35,25.35,50.07,1.01,34.3,15.25
2005,2,15,0.0,99.53,28.2,32.0,25.09,56.81,0.94,73.6,17.61
2005,2,16,0.0,99.9,28.78,32.96,25.36,49.1,0.82,70.2,17.06
2005,2,17,0.0,99.3,28.26,32.3,24.95,51.01,1.13,62.7,17.43
2005,2,18,0.0,99.3,28.2,32.28,24.86,50.77,0.36,0.8,16.75
2005,2,19,0.0,99.72,29.01,32.64,26.04,55.53,0.85,79.6,14.18
2005,2,20,0.0,99.36,29.39,33.53,26.0,49.03,1.27,58.4,15.93
2005,2,21,0.0,99.21,28.98,33.13,25.58,55.12,1.29,359.6,16.68
2005,2,22,0.0,99.76,27.97,32.16,24.54,51.63,1.23,6.2,15.45
2005,2,23,0.0,99.8,28.28,32.79,24.59,52.55,0.97,63.5,14.48
2005,2,24,0.0,99.34,28.96,32.87,25.76,55.5,1.84,65.4,18.28
2005,2,25,0.0,99.25,29.17,33.42,25.69,53.54,1.59,30.0,16.19
2005,2,26,0.0,99.35,28.54,32.75,25.1,55.78,1.22,27.2,17.87
2005,2,27,0.0,99.44,28.04,32.28,24.57,55.14,1.22,54.8,18.96
2005,2,28,0.0,99.91,29.18,33.21,25.88,59.57,1.08,46.3,16.71
2005,3,1,2.47,99.42,29.79,34.11,26.25,56.85,1.02,58.4,17.13
2005,3,2,0.0,99.71,29.38,33.29,26.18,52.62,1.21,1.3,18.31
2005,3,3,0.0,99.69,29.95,33.93,26.69,52.47,1.63,41.1,17.21
2005,3,4,0.0,99.79,28.1,32.16,24.78,57.18,1.1,51.7,17.87
2005,3,5,0.0,99.44,29.23,33.28,25.92,53.25,1.76,47.3,18.69
2005,3,6,0.0,99.55,29.38,33.59,25.93,53.85,1.02,43.0,15.65
2005,3,7,0.0,99.51,28.11,32.29,24.69,55.82,1.84,21.3,19.95
2005,3,8,0.0,99.64,27.84,32.02,24.42,51.58,1.16,51.7,18.37
2005,3,9,0.0,99.76,27.72,32.19,24.06,50.09,1.53,352.9,18.31
2005,3,10,0.0,99.93,28.3,32.35,24.99,54.24,2.14,49.2,18.27
2005,3,11,0.0,99.47,27.27,31.66,23.68,51.3,2.2,84.0,20.21
2005,3,12,0.0,99.56,29.48,33.29,26.37,56.97,0.77,49.0,16.68
2005,3,13,0.0,99.69,27.36,31.42,24.04,45.91,1.68,17.5,18.95
2005,3,14,0.0,99.64,28.52,32.6,25.18,51.4,0.93,34.3,19.87
2005,3,15,0.0,99.84,26.6,30.33,23.55,53.71,1.43,20.7,19.9
2005,3,16,1.75,99.46,29.51,33.61,26.15,52.12,1.48,49.6,19.37
2005,3,17,0.0,99.45,28.99,33.11,25.62,57.09,1.62,44.9,18.07
2005,3,18,3.83,99.67,26.81,31.06,23.33,55.91,0.81,18.3,19.07
2005,3,19,0.0,99.57,28.25,32.47,24.8,51.39,0.86,75.0,19.73
2005,3,20,0.0,99.61,27.83,31.56,24.78,54.03,0.99,36.4,19.0
2005,3,21,0.0,99.5,28.06,32.47,24.46,49.43,1.53,57.6,18.1
2005,3,22,0.0,99.67,28.36,32.31,25.13,54.94,1.41,89.4,18.74
2005,3,23,0.0,99.35,27.31,31.21,24.12,57.26,1.48,11.9,18.91
2005,3,24,0.0,99.42,27.79,31.99,24.35,53.22,0.88,90.6,18.05
2005,3,25,0.0,99.02,26.52,30.82,23.0,53.7,1.39,30.0,19.92
2005,3,26,0.0,99.38,27.8,31.73,24.59,50.64,1.09,84.8,19.32
2005,3,27,0.0,99.66,26.25,30.29,22.94,51.77,1.11,81.6,21.2
2005,3,28,0.0,99.49,28.56,32.86,25.04,56.94,1.3,31.1,18.16
2005,3,29,0.0,99.31,26.57,30.36,23.47,53.77,0.78,46.0,19.42
2005,3,30,0.0,99.73,27.75,31.02,25.07,60.46,1.56,357.2,20.88
2005,3,31,0.0,99.5,28.08,32.26,24.66,55.94,0.83,40.9,18.59
2005,4,1,0.0,99.77,28.75,33.03,25.25,51.26,1.22,23.3,17.78
2005,4,2,0.0,99.62,28.64,32.22,25.71,61.03,1.67,31.1,20.07
2005,4,3,0.0,99.49,28.32,32.33,25.04,50.71,0.82,54.3,17.3
2005,4,4,0.0,99.78,27.28,31.15,24.11,53.78,0.87,65.2,20.26
2005,4,5,20.78,98.86,27.19,31.23,23.89,66.93,1.81,36.4,15.27
2005,4,6,0.0,99.24,27.38,30.81,24.58,56.06,1.02,56.0,19.91
2005,4,7,0.0,99.72,27.38,31.02,24.4,53.63,1.81,42.3,21.06
2005,4,8,0.0,99.54,26.64,30.74,23.28,55.58,1.62,69.5,19.6
2005,4,9,3.49,99.59,28.09,32.02,24.87,61.4,0.96,51.5,19.61
2005,4,10,0.0,99.58,26.39,30.76,22.81,59.73,1.55,28.4,19.37
2005,4,11,0.0,99.71,26.14,30.25,22.78,61.29,1.67,40.1,21.54
2005,4,12,0.0,99.31,27.12,30.79,24.11,53.98,0.98,53.9,19.04
2005,4,13,2.69,99.3,25.4,29.52,22.03,58.97,1.55,80.6,21.48
2005,4,14,0.0,99.36,26.79,31.17,23.2,58.2,1.86,106.6,20.35
2005,4,15,0.0,99.35,27.78,31.66,24.6,52.09,1.53,47.8,20.44
2005,4,16,0.0,99.1,26.86,30.86,23.59,56.62,1.64,18.1,21.16
2005,4,17,0.0,99.4,26.53,30.63,23.17,59.34,1.55,103.9,18.94
2005,4,18,0.0,99.5,25.85,29.66,22.73,57.69,2.01,86.3,20.32
2005,4,19,0.0,99.23,25.31,28.57,22.64,56.52,1.61,80.4,18.66
2005,4,20,0.0,99.18,26.9,30.88,23.64,59.83,1.41,37.0,21.92
2005,4,21,0.0,99.31,26.24,30.27,22.94,62.54,1.61,73.9,19.92
2005,4,22,0.0,99.47,26.58,30.78,23.15,60.08,1.13,97.8,20.54
2005,4,23,23.74,98.53,23.59,27.06,20.75,66.93,0.61,40.6,20.27
2005,4,24,2.01,99.68,26.43,29.9,23.59,64.79,1.46,108.1,20.89
2005,4,25,0.0,99.07,27.31,30.86,24.41,57.16,2.39,96.2,19.65
2005,4,26,0.0,99.19,26.78,30.45,23.78,57.88,2.23,121.3,22.73
2005,4,27,0.0,99.48,25.96,29.8,22.82,62.36,1.25,111.8,18.35
2005,4,28,0.0,99.44,24.94,28.31,22.19,62.87,1.5,30.0,19.02
2005,4,29,0.0,99.42,25.68,29.59,22.48,60.78,1.7,66.5,19.79
2005,4,30,0.0,99.12,25.62,29.5,22.45,65.16,1.9,116.3,18.62
2005,5,1,25.54,98.51,24.06,27.92,20.9,77.61,1.62,65.7,17.34
2005,5,2,16.8,98.65,24.38,27.87,21.52,69.05,1.81,81.0,16.81
2005,5,3,5.4,99.02,26.51,29.45,24.1,64.82,2.47,101.0,18.71
2005,5,4,44.88,98.15,22.7,26.67,19.45,86.36,1.74,94.5,14.04
2005,5,5,24.28,98.43,23.81,27.15,21.08,79.22,2.37,55.5,15.65
2005,5,6,0.0,98.86,25.39,29.07,22.38,64.79,2.48,126.9,20.2
2005,5,7,0.0,99.38,26.43,29.92,23.58,61.71,3.15,111.2,19.74
2005,5,8,0.0,99.12,24.61,28.35,21.55,65.49,2.01,127.4,17.86
2005,5,9,0.0,99.28,23.47,26.85,20.7,69.88,1.89,118.0,18.52
2005,5,10,0.0,99.07,23.15,26.54,20.38,68.79,1.7,63.1,20.46
2005,5,11,9.69,98.97,25.93,29.32,23.15,77.12,2.65,111.7,17.88
2005,5,12,0.0,99.52,23.13,26.56,20.32,71.97,2.6,107.2,17.62
2005,5,13,0.0,98.89,24.43,27.38,22.01,65.51,2.44,136.8,18.06
2005,5,14,1.72,98.9,23.16,26.94,20.07,70.03,2.64,157.6,18.06
2005,5,15,80.11,97.5,21.65,24.87,19.02,95.44,2.59,131.1,12.04
2005,5,16,34.16,98.58,22.3,25.67,19.54,92.26,2.44,162.7,15.34
2005,5,17,7.92,98.84,22.35,25.95,19.4,78.37,2.5,186.5,17.81
2005,5,18,0.0,99.19,24.8,27.96,22.22,75.98,2.63,167.4,18.98
2005,5,19,0.0,98.55,24.17,27.03,21.83,77.29,3.64,206.2,17.79
2005,5,20,45.14,97.95,21.68,24.51,19.36,91.38,3.09,123.7,12.8
2005,5,21,20.43,98.42,22.48,25.44,20.05,84.84,2.34,189.3,16.3
2005,5,22,33.22,98.41,23.05,26.21,20.47,95.37,2.96,148.6,15.02
2005,5,23,11.49,98.81,23.14,26.3,20.55,84.29,2.84,173.5,15.5
2005,5,24,124.47,97.5,22.92,26.25,20.19,99.0,3.57,124.8,13.26
2005,5,25,0.0,99.24,23.07,25.65,20.96,80.9,3.39,223.2,19.27
2005,5,26,27.78,98.55,22.49,25.53,20.0,95.67,2.91,152.0,16.42
2005,5,27,41.45,98.17,20.71,23.84,18.15,98.3,2.96,198.0,11.61
2005,5,28,27.58,98.38,21.75,24.85,19.22,95.62,2.57,227.2,15.95
2005,5,29,0.0,98.87,23.81,26.06,21.97,84.04,3.28,177.8,17.01
2005,5,30,38.51,97.99,22.3,25.1,20.01,99.0,3.49,216.4,12.75
2005,5,31,14.8,98.46,23.64,26.75,21.1,88.49,3.13,148.3,12.19
2005,6,1,0.0,98.93,23.19,25.83,21.03,83.73,3.21,210.1,17.5
2005,6,2,0.0,98.78,23.68,26.2,21.62,80.68,3.01,191.3,17.61
2005,6,3,22.64,98.28,22.28,25.27,19.84,93.52,3.5,182.9,14.01
2005,6,4,68.45,97.76,20.39,23.29,18.02,99.0,2.68,173.2,10.53
2005,6,5,28.71,98.2,20.41,23.27,18.07,93.02,2.78,152.6,13.55
2005,6,6,44.27,97.67,20.62,23.23,18.49,99.0,3.58,198.3,13.29
2005,6,7,31.17,97.87,20.45,22.86,18.48,98.64,2.72,184.5,15.15
2005,6,8,28.31,98.12,22.04,25.06,19.57,98.07,3.03,215.4,12.79
2005,6,9,0.0,98.97,23.15,26.81,20.16,83.83,3.19,207.6,15.73
2005,6,10,47.36,97.67,19.71,21.99,17.84,99.0,3.5,210.2,11.1
2005,6,11,28.65,98.1,21.89,24.88,19.44,99.0,3.39,220.1,13.47
2005,6,12,98.57,97.5,19.37,22.02,17.2,99.0,2.19,174.7,10.6
2005,6,13,0.0,98.88,23.16,25.93,20.89,83.28,3.6,163.9,15.19
2005,6,14,49.36,97.7,20.0,22.66,17.83,96.97,3.31,180.4,13.33
2005,6,15,38.58,97.96,20.81,24.07,18.14,99.0,3.82,200.0,10.36
2005,6,16,31.95,97.98,21.72,24.15,19.73,99.0,3.06,183.3,11.67
2005,6,17,96.54,97.5,20.35,22.82,18.33,99.0,4.05,176.6,10.74
2005,6,18,23.8,98.18,20.83,23.48,18.67,95.88,3.02,170.1,14.41
2005,6,19,0.0,98.87,22.44,25.21,20.17,83.22,3.31,209.5,16.93
2005,6,20,25.52,98.33,20.08,23.05,17.65,98.86,3.98,208.4,13.15
2005,6,21,37.25,97.77,18.89,21.62,16.66,99.0,4.37,216.2,12.85
2005,6,22,38.2,97.77,20.96,23.6,18.8,99.0,3.09,239.9,9.81
2005,6,23,41.56,97.57,19.06,21.51,17.06,99.0,4.5,219.2,10.68
2005,6,24,74.28,97.5,20.24,22.94,18.03,99.0,2.66,235.3,9.52
2005,6,25,22.72,97.95,20.74,23.09,18.82,98.19,3.87,238.8,14.48
2005,6,26,83.78,97.5,19.5,22.1,17.38,99.0,4.26,188.3,10.86
2005,6,27,39.36,97.63,19.23,21.7,17.21,99.0,3.21,280.3,11.7
2005,6,28,50.08,97.56,19.11,21.36,17.27,99.0,4.08,200.8,10.71
2005,6,29,198.15,97.5,19.4,22.34,16.99,99.0,3.43,222.4,9.75
2005,6,30,38.22,97.77,19.96,22.2,18.13,99.0,3.35,209.5,11.78
2005,7,1,21.46,98.33,19.83,22.22,17.87,98.81,3.13,223.7,13.13
2005,7,2,135.7,97.5,19.81,21.87,18.13,99.0,3.63,263.1,9.36
2005,7,3,53.82,97.5,19.82,22.26,17.82,99.0,3.72,259.9,9.38
2005,7,4,23.54,97.88,20.62,23.22,18.49,99.0,3.22,216.0,12.87
2005,7,5,36.44,97.63,19.43,21.66,17.61,99.0,4.22,189.8,10.54
2005,7,6,50.4,97.69,19.77,21.75,18.15,99.0,3.45,282.9,11.04
2005,7,7,46.07,97.64,19.74,22.11,17.8,99.0,3.67,270.4,9.9
2005,7,8,25.61,98.45,18.74,21.17,16.75,99.0,3.77,166.4,10.41
2005,7,9,84.16,97.5,19.26,21.67,17.29,99.0,4.82,235.2,9.54
2005,7,10,0.0,98.97,22.44,25.35,20.06,87.1,4.17,190.3,15.7
2005,7,11,35.92,97.67,20.32,22.89,18.22,99.0,3.99,224.6,12.31
2005,7,12,42.89,97.54,20.15,22.7,18.07,99.0,3.51,234.9,9.64
2005,7,13,50.26,97.94,18.55,21.12,16.45,99.0,3.82,245.3,9.26
2005,7,14,43.31,97.5,19.38,21.94,17.28,99.0,3.86,181.5,11.62
2005,7,15,0.0,98.99,20.89,23.25,18.96,90.47,3.66,273.8,15.02
2005,7,16,33.45,97.86,19.68,21.91,17.86,99.0,4.03,200.9,10.96
2005,7,17,62.72,97.5,18.65,21.82,16.06,99.0,4.85,213.4,8.34
2005,7,18,18.39,97.99,19.41,21.87,17.4,99.0,3.22,232.3,13.52
2005,7,19,68.72,97.5,19.05,21.56,17.0,99.0,3.79,211.3,7.66
2005,7,20,0.0,98.51,20.46,22.98,18.4,93.95,3.77,239.6,11.9
2005,7,21,125.66,97.5,19.43,21.74,17.54,99.0,3.52,235.5,11.15
2005,7,22,27.24,97.7,19.91,22.49,17.8,95.75,3.34,238.5,11.77
2005,7,23,55.16,97.5,18.0,20.19,16.21,99.0,3.3,230.8,9.58
2005,7,24,89.67,97.5,20.01,22.76,17.76,99.0,4.41,182.1,9.97
2005,7,25,8.46,98.51,21.02,23.51,18.98,89.87,3.6,232.9,14.8
2005,7,26,0.0,98.49,20.75,23.64,18.39,87.79,3.91,258.4,14.02
2005,7,27,16.95,98.54,20.17,22.9,17.93,96.66,3.39,199.1,13.33
2005,7,28,23.78,97.77,19.29,22.0,17.07,94.06,3.64,213.5,12.75
2005,7,29,8.5,98.49,20.74,23.14,18.78,92.82,3.65,241.0,13.83
2005,7,30,23.46,98.27,20.68,23.33,18.51,99.0,3.34,238.8,11.04
2005,7,31,14.69,98.46,21.8,24.66,19.46,88.42,3.5,189.5,13.8
2005,8,1,88.81,97.5,19.13,21.83,16.92,99.0,3.87,183.4,10.53
2005,8,2,12.85,98.15,20.74,23.05,18.85,89.56,2.93,205.9,13.84
2005,8,3,13.14,98.6,21.56,24.54,19.13,93.73,3.41,212.4,13.17
2005,8,4,62.03,97.5,18.47,21.4,16.07,99.0,3.51,223.4,10.54
2005,8,5,89.5,97.5,19.42,21.75,17.51,99.0,3.57,140.7,10.81
2005,8,6,0.0,98.96,20.82,23.62,18.53,80.44,3.6,190.3,16.01
2005,8,7,0.0,98.72,21.48,24.49,19.02,84.13,3.48,195.8,16.9
2005,8,8,94.07,97.5,20.08,22.72,17.92,99.0,3.62,145.7,10.72
2005,8,9,0.0,98.68,20.3,22.76,18.29,81.01,2.98,195.5,15.78
2005,8,10,46.32,97.55,20.42,22.97,18.33,99.0,3.66,166.8,10.3
2005,8,11,69.01,97.5,19.79,22.63,17.47,99.0,3.12,212.8,8.77
2005,8,12,25.27,98.29,20.67,23.82,18.1,93.65,3.37,172.8,14.21
2005,8,13,30.13,98.4,21.36,23.97,19.22,91.35,2.51,176.8,14.08
2005,8,14,79.51,97.5,19.12,21.76,16.96,99.0,3.22,141.6,11.98
2005,8,15,0.0,98.83,20.78,23.66,18.43,80.23,2.99,210.0,14.88
2005,8,16,0.0,98.87,21.05,24.22,18.46,79.06,2.78,198.0,15.12
2005,8,17,0.0,98.99,22.19,25.68,19.34,72.6,3.35,170.4,14.22
2005,8,18,45.45,97.96,19.7,22.75,17.2,99.0,2.91,159.3,9.65
2005,8,19,29.64,98.16,20.12,22.99,17.77,89.74,2.87,188.5,12.83
2005,8,20,0.0,98.82,21.28,24.14,18.94,68.18,2.21,180.3,17.37
2005,8,21,0.0,99.05,22.14,25.62,19.3,73.95,2.46,137.1,15.59
2005,8,22,63.13,97.5,20.05,22.83,17.78,92.66,2.75,132.7,13.05
2005,8,23,0.0,98.58,21.13,24.33,18.51,73.35,2.39,127.8,16.25
2005,8,24,0.0,99.44,21.21,24.74,18.32,69.35,3.16,147.8,15.41
2005,8,25,95.14,97.5,19.86,23.01,17.28,93.75,2.46,136.7,11.22
2005,8,26,4.02,98.82,22.77,25.69,20.38,69.49,2.17,177.5,16.96
2005,8,27,0.0,99.1,22.04,25.42,19.27,69.43,2.08,172.5,17.4
2005,8,28,13.19,98.75,20.84,24.13,18.15,79.02,2.42,135.9,15.94
2005,8,29,7.88,98.99,22.08,25.49,19.29,79.62,2.76,154.7,13.63
2005,8,30,20.61,98.69,21.71,25.18,18.87,80.4,2.04,161.9,14.24
2005,8,31,43.12,97.71,19.8,23.27,16.96,91.32,1.97,196.1,12.77
2005,9,1,0.0,99.28,21.77,25.2,18.96,71.12,2.11,151.0,16.71
2005,9,2,0.0,99.16,23.2,26.76,20.29,69.55,2.27,144.2,16.75
2005,9,3,8.56,98.93,21.54,25.3,18.46,73.94,1.86,57.6,16.04
2005,9,4,0.0,99.16,23.35,26.55,20.73,69.46,2.28,152.8,16.25
2005,9,5,0.0,98.69,21.77,25.13,19.02,66.0,2.79,122.9,15.32
2005,9,6,0.0,99.06,21.86,25.53,18.86,64.42,2.17,97.5,16.09
2005,9,7,15.5,98.55,22.37,25.82,19.54,75.51,1.99,93.0,14.77
2005,9,8,0.0,98.92,22.5,25.65,19.93,59.27,2.54,123.4,16.52
2005,9,9,0.0,99.04,22.71,26.31,19.76,59.65,1.65,72.1,18.47
2005,9,10,0.0,99.28,23.25,26.64,20.47,69.2,2.26,79.4,16.44
2005,9,11,14.69,98.83,22.22,26.35,18.84,75.9,2.04,128.6,14.38
2005,9,12,4.32,99.12,22.42,26.26,19.28,64.75,2.65,134.7,18.13
2005,9,13,0.0,99.08,23.66,27.56,20.47,60.49,2.46,144.3,14.7
2005,9,14,0.0,99.24,23.5,27.1,20.55,65.12,1.22,70.5,15.17
2005,9,15,0.0,99.14,23.46,27.15,20.44,65.26,2.02,79.2,17.45
2005,9,16,0.0,99.35,23.47,27.0,20.58,60.49,1.36,103.1,14.22
2005,9,17,51.89,98.02,20.97,24.37,18.19,84.35,2.33,124.2,11.06
2005,9,18,0.0,99.22,22.88,26.28,20.1,57.39,1.51,107.3,16.22
2005,9,19,0.0,99.06,23.4,27.65,19.93,60.96,2.16,99.6,15.86
2005,9,20,0.0,99.26,23.15,26.93,20.06,61.3,2.28,76.2,15.59
2005,9,21,0.0,99.26,23.74,27.05,21.03,62.2,1.13,59.3,16.73
2005,9,22,0.0,99.24,23.52,27.47,20.29,67.75,2.37,48.3,16.63
2005,9,23,25.22,98.51,22.85,27.27,19.24,71.94,2.23,79.1,13.51
2005,9,24,9.28,98.88,23.46,26.74,20.78,70.52,1.39,68.9,14.08
2005,9,25,0.0,99.29,25.18,29.05,22.01,59.44,2.22,71.2,16.11
2005,9,26,0.0,99.08,23.02,26.43,20.23,59.04,1.31,90.9,15.81
2005,9,27,0.0,99.2,23.91,27.95,20.61,63.77,2.11,99.9,16.64
2005,9,28,0.0,99.35,23.31,26.44,20.75,58.81,1.72,69.9,15.68
2005,9,29,0.0,99.33,23.8,27.55,20.73,58.2,1.21,94.9,15.88
2005,9,30,0.0,99.04,23.61,27.46,20.46,62.36,2.31,100.5,17.13
2005,10,1,0.0,99.31,24.67,28.02,21.93,61.95,2.31,70.9,17.75
2005,10,2,0.0,99.62,23.23,27.08,20.08,59.13,1.82,69.4,16.31
2005,10,3,1.77,99.34,24.78,28.38,21.83,66.63,1.75,87.9,14.18
2005,10,4,0.0,99.21,24.72,28.92,21.28,59.24,1.59,58.1,14.34
2005,10,5,0.0,99.5,25.83,29.17,23.1,56.23,1.96,159.3,17.08
2005,10,6,0.0,99.66,25.69,29.66,22.44,57.46,1.91,94.5,15.95
2005,10,7,0.0,99.42,23.91,27.6,20.89,57.44,2.34,55.3,15.29
2005,10,8,0.0,98.96,25.37,29.44,22.04,59.85,1.84,99.4,16.67
2005,10,9,0.0,99.38,24.32,28.39,20.99,65.0,2.3,74.5,18.06
2005,10,10,0.0,99.51,24.79,28.43,21.81,56.02,1.07,114.7,14.69
2005,10,11,10.39,98.64,25.41,29.1,22.39,71.7,2.09,97.2,15.14
2005,10,12,5.51,99.3,23.9,27.85,20.67,62.39,1.86,101.4,15.52
2005,10,13,31.0,98.46,23.49,27.32,20.35,76.89,1.94,14.3,10.58
2005,10,14,22.76,98.94,22.45,26.1,19.46,71.89,2.5,98.7,12.86
2005,10,15,8.05,99.06,25.06,28.51,22.24,64.7,2.24,135.6,14.32
2005,10,16,4.58,99.22,26.09,29.86,23.01,63.71,1.7,136.2,15.08
2005,10,17,0.0,99.34,25.24,28.6,22.49,61.67,1.52,152.3,14.63
2005,10,18,0.0,99.4,25.83,29.66,22.69,63.0,1.12,133.3,13.89
2005,10,19,29.98,98.6,24.51,28.46,21.28,72.96,2.03,93.8,10.78
2005,10,20,0.62,99.09,24.42,27.83,21.63,62.45,2.34,122.0,13.52
2005,10,21,0.0,99.22,25.21,28.73,22.33,64.02,2.37,95.5,13.73
2005,10,22,0.0,99.27,25.36,28.81,22.53,62.61,1.74,114.0,14.14
2005,10,23,0.0,99.49,24.24,28.15,21.04,62.18,2.38,124.8,15.69
2005,10,24,0.0,99.36,26.11,29.74,23.14,61.64,2.39,101.1,15.94
2005,10,25,0.0,99.15,24.78,28.29,21.91,66.15,2.29,125.6,15.52
2005,10,26,0.0,99.11,25.02,28.8,21.92,64.63,1.95,84.5,12.62
2005,10,27,0.0,99.39,25.03,28.5,22.19,62.79,1.91,119.5,16.25
2005,10,28,18.38,98.73,24.55,28.09,21.65,75.04,2.14,106.7,12.44
2005,10,29,0.19,99.41,27.35,30.64,24.66,66.24,2.2,87.3,12.02
2005,10,30,0.0,99.27,24.92,28.74,21.79,59.76,1.76,128.3,13.03
2005,10,31,10.18,99.29,23.9,27.19,21.21,70.63,1.81,61.8,13.37
2005,11,1,22.77,98.58,24.64,28.62,21.38,73.81,2.05,93.9,11.28
2005,11,2,0.0,99.55,24.89,28.55,21.9,67.25,1.71,101.8,12.24
2005,11,3,0.0,99.47,25.25,28.8,22.35,60.94,1.75,142.5,13.1
2005,11,4,0.0,99.21,26.02,29.61,23.08,63.5,1.27,97.8,13.26
2005,11,5,0.0,99.14,24.88,28.95,21.55,64.28,1.55,97.6,13.06
2005,11,6,17.46,99.21,24.74,27.97,22.1,67.83,2.21,131.4,10.97
2005,11,7,0.0,99.14,25.96,29.21,23.3,57.49,2.31,103.3,12.23
2005,11,8,7.08,99.19,24.98,28.85,21.81,65.93,1.9,77.3,12.13
2005,11,9,0.0,99.38,25.84,29.2,23.09,67.77,2.21,166.0,13.31
2005,11,10,0.0,99.32,26.13,29.55,23.33,62.4,1.05,123.5,14.06
2005,11,11,0.0,99.46,25.9,29.41,23.03,64.09,2.04,87.9,15.04
2005,11,12,0.0,99.16,26.15,30.1,22.92,53.82,1.31,92.2,13.78
2005,11,13,0.0,99.68,26.35,30.22,23.18,64.69,1.53,63.1,13.34
2005,11,14,0.0,99.19,25.7,29.32,22.74,63.51,2.08,100.8,13.01
2005,11,15,0.0,99.32,25.2,28.98,22.11,63.74,2.13,118.4,12.94
2005,11,16,0.0,99.1,25.57,29.36,22.47,61.76,1.08,40.6,12.56
2005,11,17,0.0,99.55,25.52,28.94,22.72,57.81,1.15,95.4,13.47
2005,11,18,0.0,99.71,27.29,30.74,24.47,59.0,1.51,47.8,10.7
2005,11,19,0.0,99.74,25.27,28.43,22.68,58.29,1.07,77.7,14.01
2005,11,20,0.0,99.59,26.99,31.13,23.6,62.07,1.57,89.5,12.65
2005,11,21,2.17,99.27,26.05,29.61,23.14,60.79,2.03,88.8,11.83
2005,11,22,0.0,99.4,27.41,31.17,24.33,62.26,1.09,148.7,12.66
2005,11,23,0.0,99.35,26.46,30.38,23.25,61.38,2.43,88.4,12.28
2005,11,24,19.37,98.71,26.06,29.58,23.18,74.9,1.54,62.9,14.42
2005,11,25,0.0,99.36,27.24,30.81,24.32,59.32,1.76,50.6,12.76
2005,11,26,0.16,99.58,27.82,31.38,24.9,58.17,1.21,59.7,13.51
2005,11,27,0.0,99.28,26.61,29.64,24.13,58.66,1.97,84.3,12.34
2005,11,28,0.0,99.03,26.64,30.47,23.51,50.62,1.64,22.9,14.5
2005,11,29,0.0,99.22,27.5,32.0,23.82,56.74,1.63,36.8,11.97
2005,11,30,0.0,99.6,26.09,29.82,23.04,59.19,1.66,77.2,14.66
2005,12,1,0.0,99.15,26.06,29.81,22.99,56.35,1.0,62.2,13.92
2005,12,2,0.0,99.38,27.58,31.38,24.47,56.19,1.63,79.1,13.96
2005,12,3,0.0,99.41,27.86,31.86,24.59,55.76,1.72,41.9,14.28
2005,12,4,0.0,99.53,27.68,31.85,24.27,60.76,0.85,46.3,13.32
2005,12,5,0.0,99.53,27.44,31.15,24.41,56.82,1.31,91.7,14.51
2005,12,6,0.0,99.57,27.19,31.27,23.85,55.36,1.28,78.5,13.35
2005,12,7,0.0,99.47,28.73,32.67,25.51,62.33,1.39,16.3,13.03
2005,12,8,0.0,99.33,28.88,32.93,25.56,51.63,1.63,8.5,12.74
2005,12,9,0.0,99.67,27.8,31.91,24.44,53.16,1.65,27.4,15.1
2005,12,10,0.0,99.2,27.3,31.02,24.25,51.82,1.29,38.7,15.28
2005,12,11,0.0,99.66,27.13,30.99,23.97,52.48,1.68,80.4,16.47
2005,12,12,0.0,99.73,28.18,32.32,24.79,57.93,0.78,18.1,13.64
2005,12,13,0.0,99.95,27.07,31.05,23.81,51.43,1.39,72.7,13.46
2005,12,14,0.0,99.4,27.13,31.38,23.66,54.15,0.51,40.6,13.35
2005,12,15,0.0,99.44,27.69,31.67,24.44,55.22,1.07,46.3,12.21
2005,12,16,0.0,99.55,28.43,32.75,24.89,55.67,1.43,37.1,14.5
2005,12,17,0.0,99.54,29.14,32.65,26.27,51.74,1.51,57.9,14.36
2005,12,18,0.0,99.7,28.33,32.48,24.94,55.02,1.34,75.6,13.68
2005,12,19,0.0,99.65,28.55,32.26,25.52,52.02,1.82,27.0,15.69
2005,12,20,0.0,99.49,28.93,33.31,25.35,53.22,1.25,77.5,13.15
2005,12,21,0.0,99.54,28.9,32.93,25.6,50.07,0.56,69.6,12.99
2005,12,22,0.0,99.73,27.93,31.91,24.67,49.3,0.33,37.4,15.25
2005,12,23,0.0,99.34,28.96,32.82,25.81,53.87,0.81,26.6,15.48
2005,12,24,0.0,99.53,29.11,33.38,25.62,59.47,0.8,83.7,13.68
2005,12,25,0.0,99.67,28.64,32.89,25.17,51.79,1.19,36.3,10.57
2005,12,26,0.0,99.38,28.55,32.57,25.26,52.55,0.96,38.0,14.08
2005,12,27,0.0,98.94,28.91,33.19,25.41,54.29,0.81,55.0,13.56
2005,12,28,0.0,99.84,28.86,33.02,25.46,55.49,0.94,64.4,16.99
2005,12,29,0.0,99.58,27.24,31.37,23.86,55.58,1.03,80.3,16.08
2005,12,30,0.0,99.36,28.88,33.2,25.35,53.93,0.84,56.9,14.1
2005,12,31,0.0,99.75,29.43,34.04,25.66,51.89,1.17,46.1,14.59
2006,1,1,0.0,99.55,29.35,33.55,25.91,53.9,1.48,46.5,15.5
2006,1,2,0.0,99.41,28.95,33.15,25.51,53.1,0.88,5.3,14.8
2006,1,3,0.0,99.66,28.81,33.19,25.23,51.83,1.16,31.5,14.55
2006,1,4,0.0,99.6,28.45,32.31,25.29,54.56,1.91,12.6,15.85
2006,1,5,0.0,99.48,28.66,32.73,25.33,53.2,1.22,63.2,16.24
2006,1,6,0.0,99.46,29.27,33.29,25.98,50.04,1.54,21.8,16.46
2006,1,7,0.0,99.41,29.05,33.26,25.61,49.02,0.94,71.9,15.5
2006,1,8,0.0,99.73,29.43,33.61,26.01,47.55,1.57,26.6,15.56
2006,1,9,0.0,99.37,28.46,33.07,24.69,49.37,0.82,21.2,15.55
2006,1,10,0.0,99.45,29.59,34.13,25.88,52.09,1.35,19.3,14.72
2006,1,11,0.0,99.62,28.42,32.13,25.39,54.87,1.53,0.2,15.25
2006,1,12,0.0,99.86,29.01,33.23,25.55,51.68,1.71,16.6,14.16
2006,1,13,0.0,99.62,28.49,32.81,24.96,52.83,1.17,19.3,13.19
2006,1,14,0.0,99.7,28.83,32.98,25.44,53.69,1.02,67.7,15.2
2006,1,15,0.0,99.62,30.33,34.31,27.07,48.6,0.6,31.9,16.82
2006,1,16,0.0,99.76,29.28,33.78,25.59,50.8,1.1,34.6,14.53
2006,1,17,0.0,99.95,29.09,33.31,25.64,48.75,1.43,28.7,15.65
2006,1,18,0.0,99.52,29.93,33.77,26.79,51.06,1.39,69.0,14.0
2006,1,19,0.0,99.6,27.15,31.54,23.56,52.75,1.12,44.9,16.1
2006,1,20,0.0,99.63,28.85,33.1,25.37,52.23,1.26,14.3,14.79
2006,1,21,0.32,99.69,28.6,32.55,25.37,49.88,1.76,3.4,16.8
2006,1,22,0.0,99.62,28.37,32.28,25.17,53.54,1.38,25.5,14.41
2006,1,23,0.0,99.5,27.91,31.82,24.71,52.75,1.03,74.0,17.29
2006,1,24,0.0,99.6,28.83,33.28,25.19,53.21,1.12,35.9,16.56
2006,1,25,0.0,100.04,29.47,33.76,25.96,52.45,1.38,72.7,14.59
2006,1,26,0.0,99.66,28.89,33.28,25.3,49.91,1.35,88.2,14.62
2006,1,27,0.0,99.25,29.55,33.73,26.13,48.62,1.98,94.7,14.78
2006,1,28,0.0,99.53,29.05,32.99,25.83,53.11,1.75,31.1,17.04
2006,1,29,0.0,99.6,29.81,33.72,26.61,53.21,0.73,16.4,13.79
2006,1,30,0.0,99.57,28.65,33.07,25.03,52.24,0.88,62.0,16.05
2006,1,31,0.0,99.58,27.69,31.94,24.22,57.92,1.61,9.2,13.69
2006,2,1,0.0,99.65,27.89,31.94,24.58,50.74,0.83,40.5,13.95
2006,2,2,0.03,99.69,28.64,32.77,25.26,53.01,1.19,15.0,13.8
2006,2,3,0.0,99.64,28.38,32.78,24.78,52.34,1.74,28.3,15.04
2006,2,4,0.0,99.77,28.57,32.85,25.07,51.94,1.24,37.4,14.6
2006,2,5,0.0,99.32,29.78,33.88,26.43,49.06,1.5,27.2,14.79
2006,2,6,0.0,99.55,27.93,32.04,24.57,51.28,1.21,60.9,14.98
2006,2,7,0.0,99.67,30.03,33.99,26.79,54.74,1.1,46.9,15.86
2006,2,8,0.0,99.64,28.4,32.53,25.02,53.7,0.43,13.0,15.11
2006,2,9,0.0,99.47,28.08,32.12,24.77,54.44,1.22,15.5,15.09
2006,2,10,0.0,99.49,28.85,32.96,25.49,50.35,0.92,22.1,18.97
2006,2,11,0.0,99.44,29.99,33.96,26.74,54.65,1.64,76.6,15.66
2006,2,12,0.0,99.76,28.43,32.18,25.36,49.0,0.2,60.8,13.86
2006,2,13,0.0,99.25,28.49,32.87,24.9,51.52,0.93,344.7,17.46
2006,2,14,0.0,99.35,28.53,32.81,25.03,49.23,1.66,48.9,15.95
2006,2,15,0.0,99.66,29.69,33.74,26.38,57.05,1.87,110.8,15.45
2006,2,16,0.0,99.68,28.56,32.59,25.26,52.54,1.57,49.3,15.4
2006,2,17,0.0,99.3,29.17,32.91,26.11,54.75,1.38,38.3,17.29
2006,2,18,0.0,99.69,28.93,33.34,25.32,53.23,0.47,22.9,17.04
2006,2,19,0.0,99.61,28.75,33.21,25.1,53.61,0.73,12.7,16.06
2006,2,20,0.0,99.67,28.46,32.55,25.11,49.2,1.48,48.1,17.12
2006,2,21,0.0,99.59,30.17,34.38,26.73,51.96,0.64,344.3,17.14
2006,2,22,0.0,99.65,30.73,34.58,27.58,49.12,1.04,21.9,17.34
2006,2,23,0.0,99.66,28.13,32.27,24.74,50.85,1.02,40.0,15.88
2006,2,24,0.0,99.66,27.98,31.91,24.77,52.24,1.29,71.9,18.02
2006,2,25,0.0,99.61,28.74,32.67,25.53,49.56,1.39,358.3,16.09
2006,2,26,0.0,99.55,27.1,31.14,23.8,48.56,0.2,28.8,17.28
2006,2,27,0.0,99.55,28.7,32.7,25.43,48.79,1.25,58.7,16.85
2006,2,28,0.0,99.6,30.05,34.13,26.71,53.96,0.88,35.8,17.42
2006,3,1,0.0,99.71,28.2,32.6,24.6,51.32,1.35,77.6,18.93
2006,3,2,0.0,99.91,29.35,32.88,26.46,48.62,0.47,56.8,17.64
2006,3,3,0.0,99.65,29.59,33.55,26.35,52.07,1.53,18.9,18.71
2006,3,4,0.0,99.62,27.94,32.22,24.43,54.25,0.87,42.5,17.87
2006,3,5,0.0,99.77,28.64,32.8,25.23,51.93,1.0,19.2,19.96
2006,3,6,0.0,99.62,28.73,32.62,25.54,48.29,1.77,39.7,18.35
2006,3,7,0.0,99.36,28.96,33.65,25.13,51.79,1.1,47.1,16.13
2006,3,8,0.0,99.41,28.98,33.83,25.01,50.06,1.53,61.1,16.78
2006,3,9,0.0,99.87,29.18,33.28,25.83,53.03,1.15,48.3,17.11
2006,3,10,0.0,99.41,27.81,31.64,24.68,51.32,1.79,9.5,17.68
2006,3,11,0.0,99.64,28.45,32.48,25.15,52.99,1.29,347.8,17.32
2006,3,12,0.0,99.36,29.33,33.12,26.23,47.59,1.36,57.6,16.46
2006,3,13,0.0,99.76,29.37,33.58,25.93,52.66,1.23,344.3,18.17
2006,3,14,0.0,99.45,28.38,32.63,24.9,51.75,1.06,48.1,15.73
2006,3,15,0.0,99.54,27.81,32.17,24.24,50.05,1.5,17.2,20.45
2006,3,16,0.0,99.48,28.87,33.07,25.43,52.76,0.89,42.9,18.33
2006,3,17,0.0,99.61,28.49,32.64,25.09,51.76,1.46,39.6,20.45
2006,3,18,0.0,99.55,28.43,32.24,25.31,52.49,1.55,52.6,17.42
2006,3,19,0.0,99.68,28.58,32.33,25.51,49.98,1.39,44.5,18.5
2006,3,20,0.0,99.63,27.33,30.85,24.45,53.22,0.83,63.6,19.86
2006,3,21,0.0,99.56,28.55,32.65,25.2,47.68,1.37,52.1,21.04
2006,3,22,0.0,99.62,28.02,32.33,24.49,52.37,1.6,76.6,19.51
2006,3,23,0.0,99.63,28.67,33.06,25.08,52.88,0.73,31.9,17.37
2006,3,24,0.0,99.43,27.84,32.14,24.32,57.76,0.63,15.9,18.91
2006,3,25,0.0,99.41,28.19,32.15,24.95,52.37,1.54,54.0,17.62
2006,3,26,0.0,99.77,28.06,32.63,24.32,57.66,0.98,44.5,20.19
2006,3,27,0.0,99.61,27.31,31.1,24.21,56.47,1.51,58.0,19.7
2006,3,28,0.0,99.56,27.01,30.79,23.92,53.04,1.89,46.4,20.4
2006,3,29,0.0,99.34,28.16,32.42,24.68,53.53,0.69,77.5,19.87
2006,3,30,0.0,99.15,26.95,31.38,23.33,50.58,0.66,62.5,19.67
2006,3,31,0.0,99.42,27.26,31.79,23.56,52.08,1.57,15.9,17.75
2006,4,1,0.0,99.38,27.19,31.49,23.67,54.5,1.77,39.3,18.98
2006,4,2,10.25,99.15,27.25,31.47,23.79,58.73,1.93,55.8,19.33
2006,4,3,0.0,99.61,27.82,32.06,24.35,56.61,1.6,40.8,18.44
2006,4,4,0.0,99.73,26.2,30.13,22.98,56.12,1.25,35.7,18.09
2006,4,5,0.0,99.65,26.73,30.51,23.64,55.26,1.35,89.5,20.51
2006,4,6,0.0,99.33,26.64,30.71,23.31,56.52,1.45,75.8,19.6
2006,4,7,0.0,99.53,26.97,30.49,24.09,55.98,1.98,34.9,20.91
2006,4,8,0.0,99.34,25.68,29.57,22.49,55.18,1.46,81.7,19.29
2006,4,9,0.0,99.09,27.81,31.63,24.68,53.25,1.1,80.0,19.87
2006,4,10,0.0,99.4,26.99,31.11,23.62,60.7,1.46,75.4,19.41
2006,4,11,0.0,99.64,26.8,30.81,23.52,57.59,0.8,17.3,19.99
2006,4,12,0.0,99.35,27.36,31.71,23.8,57.0,1.2,65.7,22.07
2006,4,13,2.09,99.5,27.05,31.2,23.65,55.23,1.31,35.1,21.0
2006,4,14,60.21,97.77,25.06,28.8,22.0,85.28,1.3,58.5,16.07
2006,4,15,0.0,99.51,26.63,30.72,23.29,54.82,0.86,97.1,18.53
2006,4,16,12.59,99.02,26.14,29.55,23.35,64.16,1.03,56.0,18.19
2006,4,17,15.72,99.25,26.47,30.55,23.13,66.29,1.5,64.3,18.43
2006,4,18,3.43,99.22,26.67,30.32,23.68,55.85,1.85,30.8,18.91
2006,4,19,0.0,99.26,27.57,31.25,24.56,59.34,1.39,76.0,20.64
2006,4,20,0.0,99.61,26.39,30.59,22.96,59.39,1.61,113.3,20.49
2006,4,21,0.0,99.23,26.68,30.6,23.47,55.82,1.94,134.1,18.01
2006,4,22,0.0,99.37,26.06,29.8,23.0,61.25,2.64,103.7,19.46
2006,4,23,0.0,99.22,26.3,30.36,22.98,56.88,1.54,68.3,17.92
2006,4,24,0.0,99.48,26.26,30.42,22.85,59.11,1.37,95.5,18.46
2006,4,25,11.92,99.23,25.13,28.59,22.3,64.82,2.02,71.6,19.22
2006,4,26,0.0,99.17,25.38,28.9,22.5,62.59,2.07,91.5,20.68
2006,4,27,7.81,99.18,25.89,29.81,22.68,67.06,1.28,103.9,16.22
2006,4,28,0.0,99.38,25.99,29.75,22.92,58.67,1.39,53.4,19.58
2006,4,29,0.0,99.28,26.62,29.76,24.05,60.66,1.33,116.0,20.64
2006,4,30,0.0,99.52,25.51,29.63,22.14,61.21,1.61,109.2,17.25
2006,5,1,0.0,99.51,24.73,28.2,21.89,65.17,2.25,79.0,19.16
2006,5,2,0.0,99.07,25.35,28.65,22.65,61.89,2.09,46.9,16.75
2006,5,3,0.0,99.43,25.79,29.35,22.88,64.08,2.06,111.4,19.09
2006,5,4,1.69,99.25,23.62,27.4,20.53,65.25,1.66,128.2,20.47
2006,5,5,17.61,98.79,24.37,28.19,21.25,74.31,1.67,102.2,17.7
2006,5,6,0.0,99.14,25.46,28.95,22.6,70.93,2.14,105.4,18.32
2006,5,7,0.0,98.9,25.07,29.22,21.68,64.79,2.13,133.2,20.06
2006,5,8,0.0,99.2,24.57,28.77,21.13,66.63,2.38,102.7,17.64
2006,5,9,0.0,99.2,23.89,27.41,21.01,68.86,2.76,142.9,20.48
2006,5,10,0.0,99.49,24.63,27.98,21.89,67.24,1.84,119.0,18.73
2006,5,11,0.0,99.0,23.7,26.95,21.04,67.37,2.26,136.2,17.94
2006,5,12,9.72,98.57,24.55,27.83,21.87,75.9,2.4,142.3,17.92
2006,5,13,0.0,98.88,24.42,28.12,21.39,72.38,2.47,179.7,18.78
2006,5,14,0.0,99.37,25.34,28.7,22.59,74.41,2.46,146.7,19.68
2006,5,15,0.0,98.99,22.84,26.32,19.99,70.79,2.46,116.7,18.75
2006,5,16,21.71,98.76,23.01,26.41,20.23,81.69,2.59,130.2,17.11
2006,5,17,0.0,99.05,24.55,27.9,21.81,70.29,2.75,133.1,17.79
2006,5,18,69.27,97.5,22.75,26.21,19.92,98.95,2.32,165.4,12.31
2006,5,19,33.94,98.53,23.05,26.41,20.3,93.14,2.81,152.2,14.63
2006,5,20,9.83,99.0,22.72,25.96,20.07,77.21,2.86,156.4,17.79
2006,5,21,0.0,98.97,23.36,26.96,20.42,72.71,2.79,192.6,18.19
2006,5,22,0.0,99.17,22.05,24.75,19.84,72.01,3.34,186.6,16.63
2006,5,23,27.41,98.32,22.47,25.59,19.92,90.47,2.86,156.6,13.64
2006,5,24,60.19,97.55,22.28,25.16,19.93,99.0,2.95,215.5,13.17
2006,5,25,36.32,98.37,21.94,25.19,19.28,99.0,2.47,232.9,16.08
2006,5,26,15.48,98.29,23.09,25.62,21.02,88.58,3.27,148.5,15.71
2006,5,27,26.3,98.22,22.57,25.59,20.1,92.04,3.63,159.5,15.92
2006,5,28,30.2,98.18,21.73,24.8,19.22,92.58,2.99,146.4,12.88
2006,5,29,0.0,98.98,21.39,24.64,18.73,79.61,2.18,218.4,18.04
2006,5,30,68.4,97.5,21.96,24.74,19.68,95.77,3.4,157.1,11.71
2006,5,31,20.17,98.56,22.44,26.09,19.45,88.01,3.54,169.1,15.76
2006,6,1,43.06,97.61,20.28,22.98,18.07,99.0,3.13,252.2,15.58
2006,6,2,9.98,98.41,22.67,25.2,20.6,87.81,2.87,213.8,16.71
2006,6,3,0.0,98.83,22.89,25.89,20.44,83.9,3.58,181.6,15.63
2006,6,4,0.0,99.21,23.6,26.38,21.33,80.27,3.58,190.0,15.23
2006,6,5,14.57,98.96,22.37,25.68,19.67,92.57,3.24,143.1,13.08
2006,6,6,70.02,97.5,20.89,23.24,18.97,99.0,3.6,192.6,11.53
2006,6,7,25.46,98.17,21.61,24.39,19.34,94.29,2.92,202.6,13.1
2006,6,8,47.74,97.68,19.98,22.96,17.54,99.0,3.7,167.7,9.94
2006,6,9,76.77,97.5,20.84,23.4,18.75,99.0,3.34,205.7,12.78
2006,6,10,39.81,98.1,20.7,23.04,18.78,99.0,3.14,258.5,12.84
2006,6,11,0.0,98.6,21.59,24.7,19.04,85.7,3.32,243.8,16.58
2006,6,12,0.0,99.03,21.74,24.21,19.72,84.57,3.61,248.3,14.93
2006,6,13,51.16,97.5,19.35,22.32,16.92,99.0,3.44,197.4,12.51
2006,6,14,0.0,98.72,22.83,25.25,20.85,83.75,4.04,196.2,15.57
2006,6,15,50.81,97.53,21.42,23.99,19.31,99.0,3.82,225.0,10.28
2006,6,16,9.18,98.63,22.42,25.28,20.08,97.07,2.93,195.0,15.55
2006,6,17,52.19,97.5,20.19,22.92,17.95,99.0,3.75,231.3,10.57
2006,6,18,21.41,98.27,20.98,23.35,19.04,96.57,3.8,240.0,15.56
2006,6,19,22.55,98.22,20.72,23.48,18.46,99.0,3.67,275.5,13.93
2006,6,20,53.92,97.5,19.09,21.09,17.45,99.0,3.09,178.7,8.29
2006,6,21,71.14,97.5,21.09,23.35,19.24,99.0,3.89,246.2,11.29
2006,6,22,70.92,97.5,18.96,22.02,16.46,99.0,3.58,204.6,13.8
2006,6,23,53.31,97.66,19.04,21.56,16.98,99.0,3.11,261.7,9.61
2006,6,24,83.26,97.58,19.46,22.22,17.21,99.0,3.65,230.7,8.59
2006,6,25,39.01,97.84,19.91,22.65,17.67,99.0,3.96,225.7,14.13
2006,6,26,29.17,98.26,20.76,23.2,18.76,99.0,3.22,249.4,11.74
2006,6,27,53.43,97.5,19.0,21.56,16.9,99.0,3.24,251.1,10.62
2006,6,28,26.76,97.8,18.96,21.16,17.16,98.46,3.85,214.3,11.21
2006,6,29,0.0,98.9,21.23,23.78,19.14,86.97,3.72,228.5,14.23
2006,6,30,29.24,98.12,20.07,22.44,18.13,99.0,3.91,209.8,12.05
2006,7,1,25.91,98.07,20.11,23.19,17.59,98.86,3.63,231.4,13.08
2006,7,2,60.98,97.5,19.1,21.4,17.22,99.0,4.57,254.3,8.92
2006,7,3,36.38,97.89,19.55,22.18,17.4,99.0,3.49,271.9,11.86
2006,7,4,19.24,98.17,19.53,21.94,17.56,93.41,3.89,177.9,11.98
2006,7,5,14.28,98.43,21.65,24.35,19.44,95.76,3.46,261.8,13.97
2006,7,6,66.12,97.5,20.15,22.25,18.43,99.0,3.11,251.3,9.57
2006,7,7,69.0,97.5,20.12,22.56,18.12,99.0,3.6,197.2,9.71
2006,7,8,37.55,97.53,18.8,21.44,16.64,99.0,3.54,185.7,10.78
2006,7,9,48.05,97.91,19.47,22.01,17.39,99.0,4.32,230.6,11.39
2006,7,10,0.0,98.72,20.8,23.41,18.66,89.39,3.81,228.0,15.74
2006,7,11,27.78,98.23,19.63,21.88,17.79,99.0,3.35,231.7,11.81
2006,7,12,82.26,97.5,18.41,20.79,16.46,99.0,3.67,273.0,9.26
2006,7,13,56.92,97.5,20.84,23.31,18.82,99.0,3.31,187.8,12.0
2006,7,14,113.82,97.5,18.86,21.55,16.66,99.0,3.55,198.7,10.26
2006,7,15,53.59,97.63,18.38,21.24,16.04,99.0,4.04,191.2,10.59
2006,7,16,49.55,97.5,19.13,21.1,17.52,99.0,3.82,261.7,11.81
2006,7,17,44.71,97.52,19.76,22.16,17.79,99.0,3.0,248.1,10.22
2006,7,18,37.96,97.62,19.39,21.7,17.5,99.0,3.32,232.2,12.93
2006,7,19,88.69,97.5,19.18,21.47,17.31,99.0,3.29,212.4,7.33
2006,7,20,57.57,97.5,19.71,22.29,17.6,99.0,3.33,220.2,11.77
2006,7,21,41.55,97.5,18.68,21.21,16.61,99.0,3.69,214.2,10.08
2006,7,22,89.4,97.5,19.15,21.37,17.33,99.0,3.96,241.2,10.32
2006,7,23,33.6,98.0,19.24,21.46,17.43,99.0,3.42,276.2,12.44
2006,7,24,29.54,97.78,19.32,22.0,17.13,99.0,3.29,190.5,11.4
2006,7,25,4.68,98.49,22.09,24.35,20.24,88.29,3.83,207.8,15.45
2006,7,26,40.77,97.7,19.37,21.76,17.42,99.0,3.62,211.9,12.12
2006,7,27,22.76,98.48,19.43,22.27,17.1,99.0,3.28,144.9,12.63
2006,7,28,52.21,97.5,19.02,21.67,16.85,99.0,3.31,239.7,8.93
2006,7,29,78.23,97.5,18.28,21.33,15.79,99.0,3.32,215.7,11.58
2006,7,30,67.95,97.5,18.99,21.6,16.86,99.0,3.83,222.6,10.27
2006,7,31,44.26,97.53,18.92,22.19,16.25,99.0,3.55,193.2,12.34
2006,8,1,62.26,97.5,19.55,22.17,17.41,99.0,4.06,218.9,7.14
2006,8,2,59.08,97.5,20.58,23.6,18.11,99.0,3.54,201.7,10.75
2006,8,3,26.15,98.13,20.08,22.55,18.06,92.88,2.97,205.6,12.01
2006,8,4,60.59,97.6,18.83,21.37,16.75,99.0,2.64,232.2,9.98
2006,8,5,27.05,98.14,20.3,23.51,17.68,98.75,3.01,209.5,13.65
2006,8,6,55.72,97.57,20.39,22.96,18.29,99.0,2.6,155.0,7.9
2006,8,7,108.75,97.5,19.74,22.46,17.51,99.0,2.89,192.1,9.38
2006,8,8,25.7,98.31,20.29,22.91,18.14,95.63,3.16,225.7,13.35
2006,8,9,83.35,97.5,18.01,21.14,15.45,99.0,2.63,184.2,8.3
2006,8,10,50.37,97.62,19.46,21.97,17.4,99.0,3.39,208.5,11.16
2006,8,11,23.87,98.24,21.13,24.36,18.49,89.08,2.87,227.9,11.79
2006,8,12,43.22,97.65,20.52,23.48,18.1,99.0,3.33,206.8,13.69
2006,8,13,59.33,97.55,20.54,23.5,18.11,99.0,2.63,193.9,11.2
2006,8,14,45.75,97.5,19.37,22.29,16.98,99.0,3.23,183.1,12.29
2006,8,15,20.65,98.62,20.61,23.91,17.91,91.69,2.73,168.1,12.52
2006,8,16,55.16,97.5,19.68,22.6,17.29,98.32,2.8,168.8,10.71
2006,8,17,23.39,98.3,21.37,24.18,19.07,87.06,2.61,207.9,13.16
2006,8,18,19.5,98.6,20.9,24.07,18.31,84.65,2.76,185.2,14.57
2006,8,19,0.0,98.71,22.28,25.31,19.8,71.08,3.0,159.3,16.68
2006,8,20,9.62,98.77,21.31,24.92,18.35,77.06,2.22,153.0,14.85
2006,8,21,36.04,98.1,20.08,23.43,17.34,95.71,3.56,160.5,12.8
2006,8,22,0.0,99.02,22.85,26.07,20.22,76.74,3.52,164.6,15.66
2006,8,23,13.14,98.58,21.81,25.35,18.91,80.6,2.45,142.8,16.98
2006,8,24,0.0,98.89,22.7,25.47,20.43,75.43,2.98,117.5,14.72
2006,8,25,16.04,98.3,21.44,24.79,18.7,83.81,2.12,162.3,13.03
2006,8,26,0.0,98.98,22.85,26.09,20.2,70.95,1.91,133.3,16.53
2006,8,27,0.0,99.17,21.6,24.78,19.0,74.37,3.24,124.9,15.48
2006,8,28,0.0,98.93,21.76,24.94,19.15,70.37,2.77,127.1,15.04
2006,8,29,0.0,98.95,23.11,26.7,20.17,69.13,2.49,118.4,16.77
2006,8,30,2.92,99.25,22.34,25.14,20.05,71.69,2.69,154.8,14.8
2006,8,31,0.0,99.02,22.4,25.86,19.57,65.41,2.11,158.2,16.55
2006,9,1,33.51,98.28,20.64,23.6,18.22,87.21,2.37,149.5,13.14
2006,9,2,13.01,98.84,22.73,26.04,20.03,69.11,2.39,133.1,15.19
2006,9,3,34.67,98.18,22.66,26.04,19.89,88.92,1.72,88.8,12.32
2006,9,4,34.81,98.34,21.83,25.69,18.67,83.03,2.68,136.3,12.31
2006,9,5,7.74,99.08,22.23,25.52,19.54,71.3,2.04,174.9,15.48
2006,9,6,0.0,99.26,23.89,27.36,21.05,70.79,1.73,112.0,18.53
2006,9,7,0.0,99.29,23.22,26.36,20.65,66.41,2.79,70.1,14.76
2006,9,8,0.0,98.74,22.73,26.36,19.76,60.5,2.59,133.2,17.18
2006,9,9,0.0,98.92,23.98,27.12,21.41,65.76,2.01,61.1,15.26
2006,9,10,0.0,99.04,23.02,26.06,20.53,64.3,1.59,82.1,16.86
2006,9,11,20.79,98.48,21.36,24.49,18.8,78.68,2.24,99.6,14.82
2006,9,12,13.38,98.69,22.5,25.98,19.65,71.32,2.05,135.9,15.78
2006,9,13,22.66,98.75,22.78,26.29,19.91,79.52,2.83,107.5,16.72
2006,9,14,2.31,99.13,22.78,26.69,19.58,66.1,2.48,84.5,17.58
2006,9,15,0.0,99.15,22.12,26.15,18.83,65.74,1.78,83.4,16.61
2006,9,16,0.0,99.14,24.51,28.54,21.21,62.73,2.49,67.6,18.46
2006,9,17,0.0,99.12,25.63,29.58,22.4,66.3,2.43,81.7,15.53
2006,9,18,0.0,99.15,23.26,27.48,19.81,61.01,1.23,89.1,15.27
2006,9,19,0.0,99.45,23.2,26.98,20.1,57.06,2.1,95.6,18.71
2006,9,20,0.0,98.89,22.75,26.55,19.64,58.89,2.32,110.0,16.79
2006,9,21,9.11,99.22,22.81,26.99,19.39,67.09,1.69,96.8,16.67
2006,9,22,0.0,99.63,22.73,26.11,19.96,62.31,1.36,57.1,15.32
2006,9,23,0.0,99.45,22.94,26.89,19.7,61.81,2.97,32.8,15.81
2006,9,24,0.0,99.05,23.9,27.59,20.88,64.62,2.42,70.9,18.37
2006,9,25,0.0,99.15,22.84,26.92,19.51,61.6,1.91,145.0,14.09
2006,9,26,0.0,99.42,22.97,27.01,19.66,61.87,0.99,78.0,16.71
2006,9,27,0.0,99.2,24.19,27.86,21.18,63.59,1.64,91.7,17.86
2006,9,28,0.0,99.16,23.66,27.05,20.88,56.07,2.54,46.9,14.16
2006,9,29,0.0,99.23,24.38,28.48,21.03,62.72,2.3,70.2,16.24
2006,9,30,0.0,99.05,23.94,27.54,21.0,64.34,1.68,103.4,13.44
2006,10,1,3.83,99.14,23.94,27.7,20.86,64.74,1.59,100.4,15.53
2006,10,2,0.0,99.04,24.81,28.23,22.01,61.5,2.34,86.0,16.36
2006,10,3,3.88,99.29,23.77,27.4,20.8,65.0,1.7,96.8,15.87
2006,10,4,0.0,99.11,24.84,28.85,21.56,54.64,1.74,122.0,17.12
2006,10,5,0.0,99.27,24.09,27.92,20.95,60.32,1.96,90.6,15.98
2006,10,6,0.0,99.19,23.85,27.37,20.97,57.11,2.02,132.5,15.93
2006,10,7,0.0,99.34,23.72,26.92,21.1,61.89,1.38,97.2,16.1
2006,10,8,0.0,99.42,23.35,27.26,20.15,58.09,2.04,69.0,15.09
2006,10,9,0.0,99.32,23.68,27.28,20.74,63.38,1.44,65.5,15.46
2006,10,10,0.0,99.14,23.34,27.1,20.27,59.94,2.32,78.5,13.78
2006,10,11,0.0,99.17,23.92,27.58,20.92,57.62,1.7,85.5,19.51
2006,10,12,9.54,99.46,24.85,28.43,21.92,63.96,1.95,116.7,14.78
2006,10,13,0.0,99.44,24.68,28.54,21.52,57.82,0.76,125.8,14.14
2006,10,14,11.28,98.95,24.0,27.44,21.18,67.74,2.18,84.5,15.71
2006,10,15,0.0,99.17,24.28,28.0,21.24,63.51,2.24,105.3,17.23
2006,10,16,0.0,99.01,24.74,28.52,21.64,60.13,1.69,98.8,14.02
2006,10,17,0.0,99.47,24.86,28.89,21.56,58.01,1.37,88.5,13.82
2006,10,18,0.0,99.14,24.09,27.76,21.09,62.21,1.37,105.3,16.69
2006,10,19,0.27,99.45,25.22,28.54,22.5,62.45,1.92,111.4,13.04
2006,10,20,0.0,99.42,24.72,28.55,21.59,61.16,1.5,154.2,14.88
2006,10,21,0.0,99.52,25.19,28.58,22.42,60.51,1.91,144.3,13.84
2006,10,22,0.0,99.41,25.0,28.44,22.18,66.43,1.99,133.8,15.23
2006,10,23,0.0,99.23,24.06,27.54,21.21,61.33,2.05,91.6,14.82
2006,10,24,0.0,99.28,26.01,29.57,23.09,59.08,2.52,68.3,14.14
2006,10,25,0.0,99.28,25.13,29.1,21.89,62.98,2.47,112.2,14.2
2006,10,26,0.0,99.23,24.92,28.7,21.82,64.81,2.04,50.0,12.55
2006,10,27,14.96,98.61,25.03,28.33,22.33,72.95,2.25,97.7,12.31
2006,10,28,0.0,98.89,24.45,28.46,21.17,59.03,2.15,114.5,13.5
2006,10,29,0.0,99.41,24.2,28.09,21.02,66.98,2.56,72.0,12.73
2006,10,30,0.0,99.25,25.74,29.45,22.71,64.21,2.06,109.7,12.64
2006,10,31,0.0,99.45,26.2,29.15,23.78,65.25,2.36,125.2,12.36
2006,11,1,0.0,99.22,25.64,29.0,22.89,71.09,2.85,99.5,14.36
2006,11,2,0.0,99.29,26.05,29.64,23.11,65.79,2.17,103.8,13.3
2006,11,3,0.0,99.46,24.65,28.7,21.34,65.24,1.83,122.2,11.92
2006,11,4,0.0,99.57,25.34,29.3,22.1,62.96,1.84,149.5,14.13
2006,11,5,0.0,99.24,25.18,28.51,22.45,63.52,1.73,107.4,14.41
2006,11,6,0.0,99.12,26.42,29.56,23.85,60.08,2.29,119.6,12.65
2006,11,7,0.0,99.52,26.1,29.65,23.19,63.59,2.13,91.8,12.17
2006,11,8,0.0,99.26,26.53,30.18,23.54,67.78,1.85,118.8,14.6
2006,11,9,33.28,98.39,24.1,27.38,21.42,82.59,2.56,118.8,12.12
2006,11,10,1.27,99.21,25.08,28.46,22.31,69.88,1.82,111.7,14.26
2006,11,11,0.0,99.19,26.91,31.12,23.46,64.24,1.99,145.2,12.85
2006,11,12,0.0,99.47,26.06,29.6,23.17,63.35,1.65,88.5,12.05
2006,11,13,0.0,99.09,26.85,30.42,23.93,61.98,1.89,95.9,10.53
2006,11,14,0.0,99.36,26.12,30.56,22.49,67.66,1.61,133.7,14.39
2006,11,15,37.12,98.46,26.29,29.87,23.36,81.02,1.86,84.1,7.81
2006,11,16,0.0,99.25,27.12,30.52,24.33,59.62,1.48,113.9,11.93
2006,11,17,0.0,99.65,26.25,29.75,23.39,58.92,1.67,141.5,12.45
2006,11,18,0.0,99.53,26.44,30.23,23.34,67.45,1.57,110.9,13.7
2006,11,19,0.0,99.29,26.5,30.09,23.56,61.25,1.57,99.4,9.72
2006,11,20,0.0,99.36,25.76,29.46,22.73,60.78,1.46,81.0,13.17
2006,11,21,7.38,99.37,25.99,29.72,22.93,65.77,1.65,116.4,14.5
2006,11,22,0.0,99.41,26.29,30.92,22.5,59.25,0.8,54.1,12.36
2006,11,23,0.0,99.66,26.91,30.88,23.66,57.51,1.99,40.3,14.03
2006,11,24,0.0,99.51,26.25,29.78,23.36,57.06,1.82,54.0,12.64
2006,11,25,0.0,99.46,26.78,30.54,23.71,56.66,1.81,78.4,13.59
2006,11,26,2.01,99.42,26.61,30.65,23.31,54.21,1.6,43.2,12.93
2006,11,27,0.0,100.0,27.07,31.2,23.69,58.57,2.12,136.5,12.12
2006,11,28,0.0,99.26,28.1,31.5,25.31,53.73,1.35,49.6,13.97
2006,11,29,0.0,99.25,27.91,31.38,25.07,59.33,0.96,96.4,13.71
2006,11,30,0.0,99.41,26.29,30.29,23.02,59.83,1.68,49.6,13.53
2006,12,1,0.0,99.71,27.23,30.94,24.19,55.51,2.28,67.3,15.32
2006,12,2,0.0,99.02,27.11,30.8,24.09,57.85,2.09,68.5,13.45
2006,12,3,3.19,99.05,26.81,30.77,23.57,60.41,1.87,34.6,13.75
2006,12,4,0.0,99.41,28.95,33.09,25.56,60.56,2.36,63.6,12.78
2006,12,5,0.0,99.87,27.14,31.01,23.97,54.99,1.33,102.0,14.52
2006,12,6,0.0,99.5,27.24,30.66,24.45,51.87,1.29,56.1,12.29
2006,12,7,0.0,99.29,28.85,32.67,25.73,53.04,1.35,66.0,13.9
2006,12,8,10.75,99.38,27.92,31.57,24.93,56.59,0.48,67.2,12.29
2006,12,9,0.0,99.81,27.42,31.56,24.03,56.44,1.97,67.5,14.36
2006,12,10,0.0,99.4,28.31,32.87,24.58,45.86,1.4,6.2,12.94
2006,12,11,0.0,99.6,27.66,31.74,24.32,51.87,1.14,76.2,14.48
2006,12,12,0.0,99.55,27.76,31.89,24.38,54.51,1.29,68.9,13.97
2006,12,13,0.0,99.63,27.37,31.61,23.9,51.27,0.99,54.1,15.6
2006,12,14,0.0,99.45,26.28,30.68,22.68,51.7,1.36,89.6,11.92
2006,12,15,0.0,99.65,27.03,30.91,23.86,56.26,1.13,81.3,12.93
2006,12,16,0.0,99.69,27.3,31.33,24.0,50.64,1.14,61.1,13.4
2006,12,17,0.0,99.68,28.41,32.72,24.88,52.35,0.97,35.8,14.44
2006,12,18,0.0,99.26,28.26,32.06,25.15,56.09,1.31,42.0,14.65
2006,12,19,0.0,99.3,28.96,32.61,25.98,52.31,1.09,44.7,14.86
2006,12,20,0.0,99.43,27.4,31.34,24.18,59.97,1.79,63.8,14.46
2006,12,21,0.0,99.61,29.53,33.95,25.91,56.19,1.47,45.8,14.17
2006,12,22,0.0,99.67,29.5,33.62,26.13,56.23,0.76,52.8,13.63
2006,12,23,0.0,99.38,28.38,32.33,25.14,49.03,1.49,11.9,15.2
2006,12,24,0.0,99.63,27.91,32.28,24.34,52.56,1.38,68.2,13.39
2006,12,25,0.0,99.74,27.98,32.22,24.51,51.95,1.27,78.3,14.82
2006,12,26,0.0,99.7,28.59,32.47,25.42,51.53,1.18,33.5,14.58
2006,12,27,0.0,99.49,29.8,33.85,26.49,51.1,1.68,30.9,12.51
2006,12,28,0.0,99.51,28.45,32.27,25.33,52.16,0.81,25.0,14.9
2006,12,29,0.0,99.35,27.44,31.58,24.05,45.76,1.2,96.0,17.6
2006,12,30,0.0,99.9,29.9,34.18,26.4,49.84,0.58,65.2,16.89
2006,12,31,0.0,99.67,28.32,31.75,25.51,57.1,1.42,41.2,15.84
2007,1,1,0.0,99.3,29.68,33.52,26.53,50.5,1.17,23.2,15.34
2007,1,2,0.0,99.81,29.12,33.71,25.37,50.17,0.82,11.5,13.27
2007,1,3,0.0,99.71,28.6,32.63,25.3,51.82,1.26,62.5,15.13
2007,1,4,0.0,99.81,29.4,33.98,25.65,52.09,1.71,32.7,17.19
2007,1,5,0.0,99.49,28.23,32.0,25.14,45.7,1.23,52.8,14.03
2007,1,6,0.0,99.52,28.56,32.54,25.3,52.4,0.59,79.1,12.84
2007,1,7,0.0,99.45,28.41,32.59,24.99,53.54,1.19,11.7,15.8
2007,1,8,0.0,99.98,28.66,32.7,25.36,53.65,1.3,22.4,13.83
2007,1,9,0.0,99.51,29.2,33.67,25.54,49.37,0.93,54.7,13.52
2007,1,10,0.0,99.43,29.21,33.3,25.86,56.32,2.04,34.2,15.23
2007,1,11,0.0,99.48,27.76,32.08,24.22,56.0,0.64,35.6,15.89
2007,1,12,0.0,99.54,28.49,32.31,25.36,55.75,0.23,63.4,15.03
2007,1,13,0.0,99.88,28.63,32.83,25.2,54.21,0.84,61.0,15.94
2007,1,14,0.0,99.65,29.3,33.34,26.0,51.03,0.45,30.5,16.53
2007,1,15,0.0,99.82,27.93,31.78,24.78,52.02,1.55,24.9,15.54
2007,1,16,0.0,99.65,29.41,33.66,25.93,55.99,1.6,38.3,15.71
2007,1,17,0.0,99.57,28.14,32.64,24.46,45.62,0.58,71.7,14.68
2007,1,18,0.0,99.41,29.11,33.07,25.87,49.96,0.78,354.6,17.34
2007,1,19,0.0,99.89,29.73,33.97,26.26,53.29,0.73,37.0,15.74
2007,1,20,0.0,99.78,28.1,32.17,24.77,51.37,1.19,57.8,15.74
2007,1,21,0.0,99.79,29.14,33.29,25.74,50.89,1.37,23.0,14.83
2007,1,22,0.0,99.77,28.84,33.2,25.28,56.56,1.76,1.6,14.4
2007,1,23,0.0,99.47,28.29,32.81,24.59,54.35,1.36,10.1,14.34
2007,1,24,0.0,99.65,28.13,32.6,24.48,54.7,1.07,49.9,14.86
2007,1,25,0.0,99.79,28.49,32.41,25.28,49.85,1.05,37.7,15.42
2007,1,26,0.0,99.77,28.43,32.18,25.36,50.46,1.23,347.1,15.83
2007,1,27,0.0,99.63,28.85,32.42,25.93,53.14,1.26,26.3,13.33
2007,1,28,0.0,99.95,28.7,33.0,25.18,53.23,1.15,75.9,17.09
2007,1,29,0.0,99.69,29.29,33.27,26.03,57.2,1.23,38.4,15.36
2007,1,30,0.0,99.84,29.56,33.98,25.95,53.06,1.19,56.3,17.46
2007,1,31,0.0,99.63,27.93,31.77,24.79,56.67,0.65,37.5,16.3
2007,2,1,0.0,99.53,28.82,33.07,25.35,53.85,1.25,62.9,16.11
2007,2,2,0.0,99.77,28.33,31.97,25.35,51.39,0.87,56.6,17.16
2007,2,3,0.0,99.73,28.23,32.49,24.74,49.85,1.28,40.7,17.6
2007,2,4,0.0,99.66,27.89,32.12,24.43,54.28,1.39,15.4,15.87
2007,2,5,0.0,99.44,27.83,31.65,24.7,51.01,1.65,52.5,17.69
2007,2,6,0.0,99.77,28.61,32.79,25.19,51.72,1.19,1.5,16.12
2007,2,7,0.0,99.45,29.25,33.94,25.41,49.73,0.96,54.1,15.92
2007,2,8,0.0,99.73,29.24,33.55,25.71,52.06,1.52,64.8,15.85
2007,2,9,0.0,99.39,28.22,33.16,24.18,53.71,1.23,26.4,14.61
2007,2,10,0.0,99.44,28.14,32.3,24.73,50.92,1.95,7.9,13.08
2007,2,11,0.0,99.64,29.1,33.38,25.6,50.07,0.66,68.0,15.52
2007,2,12,0.0,99.69,28.62,32.61,25.35,52.25,0.98,40.7,16.78
2007,2,13,0.0,99.63,29.54,33.73,26.11,53.38,0.93,35.6,17.06
2007,2,14,0.0,99.49,28.12,31.97,24.97,52.05,1.91,45.6,14.31
2007,2,15,0.0,99.78,27.59,31.96,24.01,57.39,1.38,27.5,17.2
2007,2,16,0.0,99.61,29.3,33.2,26.11,52.37,0.49,357.0,15.28
2007,2,17,5.97,99.47,27.3,31.88,23.55,56.83,0.52,24.8,17.24
2007,2,18,0.0,99.55,27.83,31.58,24.76,54.58,1.53,41.2,17.34
2007,2,19,0.0,99.45,28.36,32.4,25.06,53.23,0.81,41.4,15.34
2007,2,20,0.0,99.78,28.61,32.66,25.3,49.42,1.21,351.5,16.19
2007,2,21,0.0,99.46,29.21,33.02,26.09,49.83,1.13,33.3,15.25
2007,2,22,0.0,99.88,28.06,32.24,24.64,49.06,1.96,87.0,17.86
2007,2,23,0.0,99.42,29.68,33.65,26.43,48.47,1.12,42.2,17.0
2007,2,24,2.36,99.57,27.58,32.08,23.9,54.24,1.05,65.4,16.45
2007,2,25,0.0,99.58,28.45,32.34,25.26,55.66,1.43,57.2,16.59
2007,2,26,0.0,99.55,29.27,33.5,25.81,54.22,1.64,23.1,19.02
2007,2,27,0.0,99.69,29.28,33.37,25.93,54.19,1.26,24.0,17.41
2007,2,28,0.0,99.71,26.57,30.63,23.25,49.37,0.35,52.5,18.26
2007,3,1,0.0,99.66,30.51,34.65,27.12,53.64,1.53,26.1,17.47
2007,3,2,0.0,99.37,28.37,32.68,24.85,53.76,0.7,73.6,17.17
2007,3,3,0.0,99.35,28.76,32.35,25.82,56.99,0.64,33.0,20.26
2007,3,4,0.0,99.33,28.3,32.42,24.93,53.27,1.04,64.9,16.16
2007,3,5,0.0,99.51,30.01,33.89,26.83,57.22,1.27,52.6,16.61
2007,3,6,0.0,99.93,29.38,33.28,26.19,52.72,1.78,55.4,17.98
2007,3,7,0.0,99.54,29.93,34.1,26.52,53.66,0.46,25.0,16.07
2007,3,8,0.0,99.92,28.75,33.16,25.14,55.69,1.29,72.6,15.95
2007,3,9,0.0,99.54,29.03,33.56,25.32,53.16,1.8,107.8,17.72
2007,3,10,0.0,99.57,27.63,31.57,24.4,48.26,1.2,16.5,16.88
2007,3,11,0.0,99.65,28.14,31.46,25.43,49.75,1.53,69.2,19.37
2007,3,12,0.0,99.48,28.93,33.05,25.56,60.03,1.5,43.1,18.94
2007,3,13,0.0,99.57,28.48,32.08,25.54,52.89,1.03,20.7,18.82
2007,3,14,0.0,99.22,28.3,32.52,24.85,54.6,1.48,13.8,18.59
2007,3,15,0.0,99.37,27.64,31.49,24.49,49.72,1.3,19.6,16.06
2007,3,16,0.0,99.22,28.97,33.15,25.55,53.7,1.13,23.5,18.06
2007,3,17,7.37,99.47,28.62,32.47,25.47,60.58,1.87,11.7,19.16
2007,3,18,0.0,99.27,28.8,32.57,25.72,47.62,1.2,75.4,17.88
2007,3,19,0.0,99.77,28.24,32.01,25.16,53.5,1.84,44.6,21.05
2007,3,20,0.0,99.58,28.0,32.19,24.57,53.54,1.14,56.7,19.67
2007,3,21,0.0,99.68,28.74,32.45,25.7,53.95,1.23,13.2,19.84
2007,3,22,0.0,99.39,28.57,32.79,25.11,59.04,1.19,79.5,19.09
2007,3,23,0.0,99.3,27.25,31.81,23.52,52.45,1.68,31.4,20.01
2007,3,24,0.0,99.44,28.05,32.58,24.35,51.95,0.96,83.0,18.38
2007,3,25,0.0,99.69,28.24,31.86,25.27,52.86,1.47,59.7,20.73
2007,3,26,0.0,99.87,27.27,30.96,24.25,60.07,1.45,20.8,17.46
2007,3,27,0.0,99.58,28.32,32.51,24.89,53.98,1.46,58.3,17.61
2007,3,28,0.0,99.25,28.15,31.91,25.08,55.25,2.1,47.8,18.89
2007,3,29,19.3,98.82,26.53,30.75,23.08,57.93,1.24,22.0,16.04
2007,3,30,0.0,99.21,26.6,30.17,23.68,54.17,2.37,19.9,17.78
2007,3,31,0.0,99.45,27.91,31.93,24.62,53.49,1.77,73.4,19.64
2007,4,1,0.0,99.42,28.82,33.11,25.31,54.35,0.8,84.9,18.61
2007,4,2,0.0,99.44,27.58,31.18,24.64,53.33,0.93,22.6,19.9
2007,4,3,0.0,99.26,27.79,31.77,24.53,50.75,1.76,55.6,21.84
2007,4,4,0.0,99.24,26.48,30.45,23.23,53.76,1.1,12.0,18.55
2007,4,5,0.0,99.46,27.21,31.38,23.8,58.9,1.48,77.6,21.08
2007,4,6,0.0,99.53,27.11,30.92,23.99,55.19,1.14,57.2,19.37
2007,4,7,36.92,98.3,25.03,28.62,22.09,70.3,1.24,18.7,16.6
2007,4,8,4.24,99.41,27.21,30.49,24.52,54.26,1.33,44.4,20.87
2007,4,9,0.0,99.6,27.29,31.62,23.74,56.2,1.82,42.8,22.21
2007,4,10,0.0,99.0,26.75,30.94,23.32,52.65,1.37,35.1,20.12
2007,4,11,0.0,99.7,26.88,30.82,23.65,56.5,2.01,87.0,20.66
2007,4,12,0.0,99.53,28.27,32.19,25.06,59.58,1.12,38.0,20.38
2007,4,13,0.0,99.57,26.33,30.37,23.02,57.65,1.81,109.9,21.58
2007,4,14,0.0,99.21,25.91,30.09,22.49,53.84,1.61,88.4,20.29
2007,4,15,0.0,99.53,25.83,29.18,23.09,57.34,1.07,56.5,20.43
2007,4,16,0.0,99.54,26.75,30.15,23.97,59.23,1.34,131.2,18.83
2007,4,17,0.0,99.25,24.72,28.07,21.98,55.43,1.54,58.6,19.93
2007,4,18,0.0,99.5,26.08,29.84,23.0,54.76,2.08,31.7,19.15
2007,4,19,0.0,99.33,25.69,29.58,22.5,57.86,1.58,100.1,18.56
2007,4,20,1.87,99.19,26.18,30.29,22.82,63.83,2.44,50.1,19.29
2007,4,21,0.0,99.3,26.18,29.19,23.72,56.07,1.56,111.0,18.62
2007,4,22,0.0,99.36,26.39,29.82,23.59,57.99,1.74,39.3,17.49
2007,4,23,0.0,99.26,26.5,30.31,23.38,56.28,2.24,56.4,18.83
2007,4,24,0.0,99.17,26.79,30.62,23.66,57.92,1.29,67.3,20.27
2007,4,25,0.0,99.37,25.67,29.35,22.66,60.09,2.25,100.6,18.96
2007,4,26,0.0,99.39,25.37,28.78,22.58,60.49,1.58,73.5,18.82
2007,4,27,3.75,99.21,26.2,29.7,23.33,55.72,1.77,74.3,18.77
2007,4,28,0.0,98.98,24.51,28.15,21.53,61.2,1.99,110.5,18.03
2007,4,29,0.0,99.15,26.12,29.3,23.52,67.28,1.62,127.4,18.17
2007,4,30,0.0,99.1,25.61,29.0,22.83,63.24,2.97,89.0,18.99
2007,5,1,10.99,99.27,25.3,28.52,22.66,68.72,2.08,72.1,18.59
2007,5,2,18.52,98.78,24.86,28.58,21.82,72.48,2.08,143.4,15.13
2007,5,3,0.0,99.16,25.35,28.65,22.65,61.84,1.85,101.5,18.33
2007,5,4,8.88,98.88,24.94,28.11,22.35,70.17,1.6,120.2,16.49
2007,5,5,18.98,98.69,23.55,26.91,20.8,77.25,2.58,98.3,17.1
2007,5,6,78.47,97.81,22.54,26.23,19.52,92.98,2.08,103.7,15.66
2007,5,7,47.44,97.65,24.25,27.7,21.43,86.61,2.35,104.3,13.71
2007,5,8,25.68,98.55,24.26,27.99,21.21,85.02,1.9,143.9,15.72
2007,5,9,45.88,97.9,23.64,27.3,20.65,93.37,2.62,156.9,15.23
2007,5,10,6.48,99.04,24.14,27.31,21.55,70.86,2.23,112.4,19.25
2007,5,11,75.06,97.76,22.61,25.99,19.84,88.97,1.76,118.9,13.15
2007,5,12,31.86,98.18,23.56,27.18,20.6,83.11,2.32,167.3,16.89
2007,5,13,37.02,97.92,23.74,26.9,21.16,90.64,2.77,189.2,12.9
2007,5,14,8.45,98.81,23.85,27.18,21.12,74.61,2.73,155.0,19.47
2007,5,15,0.0,99.3,24.54,27.53,22.09,74.34,2.7,151.8,18.79
2007,5,16,50.08,97.95,22.62,25.77,20.04,94.9,2.58,199.0,11.98
2007,5,17,40.43,97.97,23.07,26.19,20.52,88.92,2.64,155.0,12.57
2007,5,18,42.21,97.86,22.12,25.45,19.39,94.84,2.46,157.9,13.26
2007,5,19,22.82,98.35,23.85,26.88,21.37,86.97,3.15,140.8,16.0
2007,5,20,0.0,98.78,22.79,25.96,20.2,73.45,2.72,176.2,19.44
2007,5,21,36.8,98.22,21.44,24.63,18.83,97.35,2.58,142.0,13.93
2007,5,22,0.0,99.16,23.96,26.81,21.63,73.54,3.49,150.3,17.69
2007,5,23,0.0,98.91,23.86,26.79,21.46,78.52,3.32,157.1,18.93
2007,5,24,12.51,98.57,22.8,25.95,20.22,81.43,2.92,183.5,15.63
2007,5,25,12.77,98.51,22.56,26.06,19.69,82.67,2.78,161.6,16.74
2007,5,26,14.51,98.5,22.43,25.06,20.28,90.47,2.82,197.2,16.56
2007,5,27,38.13,97.85,21.08,24.18,18.54,94.75,2.61,147.5,12.83
2007,5,28,0.0,98.9,23.13,26.4,20.45,78.17,3.37,167.4,18.69
2007,5,29,0.0,99.06,22.0,24.94,19.59,79.3,3.73,182.3,16.25
2007,5,30,30.91,98.26,22.57,25.22,20.4,94.0,3.28,186.4,14.5
2007,5,31,9.98,98.5,22.82,25.69,20.47,85.92,3.68,203.9,16.1
2007,6,1,24.1,98.32,22.82,25.42,20.69,94.82,3.44,160.1,13.11
2007,6,2,7.63,98.81,22.62,25.33,20.4,84.85,2.59,188.7,14.26
2007,6,3,0.0,98.71,22.72,25.66,20.32,80.78,3.72,162.2,19.71
2007,6,4,31.27,98.11,21.52,24.32,19.23,99.0,3.11,208.9,14.29
2007,6,5,20.13,98.58,21.32,24.17,18.99,89.89,3.3,180.0,16.67
2007,6,6,20.9,98.29,20.85,23.31,18.84,90.98,2.89,217.6,15.56
2007,6,7,13.01,98.16,21.28,23.88,19.15,90.03,2.6,196.7,15.55
2007,6,8,10.95,98.12,21.7,24.62,19.31,86.89,3.05,201.3,15.81
2007,6,9,85.7,97.5,19.76,22.04,17.89,99.0,3.41,273.8,13.16
2007,6,10,0.0,98.85,23.26,25.62,21.33,75.44,3.38,229.3,16.29
2007,6,11,0.0,98.86,21.76,24.39,19.61,84.69,3.65,221.9,15.77
2007,6,12,82.11,97.5,20.48,23.04,18.39,99.0,3.48,204.6,12.24
2007,6,13,58.72,97.5,20.55,23.45,18.18,99.0,3.45,196.0,9.52
2007,6,14,0.0,98.66,22.96,24.98,21.31,85.81,3.2,194.0,16.57
2007,6,15,0.0,98.87,22.51,25.15,20.35,86.53,4.2,247.7,17.25
2007,6,16,31.8,98.13,20.59,23.62,18.11,99.0,4.19,193.4,11.58
2007,6,17,72.53,97.5,21.12,23.85,18.89,99.0,3.57,227.6,12.3
2007,6,18,106.76,97.5,19.01,21.21,17.21,99.0,2.96,197.4,8.82
2007,6,19,45.66,97.69,19.34,22.62,16.66,99.0,3.64,190.4,10.22
2007,6,20,64.63,97.5,19.93,22.38,17.92,99.0,3.04,204.6,11.07
2007,6,21,82.02,97.5,19.79,21.71,18.22,99.0,3.0,237.2,13.54
2007,6,22,15.48,98.01,21.64,24.44,19.35,95.05,3.93,248.3,12.42
2007,6,23,48.73,97.64,19.8,22.15,17.88,99.0,3.24,226.2,11.19
2007,6,24,77.68,97.5,19.85,22.92,17.34,99.0,3.39,217.5,9.54
2007,6,25,21.29,98.24,21.4,24.15,19.15,98.86,3.95,238.1,14.1
2007,6,26,0.0,98.76,21.61,24.74,19.05,84.79,3.79,218.6,16.08
2007,6,27,0.0,98.53,21.94,24.18,20.11,95.26,3.89,213.9,13.97
2007,6,28,147.74,97.5,18.9,21.77,16.55,99.0,4.32,200.4,10.71
2007,6,29,42.01,97.52,19.23,21.52,17.36,99.0,3.45,256.9,12.38
2007,6,30,12.57,98.14,21.47,24.07,19.34,95.03,3.79,212.5,16.27
2007,7,1,8.92,98.2,21.05,23.6,18.97,92.61,4.24,201.2,13.96
2007,7,2,58.09,97.5,19.4,22.28,17.05,99.0,3.33,222.8,12.51
2007,7,3,63.42,97.5,18.77,21.48,16.55,99.0,3.64,254.1,9.3
2007,7,4,44.03,97.62,19.18,21.54,17.25,99.0,4.02,250.3,11.81
2007,7,5,93.23,97.53,19.4,22.18,17.13,99.0,3.23,225.2,8.75
2007,7,6,71.45,97.5,18.96,21.41,16.96,99.0,3.79,218.3,10.56
2007,7,7,68.38,97.5,18.54,21.21,16.36,99.0,3.6,293.0,6.9
2007,7,8,112.22,97.5,18.53,21.09,16.44,99.0,3.36,209.6,10.18
2007,7,9,30.84,98.2,19.43,21.85,17.45,99.0,4.17,231.4,14.35
2007,7,10,102.45,97.5,18.85,20.96,17.12,99.0,4.06,212.9,9.33
2007,7,11,10.37,98.1,20.47,23.0,18.4,93.63,3.91,255.4,15.09
2007,7,12,19.48,98.17,21.38,23.67,19.51,98.66,3.98,256.0,12.12
2007,7,13,98.72,97.5,19.69,21.83,17.94,99.0,3.56,202.2,11.82
2007,7,14,36.88,97.99,19.76,22.46,17.55,99.0,3.73,237.0,10.11
2007,7,15,3.01,98.57,22.2,24.51,20.31,89.65,3.39,164.8,14.45
2007,7,16,85.91,97.52,18.93,20.92,17.3,99.0,3.99,233.4,9.06
2007,7,17,23.88,98.13,20.39,22.88,18.35,99.0,3.34,152.2,13.58
2007,7,18,11.07,98.43,20.8,23.25,18.79,96.76,3.49,237.9,12.96
2007,7,19,43.74,97.55,19.59,22.08,17.56,99.0,3.28,219.3,10.36
2007,7,20,84.69,97.5,18.49,20.98,16.45,99.0,3.74,187.4,6.45
2007,7,21,8.24,98.56,20.47,22.71,18.63,86.57,3.54,240.7,14.13
2007,7,22,84.79,97.5,18.45,20.87,16.47,99.0,3.78,225.8,9.98
2007,7,23,73.14,97.5,19.32,22.15,17.01,99.0,3.36,197.6,9.22
2007,7,24,109.37,97.5,19.04,21.83,16.76,99.0,3.31,242.2,7.15
2007,7,25,31.69,98.27,18.47,20.94,16.45,99.0,3.74,218.2,11.12
2007,7,26,12.22,98.79,20.94,23.68,18.7,94.43,3.5,230.2,14.18
2007,7,27,13.15,98.33,20.71,23.33,18.57,94.95,4.61,208.3,11.53
2007,7,28,0.0,98.9,22.29,24.8,20.23,80.46,3.76,211.2,11.61
2007,7,29,54.33,97.5,19.77,22.73,17.35,99.0,3.54,257.5,11.03
2007,7,30,56.31,97.5,19.92,22.31,17.97,99.0,3.96,196.0,9.85
2007,7,31,13.96,98.22,19.82,22.56,17.58,97.65,3.82,218.0,15.44
2007,8,1,100.37,97.5,19.98,22.19,18.17,99.0,3.49,216.3,9.57
2007,8,2,39.83,97.87,19.49,22.28,17.21,99.0,4.55,173.6,10.7
2007,8,3,28.4,98.2,19.63,22.15,17.57,99.0,3.8,212.5,10.0
2007,8,4,132.32,97.5,18.0,20.62,15.86,99.0,2.91,157.0,12.85
2007,8,5,56.19,97.5,20.23,22.89,18.05,99.0,3.18,256.3,10.16
2007,8,6,14.57,98.39,20.57,22.72,18.81,83.47,2.59,236.8,13.05
2007,8,7,56.07,97.5,19.3,21.64,17.39,99.0,2.69,139.8,9.24
2007,8,8,23.28,98.18,20.71,23.74,18.23,93.51,4.34,223.8,15.89
2007,8,9,78.34,97.5,20.76,23.61,18.43,99.0,3.69,192.4,10.51
2007,8,10,8.92,98.48,20.98,24.23,18.32,85.39,2.51,146.0,15.8
2007,8,11,9.75,98.85,21.14,23.63,19.1,83.55,3.11,134.7,14.98
2007,8,12,15.51,98.64,21.64,24.76,19.08,83.56,2.94,181.1,15.66
2007,8,13,0.0,99.09,21.43,24.47,18.94,76.34,4.05,226.0,15.41
2007,8,14,0.0,99.0,21.09,24.35,18.43,77.33,2.12,243.2,15.6
2007,8,15,0.0,98.69,20.19,23.12,17.79,75.48,2.74,182.4,15.34
2007,8,16,0.0,98.81,22.7,25.71,20.23,69.6,2.7,143.7,17.13
2007,8,17,44.03,97.68,20.22,22.98,17.96,98.41,2.64,220.7,12.44
2007,8,18,24.22,98.27,21.28,24.23,18.86,87.94,2.97,140.3,15.69
2007,8,19,22.7,98.55,20.66,23.58,18.27,86.54,3.17,154.2,13.57
2007,8,20,0.0,98.67,22.44,25.15,20.22,75.36,2.6,180.0,14.71
2007,8,21,0.0,98.84,21.61,24.75,19.04,73.11,2.73,195.1,16.73
2007,8,22,0.0,98.89,22.18,25.56,19.41,76.89,2.37,123.5,16.32
2007,8,23,0.0,98.73,22.2,25.67,19.36,71.29,2.36,152.2,15.27
2007,8,24,0.0,99.01,22.97,25.92,20.56,70.54,2.81,168.3,14.62
2007,8,25,41.76,97.88,21.01,24.19,18.41,92.21,2.84,79.9,12.82
2007,8,26,41.45,98.16,20.19,23.37,17.59,94.33,1.89,92.8,9.78
2007,8,27,0.0,98.96,22.76,26.4,19.78,71.78,2.27,96.1,15.86
2007,8,28,10.88,98.83,21.71,25.46,18.64,75.24,2.39,146.8,16.5
2007,8,29,0.0,99.05,21.89,24.82,19.5,70.3,2.34,153.5,16.33
2007,8,30,0.0,98.59,22.9,26.34,20.08,70.91,2.35,168.0,14.94
2007,8,31,24.95,98.16,21.71,25.19,18.87,84.76,1.46,140.9,14.03
2007,9,1,0.0,99.12,21.79,25.09,19.09,68.56,2.79,195.3,16.07
2007,9,2,0.0,99.13,22.32,25.35,19.84,66.21,2.32,144.4,19.76
2007,9,3,0.0,99.06,23.26,26.85,20.32,65.75,3.38,161.8,19.15
2007,9,4,0.0,99.32,23.07,26.82,20.0,68.24,2.52,148.6,17.13
2007,9,5,0.0,99.18,23.16,26.44,20.47,69.09,2.4,127.2,17.19
2007,9,6,0.0,99.38,24.21,27.99,21.11,67.05,1.9,162.3,15.41
2007,9,7,0.0,98.67,23.67,27.14,20.83,65.13,1.97,133.7,15.33
2007,9,8,25.97,98.78,21.91,25.79,18.73,78.49,2.47,96.4,14.24
2007,9,9,0.0,99.02,22.8,26.7,19.61,67.66,2.03,116.3,16.92
2007,9,10,0.0,99.14,22.67,26.19,19.79,61.58,1.85,99.6,17.15
2007,9,11,17.48,98.92,22.18,25.84,19.19,72.92,2.81,85.1,14.01
2007,9,12,0.0,98.77,22.14,25.51,19.38,68.31,2.2,85.7,17.38
2007,9,13,0.0,99.11,22.46,25.59,19.9,67.21,2.34,120.6,14.98
2007,9,14,2.68,99.28,23.72,27.38,20.72,65.64,1.9,62.6,15.95
2007,9,15,0.0,99.06,24.5,27.7,21.88,61.93,2.46,107.3,17.19
2007,9,16,0.0,99.35,23.52,27.72,20.09,62.28,1.77,83.6,14.09
2007,9,17,0.0,99.31,23.04,26.99,19.81,62.95,2.41,68.4,15.6
2007,9,18,6.07,99.07,20.96,24.56,18.01,71.68,1.76,92.6,16.03
2007,9,19,9.11,99.08,24.47,28.86,20.88,70.07,2.54,97.8,15.7
2007,9,20,0.0,99.44,22.76,26.26,19.9,64.46,2.4,149.7,15.26
2007,9,21,0.0,99.32,22.72,26.29,19.8,61.31,1.73,62.6,15.16
2007,9,22,16.97,98.96,22.91,26.49,19.98,69.49,2.74,99.0,15.4
2007,9,23,41.54,98.03,22.16,25.84,19.15,82.82,1.92,102.4,10.94
2007,9,24,16.69,98.92,23.24,26.86,20.28,73.18,2.5,85.9,14.28
2007,9,25,59.4,97.84,21.35,25.18,18.21,87.62,1.41,128.2,11.92
2007,9,26,0.0,99.44,24.29,27.73,21.48,58.56,2.1,94.3,16.08
2007,9,27,0.0,99.03,23.68,27.43,20.61,54.42,1.98,111.3,16.1
2007,9,28,6.73,99.27,23.47,27.04,20.55,63.76,1.67,68.6,16.6
2007,9,29,0.0,99.09,23.94,27.68,20.88,63.67,2.18,51.1,15.07
2007,9,30,16.27,99.27,23.05,26.48,20.24,68.0,2.31,80.4,13.78
2007,10,1,0.0,99.1,23.34,26.83,20.48,61.89,2.01,79.8,16.13
2007,10,2,0.0,99.05,23.43,27.74,19.9,57.46,1.96,75.6,15.17
2007,10,3,5.07,99.08,23.33,26.81,20.49,62.59,1.91,93.4,15.2
2007,10,4,0.0,99.45,24.67,28.54,21.5,58.44,2.01,72.7,14.85
2007,10,5,0.0,99.33,24.67,28.25,21.74,60.26,2.12,73.6,15.13
2007,10,6,0.0,99.57,24.24,27.68,21.42,61.31,2.1,126.7,16.51
2007,10,7,0.0,99.21,24.31,28.05,21.25,62.75,2.05,59.4,14.76
2007,10,8,4.27,99.07,25.15,28.63,22.3,62.07,1.66,124.3,15.96
2007,10,9,0.0,99.14,24.9,28.76,21.75,57.81,2.22,111.4,16.44
2007,10,10,0.0,99.18,25.68,29.35,22.67,56.85,2.06,120.0,14.0
2007,10,11,0.0,99.02,24.21,28.28,20.88,64.26,2.0,120.6,16.17
2007,10,12,0.0,99.15,23.84,27.18,21.11,59.07,1.78,86.2,13.23
2007,10,13,0.0,99.05,25.39,29.16,22.31,62.94,2.25,71.0,12.22
2007,10,14,0.0,99.4,24.71,28.5,21.61,57.18,1.1,82.2,16.27
2007,10,15,0.0,99.54,24.2,27.6,21.42,66.18,1.87,91.5,14.92
2007,10,16,0.0,99.31,25.14,28.63,22.29,69.73,1.75,59.7,14.4
2007,10,17,0.0,99.15,24.34,27.61,21.66,63.02,1.73,104.7,14.95
2007,10,18,7.33,99.22,25.06,28.29,22.42,65.47,1.82,82.5,12.45
2007,10,19,0.0,99.26,25.25,28.87,22.29,66.43,1.54,100.0,14.1
2007,10,20,0.0,99.45,24.78,28.64,21.62,61.17,1.81,90.3,15.37
2007,10,21,0.0,99.1,23.8,27.4,20.86,62.85,1.51,122.4,16.43
2007,10,22,9.23,98.88,24.0,27.6,21.05,60.18,2.12,112.3,13.31
2007,10,23,26.93,98.73,25.04,28.3,22.37,77.58,2.33,80.8,12.96
2007,10,24,8.86,99.05,25.96,29.0,23.47,71.22,2.38,101.1,12.24
2007,10,25,8.42,99.23,26.61,30.31,23.58,66.57,2.2,38.4,14.29
2007,10,26,0.0,99.12,25.46,28.88,22.66,62.09,1.78,87.3,13.6
2007,10,27,7.39,99.17,24.16,27.27,21.62,66.27,1.58,107.9,12.98
2007,10,28,5.82,99.23,25.96,29.41,23.14,72.2,1.76,73.9,12.79
2007,10,29,34.5,98.14,23.74,27.4,20.74,83.18,1.89,122.4,8.94
2007,10,30,52.89,97.96,22.87,26.57,19.84,85.73,1.78,65.0,7.42
2007,10,31,29.99,98.17,24.43,28.08,21.45,79.01,2.94,110.1,10.93
2007,11,1,2.94,99.48,26.65,30.05,23.87,68.16,2.29,97.3,11.84
2007,11,2,0.0,99.05,25.42,29.17,22.35,61.4,2.24,132.1,13.83
2007,11,3,0.0,99.26,25.55,29.14,22.62,67.16,2.14,85.8,11.53
2007,11,4,0.0,99.29,24.52,27.87,21.78,63.27,1.83,96.2,11.8
2007,11,5,0.0,99.12,25.72,29.01,23.03,66.81,2.06,138.1,13.47
2007,11,6,0.0,99.63,26.16,29.81,23.17,62.42,2.27,138.0,13.85
2007,11,7,0.0,99.18,25.69,29.53,22.55,65.64,2.37,46.6,14.84
2007,11,8,6.59,99.1,25.53,29.3,22.44,68.37,2.1,57.9,11.87
2007,11,9,0.0,99.19,26.02,29.68,23.02,62.92,2.27,137.8,14.02
2007,11,10,0.0,99.19,25.19,28.99,22.08,66.77,1.79,130.4,12.49
2007,11,11,0.0,99.3,24.39,28.67,20.88,66.39,1.36,119.5,15.03
2007,11,12,0.0,99.46,25.97,29.69,22.93,60.76,2.45,92.8,11.75
2007,11,13,0.0,99.36,25.95,29.64,22.93,60.36,1.71,94.0,12.74
2007,11,14,0.0,99.2,26.57,30.38,23.45,61.46,1.69,52.5,11.87
2007,11,15,0.0,99.35,27.91,31.79,24.74,61.07,1.57,80.1,13.83
2007,11,16,0.0,99.11,27.2,30.52,24.49,64.56,2.0,116.0,13.76
2007,11,17,15.37,99.19,24.3,28.04,21.24,70.85,1.66,86.4,13.49
2007,11,18,14.71,98.91,27.6,31.58,24.34,66.69,2.41,114.0,13.45
2007,11,19,4.68,99.18,26.77,30.97,23.33,61.02,2.38,116.1,12.43
2007,11,20,0.0,99.03,26.37,30.11,23.31,60.86,1.95,112.0,11.85
2007,11,21,0.0,99.3,27.65,31.27,24.69,62.68,1.52,96.2,15.23
2007,11,22,8.12,99.5,24.57,28.38,21.46,68.8,2.47,74.4,13.29
2007,11,23,4.06,99.41,26.21,29.81,23.27,62.36,2.18,87.0,13.13
2007,11,24,1.57,99.57,26.89,31.11,23.44,59.85,1.47,51.0,12.37
2007,11,25,0.0,99.44,26.93,30.87,23.71,58.4,1.86,31.5,12.3
2007,11,26,0.0,98.95,28.01,31.81,24.9,56.67,1.79,81.0,13.58
2007,11,27,0.0,99.45,27.84,31.98,24.45,58.19,1.88,57.1,14.07
2007,11,28,0.0,99.48,27.55,31.08,24.66,56.73,1.69,52.9,14.7
2007,11,29,0.0,99.61,26.95,30.24,24.26,56.65,1.62,66.0,15.08
2007,11,30,0.0,99.45,27.88,31.87,24.62,59.16,2.71,93.6,13.73
2007,12,1,0.0,99.32,26.85,31.03,23.43,53.16,1.8,100.1,13.09
2007,12,2,0.0,99.45,27.87,31.73,24.71,51.54,1.31,39.8,15.96
2007,12,3,0.0,99.41,26.88,30.61,23.83,53.96,1.39,119.4,13.63
2007,12,4,0.0,99.57,27.65,31.31,24.65,58.56,2.24,74.4,11.73
2007,12,5,0.0,99.47,26.49,30.09,23.55,57.06,1.39,77.0,12.91
2007,12,6,0.0,99.31,28.29,32.42,24.91,58.46,1.15,32.7,12.18
2007,12,7,0.0,99.6,27.31,31.5,23.88,50.95,1.51,57.5,13.76
2007,12,8,0.0,99.37,26.72,30.94,23.26,56.77,1.4,54.8,16.46
2007,12,9,52.42,98.14,25.05,29.03,21.79,73.08,1.99,7.2,10.21
2007,12,10,0.0,99.43,27.57,31.24,24.56,51.86,2.05,54.1,14.96
2007,12,11,0.0,99.56,27.19,31.0,24.08,51.04,1.32,76.5,14.42
2007,12,12,10.62,99.01,27.96,32.14,24.54,57.15,1.73,38.2,15.17
2007,12,13,0.0,99.54,27.74,31.48,24.68,61.68,1.35,31.0,15.22
2007,12,14,0.0,99.73,28.63,32.63,25.36,55.59,1.09,80.9,15.07
2007,12,15,0.03,99.56,27.83,31.59,24.76,48.78,2.06,55.7,13.82
2007,12,16,0.0,99.42,28.57,32.42,25.42,49.37,2.11,47.5,11.87
2007,12,17,0.0,99.48,28.12,31.85,25.07,53.85,1.5,53.3,11.78
2007,12,18,0.0,99.6,27.98,32.04,24.66,53.96,1.12,63.9,13.12
2007,12,19,0.0,99.66,27.47,31.13,24.48,51.58,0.97,71.6,16.94
2007,12,20,0.0,99.83,28.29,32.15,25.13,57.96,1.59,74.6,13.07
2007,12,21,5.17,99.14,28.59,32.9,25.07,53.47,1.84,57.9,15.05
2007,12,22,0.0,99.61,27.83,32.2,24.26,55.62,1.38,81.7,14.73
2007,12,23,0.0,99.6,28.34,32.61,24.85,55.2,1.74,353.9,15.33
2007,12,24,0.0,99.56,28.0,32.48,24.34,59.56,1.24,75.0,14.75
2007,12,25,0.0,99.64,29.78,33.51,26.73,59.6,1.1,38.3,12.82
2007,12,26,0.0,99.53,28.67,32.74,25.34,54.62,1.41,11.2,15.95
2007,12,27,0.0,99.4,28.55,32.67,25.18,52.71,0.54,72.7,16.06
2007,12,28,0.0,99.62,28.18,32.82,24.39,53.54,1.12,44.2,15.37
2007,12,29,0.0,99.7,29.17,33.21,25.87,54.2,1.61,68.8,15.46
2007,12,30,0.0,99.57,28.57,32.9,25.03,47.22,0.37,35.5,15.01
2007,12,31,0.0,99.78,28.56,33.13,24.82,48.19,0.8,52.3,14.16
2008,1,1,0.0,99.55,28.61,32.77,25.21,54.73,1.22,35.8,15.41
2008,1,2,0.0,99.68,27.91,31.91,24.64,55.83,0.81,40.9,14.89
2008,1,3,0.0,99.31,29.75,33.77,26.46,56.17,1.09,24.2,13.9
2008,1,4,0.0,100.0,29.37,33.02,26.38,51.41,0.49,7.0,15.33
2008,1,5,0.0,99.55,28.75,32.75,25.48,52.92,1.51,11.4,15.69
2008,1,6,0.0,99.51,28.69,32.42,25.63,50.72,1.68,46.6,14.91
2008,1,7,0.0,99.55,28.17,32.51,24.62,57.15,0.69,24.8,15.1
2008,1,8,0.0,99.43,27.77,31.47,24.75,50.91,1.35,55.4,14.18
2008,1,9,0.0,99.39,28.2,32.43,24.74,49.81,1.19,36.3,14.61
2008,1,10,0.0,99.61,29.64,34.08,26.01,51.56,1.44,26.8,14.09
2008,1,11,0.0,99.62,28.58,32.91,25.04,50.91,1.83,89.0,13.65
2008,1,12,0.0,99.64,29.62,33.61,26.35,51.8,0.83,23.0,13.62
2008,1,13,0.0,99.59,28.86,33.19,25.31,54.53,1.75,45.0,15.17
2008,1,14,0.0,99.58,28.29,32.42,24.91,52.36,1.91,88.8,15.92
2008,1,15,0.0,99.38,28.39,32.39,25.12,50.35,0.61,66.2,15.16
2008,1,16,0.0,99.51,29.09,33.11,25.8,50.18,1.65,48.9,16.14
2008,1,17,0.0,99.63,27.8,32.05,24.33,50.51,0.94,20.9,15.0
2008,1,18,0.0,99.5,28.4,32.1,25.38,46.56,1.51,343.1,15.79
2008,1,19,0.0,99.65,28.63,32.62,25.37,54.54,0.97,327.4,15.87
2008,1,20,0.0,99.58,29.53,33.76,26.07,53.74,1.06,29.2,15.04
2008,1,21,0.0,99.57,29.16,33.14,25.9,56.37,1.02,88.3,12.77
2008,1,22,0.0,99.64,29.1,32.87,26.02,53.08,0.91,18.5,15.7
2008,1,23,0.0,99.69,29.3,33.18,26.13,47.79,1.56,11.7,14.22
2008,1,24,0.0,99.73,29.71,33.88,26.3,52.44,1.46,33.4,14.81
2008,1,25,0.0,99.96,29.02,33.28,25.54,52.53,1.47,43.8,17.41
2008,1,26,0.0,99.75,28.27,32.69,24.65,54.09,1.13,47.9,16.02
2008,1,27,0.0,99.33,29.13,33.47,25.58,57.05,1.17,72.5,14.75
2008,1,28,0.0,99.4,28.41,32.75,24.86,48.56,1.41,15.6,16.08
2008,1,29,0.0,99.55,27.55,31.15,24.61,53.61,0.97,75.7,15.34
2008,1,30,0.0,99.46,29.13,33.46,25.59,51.55,1.09,58.3,14.55
2008,1,31,0.0,99.67,29.36,33.34,26.1,59.22,1.62,23.5,14.88
2008,2,1,0.0,99.69,29.24,32.97,26.19,54.49,1.42,14.5,16.56
2008,2,2,0.0,99.51,29.35,33.63,25.85,51.29,1.71,3.1,15.99
2008,2,3,0.0,99.81,29.77,33.94,26.36,55.84,0.31,72.8,14.28
2008,2,4,0.0,99.86,28.31,32.68,24.74,51.35,1.83,31.5,16.39
2008,2,5,0.0,99.27,28.71,32.69,25.46,53.94,1.63,31.5,15.54
2008,2,6,0.0,99.34,28.08,32.2,24.71,50.96,1.63,47.0,15.61
2008,2,7,0.0,99.79,29.29,32.92,26.32,52.25,0.66,9.1,17.2
2008,2,8,0.0,99.75,29.82,34.48,26.01,55.61,1.07,82.8,17.03
2008,2,9,0.0,99.68,28.57,32.32,25.5,51.02,1.11,49.5,16.3
2008,2,10,0.0,99.59,29.45,33.35,26.26,43.56,1.34,48.7,17.0
2008,2,11,0.0,99.57,28.4,32.24,25.26,49.94,1.95,37.7,16.09
2008,2,12,0.0,99.68,29.38,33.56,25.96,56.22,1.36,1.9,15.63
2008,2,13,0.0,99.62,27.35,31.24,24.17,56.51,1.72,70.1,13.88
2008,2,14,0.0,99.82,29.97,34.39,26.36,50.07,1.81,104.0,17.51
2008,2,15,0.0,99.46,28.13,32.34,24.69,47.62,1.54,16.7,17.66
2008,2,16,0.0,99.59,28.99,32.7,25.95,50.78,1.36,14.5,18.02
2008,2,17,0.0,99.74,29.84,34.17,26.29,54.81,1.75,16.7,15.65
2008,2,18,0.0,99.61,28.03,32.4,24.45,51.5,0.68,20.1,16.56
2008,2,19,0.0,99.7,30.06,33.98,26.85,46.55,1.52,81.5,15.01
2008,2,20,0.0,99.7,30.28,34.08,27.17,53.72,1.86,12.3,17.46
2008,2,21,0.0,99.5,29.27,33.5,25.81,55.03,1.34,106.7,16.77
2008,2,22,0.0,99.39,28.78,33.08,25.26,56.58,1.51,93.2,16.92
2008,2,23,4.19,99.33,28.46,32.3,25.32,48.69,1.67,63.5,18.92
2008,2,24,0.0,99.38,29.13,33.5,25.55,55.38,1.14,57.7,17.32
2008,2,25,0.54,99.22,29.21,33.17,25.97,53.01,2.43,65.7,18.94
2008,2,26,0.0,99.76,27.28,31.72,23.65,50.36,0.83,26.1,17.78
2008,2,27,0.0,99.23,28.47,32.15,25.46,47.61,0.57,9.2,17.73
2008,2,28,0.0,99.9,28.23,32.14,25.03,47.04,1.55,45.0,15.63
2008,2,29,0.0,99.47,28.11,32.17,24.79,50.11,1.05,3.7,16.49
2008,3,1,0.0,99.51,28.1,31.94,24.96,50.0,1.35,21.0,16.09
2008,3,2,0.0,99.28,27.66,31.76,24.3,52.0,1.39,63.6,17.91
2008,3,3,0.0,99.62,29.62,33.63,26.34,56.47,1.46,53.5,15.01
2008,3,4,0.0,99.51,28.1,32.15,24.79,52.15,0.79,81.5,20.17
2008,3,5,0.0,99.56,28.38,32.38,25.11,48.05,1.01,34.1,18.11
2008,3,6,0.0,99.41,28.23,31.98,25.16,49.55,1.72,91.9,16.25
2008,3,7,0.0,99.63,28.04,32.14,24.69,53.37,1.09,24.1,17.59
2008,3,8,0.0,99.4,28.68,32.75,25.35,50.36,1.25,68.2,19.7
2008,3,9,0.0,99.56,28.14,31.96,25.01,52.17,1.07,47.5,17.98
2008,3,10,0.0,99.62,28.75,33.19,25.11,55.76,1.47,74.0,17.31
2008,3,11,0.0,99.8,29.39,33.58,25.97,54.39,1.13,22.8,18.59
2008,3,12,0.0,99.68,27.49,31.78,23.98,51.07,1.91,68.3,18.09
2008,3,13,0.0,99.55,28.45,32.32,25.28,49.91,1.0,57.1,18.64
2008,3,14,0.0,99.53,28.39,31.85,25.56,58.21,0.75,20.1,17.85
2008,3,15,0.0,99.58,27.33,31.9,23.59,50.79,0.84,107.7,18.53
2008,3,16,0.0,99.66,28.56,32.69,25.18,59.5,1.74,41.2,18.82
2008,3,17,0.0,99.39,27.89,32.08,24.47,57.39,0.85,68.8,19.29
2008,3,18,0.0,99.68,29.14,33.31,25.73,52.66,0.79,62.7,19.75
2008,3,19,0.0,99.34,28.69,32.88,25.26,49.56,1.6,11.4,17.32
2008,3,20,0.0,99.59,27.95,31.73,24.85,53.15,2.0,73.6,17.53
2008,3,21,0.0,99.6,27.76,31.55,24.66,56.8,2.14,13.1,17.76
2008,3,22,0.0,99.38,29.08,32.87,25.98,52.12,1.28,35.2,21.46
2008,3,23,0.0,99.22,27.42,31.64,23.97,49.58,0.2,56.8,17.56
2008,3,24,0.0,99.45,27.97,31.7,24.92,51.78,1.27,49.2,19.8
2008,3,25,0.0,99.02,27.69,31.33,24.71,54.53,1.81,65.8,18.08
2008,3,26,1.76,99.41,28.46,32.34,25.29,55.82,0.96,343.5,18.82
2008,3,27,0.0,99.26,28.54,32.52,25.29,53.86,1.15,9.4,19.17
2008,3,28,0.71,100.02,27.95,31.98,24.65,52.82,1.49,68.8,16.5
2008,3,29,0.0,99.67,27.18,31.09,23.98,53.51,1.83,45.7,20.9
2008,3,30,0.0,99.48,27.39,31.56,23.98,52.68,1.02,61.2,20.15
2008,3,31,0.0,99.71,26.59,30.94,23.03,54.47,1.81,63.9,19.71
2008,4,1,0.0,99.59,27.57,31.61,24.27,54.96,1.68,25.1,20.43
2008,4,2,0.0,99.25,26.78,31.12,23.23,53.69,1.32,17.1,18.03
2008,4,3,0.0,99.34,28.86,33.02,25.46,52.16,1.72,76.0,18.11
2008,4,4,0.0,99.63,26.86,30.6,23.8,58.18,1.83,35.5,19.52
2008,4,5,0.0,99.27,27.9,31.66,24.82,55.68,2.08,62.6,20.1
2008,4,6,14.01,99.16,27.64,31.38,24.58,64.74,2.04,54.3,16.38
2008,4,7,0.0,99.55,27.65,31.58,24.44,53.14,1.05,26.9,21.2
2008,4,8,0.0,99.38,26.66,30.55,23.48,55.16,1.68,45.7,20.91
2008,4,9,0.0,99.45,26.55,30.67,23.18,53.49,1.49,89.3,18.71
2008,4,10,0.0,99.56,28.95,32.86,25.75,59.81,1.67,67.3,20.49
2008,4,11,0.0,99.55,28.21,32.22,24.93,53.05,1.56,54.1,19.44
2008,4,12,53.17,98.15,24.98,28.59,22.03,75.51,1.62,76.0,14.35
2008,4,13,0.0,99.39,26.47,30.45,23.21,56.78,1.57,104.8,19.68
2008,4,14,0.0,99.49,26.03,29.8,22.95,53.6,1.36,67.2,18.09
2008,4,15,0.0,99.01,26.14,29.88,23.08,61.11,1.71,128.6,20.29
2008,4,16,0.0,99.64,27.0,30.7,23.98,53.51,1.99,80.1,20.61
2008,4,17,0.0,99.34,28.05,32.33,24.55,57.11,1.59,64.4,20.4
2008,4,18,0.0,99.22,26.28,29.8,23.4,56.95,1.49,84.9,21.44
2008,4,19,0.0,99.45,27.13,31.14,23.85,59.31,1.79,139.7,18.62
2008,4,20,0.0,99.44,26.85,30.65,23.74,56.59,1.88,116.7,20.35
2008,4,21,1.58,99.11,25.88,29.3,23.08,60.8,1.5,40.7,22.05
2008,4,22,0.0,99.33,26.77,30.46,23.75,57.2,1.64,40.3,21.51
2008,4,23,0.0,99.32,26.71,29.82,24.16,57.2,1.39,76.6,21.11
2008,4,24,0.0,99.29,26.56,30.77,23.12,59.83,1.98,148.6,20.25
2008,4,25,0.0,99.58,25.55,29.17,22.59,60.61,1.76,93.6,19.64
2008,4,26,53.65,97.93,24.26,28.26,20.99,82.58,2.44,71.3,14.91
2008,4,27,6.72,99.08,26.24,30.28,22.93,64.46,2.15,150.9,18.92
2008,4,28,7.06,98.96,25.98,29.48,23.12,70.04,2.24,124.6,19.68
2008,4,29,0.0,99.1,26.26,29.9,23.28,63.69,2.08,90.2,20.45
2008,4,30,64.15,97.81,23.28,26.94,20.29,86.04,2.39,84.7,12.75
2008,5,1,34.36,98.28,24.72,28.82,21.36,85.79,1.47,132.2,15.02
2008,5,2,28.51,98.47,25.02,28.52,22.15,76.3,2.12,80.1,15.41
2008,5,3,14.86,98.87,24.25,27.77,21.37,78.98,2.05,95.6,17.15
2008,5,4,0.0,99.2,24.11,27.23,21.56,60.84,2.64,116.5,18.86
2008,5,5,45.42,98.07,24.32,27.55,21.68,91.56,1.76,101.9,15.08
2008,5,6,0.0,99.19,24.58,27.89,21.87,61.98,2.37,93.3,19.38
2008,5,7,58.47,97.8,22.3,26.08,19.2,89.08,2.82,131.9,14.72
2008,5,8,49.54,98.38,22.9,26.82,19.69,88.12,2.33,129.1,14.4
2008,5,9,0.0,99.35,24.45,27.96,21.58,72.71,2.37,134.4,18.37
2008,5,10,71.49,97.55,21.21,24.65,18.39,93.18,2.56,74.7,12.49
2008,5,11,65.43,97.82,23.09,26.6,20.22,90.8,2.41,164.9,12.77
2008,5,12,0.0,98.9,24.98,28.08,22.44,71.68,2.69,83.3,17.67
2008,5,13,0.0,98.98,23.57,27.22,20.59,71.56,3.0,148.3,19.1
2008,5,14,0.0,99.2,24.19,27.04,21.86,73.31,2.74,206.5,18.74
2008,5,15,36.42,98.27,21.95,25.04,19.42,91.39,2.65,171.1,15.0
2008,5,16,46.32,97.99,21.58,24.95,18.83,92.52,2.99,140.4,14.38
2008,5,17,0.0,98.93,23.53,26.56,21.05,66.94,3.31,137.1,17.59
2008,5,18,54.57,97.55,22.23,26.05,19.11,94.6,2.52,151.2,12.14
2008,5,19,27.02,98.36,24.11,27.41,21.41,89.33,3.53,189.5,13.18
2008,5,20,0.0,98.95,23.41,26.77,20.66,71.81,2.62,176.9,17.03
2008,5,21,0.0,99.15,24.21,27.07,21.87,74.91,3.02,163.3,15.62
2008,5,22,0.0,98.93,24.1,27.41,21.39,78.74,3.04,194.0,17.68
2008,5,23,32.28,98.11,20.68,23.92,18.03,94.11,3.09,131.3,13.2
2008,5,24,2.01,98.62,22.33,25.76,19.52,75.61,2.36,153.5,16.82
2008,5,25,0.0,99.11,24.74,27.11,22.8,79.61,2.54,158.4,16.88
2008,5,26,59.77,97.5,20.88,23.62,18.64,99.0,2.89,206.1,9.47
2008,5,27,0.0,98.52,23.48,26.51,21.0,78.44,2.82,184.5,14.7
2008,5,28,0.0,99.0,23.32,26.34,20.85,77.12,3.3,248.4,17.7
2008,5,29,56.63,97.5,19.53,22.42,17.17,97.2,3.58,204.5,12.02
2008,5,30,52.21,97.74,20.47,22.93,18.46,99.0,2.38,163.8,13.78
2008,5,31,37.32,97.94,21.9,24.82,19.51,99.0,2.74,212.4,14.01
2008,6,1,39.68,97.75,20.57,23.5,18.17,99.0,3.0,168.0,12.49
2008,6,2,0.0,99.19,22.48,25.31,20.16,80.67,2.8,177.5,14.18
2008,6,3,0.0,99.15,21.84,24.64,19.55,83.2,3.13,188.6,17.53
2008,6,4,23.7,98.24,21.08,24.14,18.58,91.11,2.95,201.9,16.1
2008,6,5,115.98,97.5,20.19,22.93,17.95,99.0,3.49,200.6,9.1
2008,6,6,0.0,98.77,21.19,23.62,19.21,81.3,4.36,202.2,16.56
2008,6,7,0.0,98.53,23.25,26.39,20.68,84.58,3.02,170.5,16.08
2008,6,8,0.0,99.07,21.4,24.51,18.85,85.22,3.84,199.3,13.66
2008,6,9,24.34,98.08,21.22,23.94,19.0,96.07,4.39,209.8,12.51
2008,6,10,31.48,98.26,20.48,23.43,18.06,99.0,3.15,226.8,13.78
2008,6,11,58.78,97.5,20.95,23.23,19.08,99.0,4.25,191.1,12.92
2008,6,12,24.38,98.25,20.31,22.96,18.14,93.83,3.12,128.6,13.98
2008,6,13,48.59,97.58,19.6,21.8,17.8,99.0,3.94,238.5,11.69
2008,6,14,25.13,98.29,20.09,23.06,17.66,97.94,3.18,224.5,13.56
2008,6,15,18.24,98.17,19.57,21.81,17.74,92.13,2.8,172.7,15.0
2008,6,16,40.03,98.02,20.68,23.2,18.62,99.0,3.92,170.1,11.65
2008,6,17,121.61,97.5,19.9,22.58,17.7,99.0,3.74,231.3,11.1
2008,6,18,0.0,99.04,21.98,24.82,19.66,84.0,3.53,205.7,17.63
2008,6,19,69.28,97.5,20.35,23.1,18.1,99.0,2.95,175.7,9.4
2008,6,20,0.0,98.79,21.81,24.71,19.43,81.67,4.09,186.9,15.76
2008,6,21,20.76,98.29,20.54,23.34,18.25,97.34,4.02,214.0,13.39
2008,6,22,90.39,97.5,19.82,22.75,17.42,99.0,2.93,198.0,10.07
2008,6,23,73.33,97.57,19.24,21.32,17.54,99.0,3.73,206.4,9.93
2008,6,24,68.96,97.5,20.33,22.75,18.35,99.0,3.86,223.6,10.29
2008,6,25,19.61,98.22,20.47,23.13,18.29,97.83,3.24,251.9,13.35
2008,6,26,7.93,98.53,21.07,24.03,18.65,86.3,4.07,239.7,13.87
2008,6,27,33.59,97.5,20.53,22.91,18.58,99.0,4.65,230.9,12.83
2008,6,28,26.67,97.96,21.96,25.01,19.46,97.29,4.12,265.1,12.33
2008,6,29,0.0,98.63,20.64,23.24,18.51,91.27,4.39,200.0,14.39
2008,6,30,80.02,97.69,18.46,20.76,16.57,99.0,4.07,225.4,9.15
2008,7,1,88.57,97.5,19.11,21.29,17.33,99.0,3.31,210.9,10.93
2008,7,2,32.34,97.99,19.44,22.13,17.24,99.0,4.07,224.7,10.28
2008,7,3,52.39,97.5,19.71,22.02,17.82,99.0,3.26,227.8,10.47
2008,7,4,23.08,98.12,20.41,22.81,18.44,99.0,3.56,211.6,13.34
2008,7,5,78.46,97.5,18.39,20.91,16.33,99.0,3.67,219.4,7.03
2008,7,6,81.28,97.66,19.67,22.2,17.6,99.0,3.63,248.8,8.89
2008,7,7,50.28,97.5,20.42,23.42,17.96,99.0,3.46,226.9,11.41
2008,7,8,12.27,98.07,20.06,22.64,17.95,99.0,3.67,148.8,16.11
2008,7,9,144.88,97.5,19.32,21.63,17.43,99.0,3.72,249.5,8.88
2008,7,10,11.85,98.27,19.06,21.33,17.2,96.17,4.25,245.3,12.57
2008,7,11,19.09,98.09,20.04,22.97,17.64,99.0,3.92,194.3,12.11
2008,7,12,0.0,98.86,21.26,23.59,19.35,85.19,4.14,272.6,15.37
2008,7,13,59.38,97.5,18.93,21.57,16.77,99.0,3.67,222.9,9.79
2008,7,14,82.49,97.5,19.1,21.63,17.03,99.0,4.12,257.8,9.91
2008,7,15,23.73,98.37,19.52,22.12,17.39,99.0,3.02,230.1,13.44
2008,7,16,39.62,98.06,20.31,23.18,17.96,99.0,3.25,214.7,13.0
2008,7,17,111.97,97.5,18.72,21.29,16.61,99.0,4.12,238.4,7.35
2008,7,18,19.21,98.44,19.38,22.11,17.15,99.0,3.5,212.1,13.66
2008,7,19,50.43,97.5,18.98,21.58,16.86,99.0,3.75,221.5,11.46
2008,7,20,48.57,97.5,19.72,22.12,17.76,99.0,2.81,180.8,10.97
2008,7,21,26.42,97.8,20.35,23.02,18.17,99.0,3.54,215.2,11.81
2008,7,22,54.12,97.5,18.67,21.03,16.74,99.0,3.19,187.9,11.23
2008,7,23,98.38,97.5,20.28,22.51,18.45,99.0,3.39,221.0,9.18
2008,7,24,29.05,98.03,19.84,22.56,17.61,99.0,3.68,233.9,12.34
2008,7,25,24.42,98.51,18.89,21.59,16.68,98.0,3.65,219.8,11.11
2008,7,26,0.0,98.65,21.5,24.19,19.3,87.08,3.5,242.7,14.52
2008,7,27,73.97,97.5,19.01,21.61,16.88,99.0,3.91,270.5,11.32
2008,7,28,0.0,98.69,21.07,23.67,18.94,90.98,3.38,210.3,16.08
2008,7,29,0.0,98.95,21.77,24.11,19.86,82.42,3.42,213.7,15.49
2008,7,30,90.64,97.5,18.99,21.13,17.24,99.0,3.05,191.3,12.86
2008,7,31,32.03,98.09,19.71,22.62,17.33,99.0,3.94,154.7,13.05
2008,8,1,35.18,97.93,18.94,21.87,16.55,99.0,3.14,209.4,11.22
2008,8,2,34.98,97.92,19.48,22.12,17.32,99.0,2.88,222.7,12.2
2008,8,3,33.88,98.23,20.1,23.23,17.54,99.0,2.93,201.9,12.19
2008,8,4,31.69,97.84,19.63,22.51,17.27,96.48,3.44,176.3,11.42
2008,8,5,51.41,97.5,18.18,21.04,15.84,99.0,3.3,169.8,10.54
2008,8,6,93.49,97.5,19.84,23.18,17.11,99.0,3.22,159.2,10.39
2008,8,7,0.0,98.89,21.91,24.37,19.9,84.07,3.65,189.2,16.39
2008,8,8,56.89,97.5,19.95,22.76,17.65,98.72,2.87,161.7,11.84
2008,8,9,89.68,97.5,18.85,21.46,16.71,99.0,3.4,219.7,8.85
2008,8,10,16.74,98.42,20.86,23.63,18.6,90.9,3.21,205.9,14.38
2008,8,11,11.09,98.55,21.31,24.18,18.96,90.82,3.3,211.5,14.73
2008,8,12,0.0,98.93,22.04,24.94,19.67,77.12,3.15,215.3,16.87
2008,8,13,0.0,99.18,22.1,24.74,19.94,80.81,2.79,166.4,14.82
2008,8,14,0.0,98.68,20.73,23.71,18.29,79.49,2.19,197.7,15.22
2008,8,15,25.31,98.1,21.96,24.71,19.71,88.94,3.31,164.5,13.68
2008,8,16,0.0,98.92,20.97,24.3,18.24,75.47,2.97,162.1,16.06
2008,8,17,39.16,98.3,19.15,22.39,16.5,95.36,2.98,160.6,13.08
2008,8,18,2.37,98.68,19.76,22.91,17.19,77.73,2.89,140.6,16.9
2008,8,19,16.28,98.53,21.8,24.74,19.39,79.53,2.3,157.0,14.13
2008,8,20,27.02,98.11,21.95,25.09,19.38,88.64,2.91,154.7,12.4
2008,8,21,0.0,99.03,21.63,24.95,18.92,72.87,2.8,174.2,14.83
2008,8,22,0.0,98.6,20.88,23.93,18.38,67.64,2.73,146.6,17.68
2008,8,23,42.27,97.73,21.1,23.83,18.86,95.71,3.37,134.8,11.08
2008,8,24,0.0,99.22,21.32,24.71,18.55,74.23,2.73,166.7,17.32
2008,8,25,91.01,97.5,20.72,24.08,17.97,89.77,2.61,119.3,8.71
2008,8,26,1.94,98.82,21.62,24.95,18.9,72.4,2.56,138.3,16.79
2008,8,27,36.05,98.11,20.65,23.7,18.15,86.8,2.18,157.9,12.89
2008,8,28,34.95,98.14,21.28,24.83,18.38,89.9,2.6,159.8,14.12
2008,8,29,0.0,99.14,22.74,26.36,19.78,73.12,2.62,171.0,16.07
2008,8,30,41.09,97.64,21.0,24.41,18.21,89.94,2.23,142.8,12.56
2008,8,31,2.84,98.8,23.54,26.78,20.89,69.62,2.73,132.3,16.42
2008,9,1,0.0,98.89,23.88,27.15,21.21,74.33,2.6,171.2,15.12
2008,9,2,23.76,98.59,23.05,26.33,20.36,78.94,2.34,100.9,14.54
2008,9,3,0.0,99.08,22.68,25.97,19.99,64.88,2.67,143.8,16.61
2008,9,4,0.0,99.35,22.93,26.27,20.2,67.05,2.18,123.1,18.56
2008,9,5,0.0,99.25,23.88,27.42,20.98,73.4,2.6,56.9,17.66
2008,9,6,15.94,98.65,21.88,25.6,18.84,75.68,2.08,159.7,16.14
2008,9,7,4.42,99.0,22.55,26.44,19.37,66.39,2.84,90.2,16.52
2008,9,8,21.05,98.83,22.26,25.52,19.59,78.65,1.99,190.5,15.76
2008,9,9,6.25,99.24,22.88,26.2,20.16,70.54,2.12,113.0,14.19
2008,9,10,12.65,98.81,22.5,26.28,19.41,73.3,1.83,80.0,16.63
2008,9,11,0.0,98.97,22.6,25.91,19.89,66.47,2.34,127.3,15.72
2008,9,12,0.0,98.78,23.91,27.17,21.24,66.56,1.68,92.2,15.17
2008,9,13,0.0,98.79,23.1,26.43,20.37,63.24,2.04,103.1,16.56
2008,9,14,0.0,99.26,23.54,27.1,20.63,62.93,1.54,115.2,17.38
2008,9,15,37.99,98.31,21.96,26.03,18.63,86.24,2.25,101.0,16.52
2008,9,16,2.2,99.01,23.92,27.52,20.98,57.07,2.25,96.9,14.05
2008,9,17,0.0,99.43,23.91,27.63,20.86,55.18,2.05,81.1,15.96
2008,9,18,27.56,98.48,22.36,25.69,19.64,75.67,1.79,33.5,14.32
2008,9,19,0.0,99.1,23.41,27.37,20.17,61.0,2.24,103.4,15.94
2008,9,20,0.0,99.42,23.67,27.59,20.46,63.69,1.6,107.3,19.7
2008,9,21,0.0,99.41,23.02,26.58,20.11,60.2,1.66,148.0,17.19
2008,9,22,0.0,99.22,23.29,26.8,20.42,64.65,2.2,112.8,16.29
2008,9,23,0.0,99.32,24.27,28.24,21.02,61.61,2.13,60.1,14.99
2008,9,24,0.0,99.35,24.16,27.81,21.18,58.89,2.12,30.6,15.72
2008,9,25,0.0,99.63,23.32,26.85,20.43,64.49,2.78,21.9,17.27
2008,9,26,0.0,99.22,23.96,27.58,21.0,61.62,1.96,88.0,15.63
2008,9,27,0.0,99.03,22.99,26.78,19.89,57.13,1.74,103.7,17.11
2008,9,28,0.0,99.36,24.23,28.16,21.02,62.84,1.83,97.9,16.88
2008,9,29,0.0,99.26,23.94,27.76,20.82,62.79,1.09,94.9,16.59
2008,9,30,0.0,99.28,25.69,29.49,22.58,57.05,2.03,124.4,16.79
2008,10,1,0.0,99.25,24.68,28.34,21.68,60.91,2.42,96.4,16.94
2008,10,2,0.0,98.97,23.64,27.41,20.56,62.32,1.75,59.2,15.83
2008,10,3,6.89,99.14,23.4,27.02,20.44,59.77,2.38,69.9,14.95
2008,10,4,0.0,99.2,24.83,28.48,21.84,63.64,1.52,98.7,15.63
2008,10,5,0.0,99.21,25.04,29.16,21.67,58.82,1.6,92.1,14.0
2008,10,6,0.0,99.2,25.77,29.5,22.72,58.39,1.6,85.4,17.09
2008,10,7,15.12,98.88,24.71,28.33,21.75,68.42,1.35,73.9,12.29
2008,10,8,11.43,99.03,24.42,27.95,21.53,69.24,2.47,62.3,12.14
2008,10,9,0.0,99.26,25.58,28.68,23.04,63.9,2.12,135.2,17.43
2008,10,10,0.0,99.48,24.67,28.95,21.17,65.89,2.16,62.9,16.43
2008,10,11,0.0,99.41,24.68,28.98,21.16,58.85,1.66,73.0,14.95
2008,10,12,0.0,99.26,23.84,27.7,20.68,62.52,2.25,91.6,16.8
2008,10,13,0.0,99.09,25.78,29.18,23.0,63.55,1.76,101.2,14.31
2008,10,14,0.0,99.38,24.86,29.29,21.24,63.14,1.79,98.4,16.09
2008,10,15,35.03,98.34,23.33,26.61,20.64,78.46,2.39,47.6,11.17
2008,10,16,10.71,98.97,23.85,27.62,20.77,68.7,1.67,103.8,14.27
2008,10,17,6.95,98.86,25.45,28.63,22.84,66.97,1.62,125.5,13.9
2008,10,18,0.0,99.35,25.6,28.65,23.1,60.65,1.59,102.6,12.48
2008,10,19,24.1,99.14,23.35,27.05,20.32,77.17,1.97,153.7,11.3
2008,10,20,20.67,98.66,24.51,28.24,21.46,74.66,2.82,136.5,11.84
2008,10,21,2.57,99.32,25.47,29.13,22.48,60.48,1.95,88.1,14.14
2008,10,22,6.73,99.33,23.91,27.94,20.61,68.46,1.56,83.5,13.39
2008,10,23,0.0,99.18,25.54,29.14,22.59,63.43,1.83,70.5,11.8
2008,10,24,0.0,98.84,25.44,29.27,22.3,57.94,1.89,100.8,12.79
2008,10,25,0.0,99.4,25.61,29.0,22.84,62.5,2.1,109.8,15.22
2008,10,26,12.61,98.97,26.1,30.06,22.86,70.71,2.22,133.7,12.11
2008,10,27,1.97,99.28,27.25,31.23,24.0,62.58,1.3,100.6,11.68
2008,10,28,19.98,98.79,25.37,28.89,22.49,75.44,1.63,80.0,12.88
2008,10,29,4.24,99.38,25.36,29.06,22.34,65.15,1.61,133.1,12.75
2008,10,30,0.0,99.26,25.84,29.24,23.06,66.52,2.49,69.1,14.39
2008,10,31,15.54,99.29,25.12,28.65,22.23,72.97,1.72,114.5,11.01
2008,11,1,0.0,99.41,27.14,30.93,24.04,68.99,2.21,107.9,12.21
2008,11,2,20.29,98.96,24.82,28.54,21.77,70.76,2.28,104.9,10.25
2008,11,3,84.88,97.79,23.3,26.42,20.75,86.49,1.91,93.8,8.3
2008,11,4,41.76,98.31,24.36,27.64,21.67,85.58,1.17,134.9,11.74
2008,11,5,15.5,98.61,26.54,29.98,23.73,73.15,2.53,110.3,11.12
2008,11,6,20.67,98.68,24.25,27.92,21.25,78.38,2.58,112.4,11.37
2008,11,7,39.63,98.51,23.75,27.11,21.0,81.02,2.07,119.1,11.88
2008,11,8,0.0,99.3,25.36,28.59,22.72,64.79,1.8,59.5,13.01
2008,11,9,24.64,98.5,24.1,27.0,21.73,77.43,2.74,68.6,9.43
2008,11,10,15.87,98.8,24.68,28.89,21.24,68.94,1.77,75.4,11.41
2008,11,11,0.0,99.2,26.7,30.4,23.68,65.9,2.33,98.2,13.23
2008,11,12,0.0,99.33,26.26,29.51,23.6,62.53,1.45,71.5,11.69
2008,11,13,0.0,99.19,25.26,29.2,22.03,60.06,2.17,71.8,12.41
2008,11,14,0.0,99.6,26.71,30.79,23.37,63.1,1.49,86.6,11.99
2008,11,15,0.0,99.39,26.54,30.28,23.48,64.33,2.11,118.4,15.46
2008,11,16,0.0,99.11,27.02,30.89,23.86,62.28,1.95,116.5,11.41
2008,11,17,0.0,99.64,26.0,30.07,22.67,59.92,1.79,106.3,12.27
2008,11,18,0.0,99.37,25.63,29.52,22.45,58.61,1.76,103.1,11.2
2008,11,19,48.93,98.25,25.07,28.98,21.87,80.27,2.3,85.2,7.74
2008,11,20,0.0,99.44,27.2,30.52,24.48,62.48,1.84,91.4,12.79
2008,11,21,0.0,99.47,25.91,28.92,23.45,62.59,2.0,82.8,13.88
2008,11,22,0.0,99.34,26.92,30.93,23.64,58.94,2.91,84.0,14.11
2008,11,23,0.0,99.47,26.39,30.12,23.34,65.87,1.33,85.6,12.62
2008,11,24,0.0,99.39,27.56,31.24,24.55,58.36,1.49,69.0,13.72
2008,11,25,31.53,98.7,26.15,30.23,22.81,75.85,1.14,20.6,7.98
2008,11,26,0.0,99.4,27.87,31.44,24.95,57.3,1.1,94.0,13.59
2008,11,27,42.33,98.33,24.79,28.63,21.65,79.77,2.45,75.4,8.91
2008,11,28,0.0,99.18,26.66,30.54,23.49,57.68,1.54,26.0,13.19
2008,11,29,7.53,99.26,26.64,30.7,23.32,63.26,0.68,89.4,14.09
2008,11,30,0.0,99.5,26.89,30.87,23.63,56.65,1.55,77.8,13.17
2008,12,1,0.0,99.8,27.58,31.57,24.31,58.6,1.45,23.5,14.36
2008,12,2,0.0,99.56,26.63,30.43,23.52,52.15,1.22,113.7,11.31
2008,12,3,0.0,99.35,28.51,32.33,25.38,54.6,1.43,61.5,13.83
2008,12,4,0.0,99.3,28.73,32.76,25.43,55.18,1.64,126.1,15.7
2008,12,5,0.0,99.54,28.34,32.15,25.22,55.11,1.41,92.5,13.26
2008,12,6,0.0,99.36,27.97,31.7,24.92,50.44,1.87,104.0,12.46
2008,12,7,18.5,98.94,26.85,31.18,23.31,68.01,1.51,59.1,13.06
2008,12,8,0.0,99.38,27.86,31.66,24.75,50.99,1.52,62.3,14.69
2008,12,9,7.01,99.28,26.97,30.84,23.81,56.97,1.43,73.8,13.86
2008,12,10,0.0,99.65,27.94,32.28,24.39,54.59,1.02,63.1,11.48
2008,12,11,0.0,99.17,28.12,31.94,24.99,60.19,1.02,72.0,13.16
2008,12,12,0.0,99.76,27.35,31.46,23.99,54.14,1.5,50.1,13.05
2008,12,13,0.0,99.5,29.11,33.25,25.72,55.36,1.16,3.1,13.79
2008,12,14,0.0,99.43,27.97,31.98,24.69,49.78,1.66,38.0,12.71
2008,12,15,11.04,99.43,26.91,30.85,23.69,57.51,1.3,62.4,13.85
2008,12,16,1.0,99.49,27.93,31.67,24.87,52.23,1.12,59.3,14.47
2008,12,17,0.0,99.36,27.74,31.97,24.28,51.99,1.5,103.9,16.62
2008,12,18,0.0,99.28,27.61,31.98,24.04,56.2,1.41,37.4,14.91
2008,12,19,0.0,99.68,29.34,33.68,25.79,51.7,0.76,57.6,13.21
2008,12,20,0.0,99.7,28.28,32.46,24.86,54.83,0.69,65.5,13.45
2008,12,21,0.0,99.49,29.04,32.58,26.15,50.86,1.59,59.0,15.67
2008,12,22,0.0,99.81,28.64,32.93,25.13,52.14,1.08,22.8,11.79
2008,12,23,0.0,99.58,28.72,32.78,25.4,46.11,1.42,56.8,12.89
2008,12,24,0.0,99.81,28.41,32.34,25.2,52.55,1.44,16.5,14.96
2008,12,25,0.0,99.4,28.15,32.42,24.65,52.63,1.81,31.4,15.23
2008,12,26,0.0,99.38,29.4,33.56,26.0,52.06,1.97,38.6,14.3
2008,12,27,0.0,99.49,28.97,33.35,25.39,58.04,0.9,37.9,14.02
2008,12,28,0.0,99.51,28.42,32.62,24.99,52.3,1.28,359.6,13.83
2008,12,29,0.0,99.79,29.27,33.3,25.97,44.81,1.28,41.2,13.62
2008,12,30,0.0,99.64,29.66,33.67,26.38,48.97,1.91,45.7,14.23
2008,12,31,0.0,99.45,28.89,33.17,25.39,52.22,0.78,48.3,16.72
2009,1,1,0.0,99.59,29.74,33.5,26.67,51.78,1.85,32.9,11.69
2009,1,2,0.0,99.52,28.35,32.34,25.09,49.73,1.52,95.3,13.42
2009,1,3,0.0,99.45,28.07,31.59,25.19,49.14,1.09,45.1,16.7
2009,1,4,0.0,99.58,28.48,32.72,25.01,55.88,1.63,28.0,15.8
2009,1,5,0.0,99.56,28.77,33.07,25.25,54.77,1.16,48.8,13.04
2009,1,6,0.0,99.46,29.85,33.76,26.65,55.15,0.69,22.2,14.46
2009,1,7,0.0,99.46,28.52,32.34,25.39,50.24,1.35,67.0,15.67
2009,1,8,0.0,99.74,29.07,33.46,25.48,53.96,1.2,54.4,15.99
2009,1,9,0.0,99.67,29.59,33.52,26.38,44.81,1.12,85.3,13.59
2009,1,10,0.0,99.77,29.16,33.46,25.64,50.84,1.0,68.0,13.95
2009,1,11,0.0,99.55,28.51,32.63,25.14,50.46,1.54,82.0,13.62
2009,1,12,0.0,99.4,27.97,31.95,24.71,51.3,1.3,339.4,14.54
2009,1,13,0.0,99.5,29.73,34.01,26.22,52.33,1.12,11.4,15.44
2009,1,14,0.0,99.78,28.16,32.29,24.78,51.53,1.07,59.8,16.43
2009,1,15,0.0,99.31,28.64,33.18,24.93,48.85,1.13,23.8,13.28
2009,1,16,0.0,99.86,28.94,32.86,25.73,49.92,1.08,83.0,16.2
2009,1,17,0.0,99.4,29.81,33.57,26.73,53.46,1.15,33.3,15.24
2009,1,18,0.0,99.74,29.64,33.76,26.27,53.0,1.58,71.6,14.77
2009,1,19,0.0,99.42,29.05,33.31,25.57,56.47,1.16,53.7,18.01
2009,1,20,0.0,99.49,29.81,33.88,26.48,52.88,1.36,37.6,17.17
2009,1,21,0.0,99.23,29.97,34.59,26.19,56.18,1.16,20.5,12.99
2009,1,22,0.0,99.93,28.64,33.1,24.99,47.96,0.63,49.2,17.28
2009,1,23,0.0,99.7,28.7,32.68,25.44,53.66,1.39,35.3,15.28
2009,1,24,0.0,99.71,29.51,33.65,26.12,54.13,1.03,17.7,13.69
2009,1,25,0.0,99.51,30.18,33.81,27.21,53.37,1.56,0.4,16.85
2009,1,26,1.35,99.4,28.45,32.86,24.84,49.4,1.93,42.8,16.83
2009,1,27,0.0,99.74,27.71,31.65,24.49,52.9,1.05,67.8,15.53
2009,1,28,0.0,99.38,29.45,33.63,26.03,51.01,1.65,48.3,16.02
2009,1,29,0.0,99.57,29.95,34.0,26.63,53.64,1.15,60.3,15.69
2009,1,30,0.02,99.37,29.09,32.8,26.05,51.79,1.19,36.7,15.47
2009,1,31,0.0,99.62,30.84,35.19,27.28,50.43,1.45,17.9,17.6
2009,2,1,0.0,99.25,28.41,32.24,25.27,58.41,0.56,61.3,15.38
2009,2,2,0.0,99.33,28.47,32.45,25.21,49.95,0.65,33.6,17.36
2009,2,3,0.0,99.44,28.46,32.82,24.89,52.81,1.33,41.6,16.46
2009,2,4,0.0,99.71,29.05,32.91,25.89,53.58,0.31,60.8,14.36
2009,2,5,0.0,99.5,29.06,33.59,25.35,51.22,1.72,61.3,15.73
2009,2,6,0.0,99.77,28.44,32.29,25.29,55.23,1.81,43.1,15.9
2009,2,7,0.0,99.86,29.76,33.56,26.65,54.46,1.44,64.9,15.36
2009,2,8,0.0,99.54,29.15,33.29,25.77,47.32,1.26,55.3,15.51
2009,2,9,0.0,99.32,28.23,32.8,24.49,53.78,1.73,55.9,16.93
2009,2,10,0.0,99.76,29.38,33.5,26.01,57.02,1.13,78.2,17.22
2009,2,11,0.0,99.31,28.64,33.03,25.05,49.93,1.16,56.9,17.01
2009,2,12,0.0,99.42,29.0,32.75,25.93,48.21,1.25,91.7,16.51
2009,2,13,0.0,99.28,29.54,33.56,26.25,51.23,0.99,2.7,15.91
2009,2,14,0.0,99.76,29.6,33.64,26.3,51.99,1.8,15.0,15.99
2009,2,15,0.0,99.69,29.53,33.3,26.44,52.17,1.79,27.0,16.8
2009,2,16,0.0,99.87,28.91,32.59,25.9,55.03,0.95,10.7,17.4
2009,2,17,0.0,99.5,28.18,32.23,24.86,50.16,1.02,91.3,18.58
2009,2,18,0.0,99.43,28.62,33.17,24.89,53.6,1.18,85.2,17.16
2009,2,19,0.0,99.48,28.84,33.02,25.42,54.28,1.77,61.5,17.58
2009,2,20,0.0,99.34,29.89,33.82,26.67,52.42,1.18,50.8,14.92
2009,2,21,0.0,99.83,28.42,31.98,25.51,50.39,1.37,11.9,14.77
2009,2,22,0.0,100.18,28.91,32.93,25.62,48.91,0.91,54.1,16.15
2009,2,23,0.0,99.44,27.89,31.89,24.62,47.86,1.89,44.8,17.67
2009,2,24,0.0,99.68,28.97,33.19,25.52,48.06,0.87,65.0,16.45
2009,2,25,0.0,99.54,28.68,32.73,25.37,47.68,1.16,28.7,14.48
2009,2,26,0.0,99.65,28.6,32.89,25.09,56.47,0.67,57.2,16.99
2009,2,27,0.0,99.76,29.26,33.59,25.72,51.71,1.79,69.6,19.32
2009,2,28,0.0,99.36,28.16,32.25,24.81,57.96,1.31,67.0,18.77
2009,3,1,0.0,99.48,29.6,33.7,26.25,53.29,1.99,45.8,15.66
2009,3,2,0.0,99.78,28.06,32.18,24.69,47.98,0.95,79.7,17.46
2009,3,3,0.0,99.65,29.52,33.15,26.55,51.74,1.72,17.3,17.08
2009,3,4,0.0,99.61,27.42,31.73,23.9,54.07,1.47,49.5,17.33
2009,3,5,0.0,99.65,28.72,33.3,24.98,53.22,1.02,58.0,18.25
2009,3,6,0.0,99.66,28.91,33.03,25.54,51.15,1.08,42.0,17.47
2009,3,7,0.0,99.76,28.2,32.09,25.02,54.89,1.54,63.5,19.48
2009,3,8,0.0,99.68,28.62,32.72,25.26,49.48,1.32,71.3,16.18
2009,3,9,0.0,99.53,28.14,32.12,24.88,52.94,1.07,352.4,18.84
2009,3,10,0.0,99.61,28.67,32.78,25.31,54.7,2.0,86.0,19.24
2009,3,11,0.0,99.53,28.5,32.51,25.22,51.48,1.35,28.3,17.77
2009,3,12,0.0,99.4,29.84,33.35,26.97,53.95,1.2,76.0,18.46
2009,3,13,0.0,99.52,27.29,31.41,23.92,52.25,0.93,24.7,21.01
2009,3,14,0.0,99.51,28.36,33.07,24.51,53.2,1.15,57.4,18.34
2009,3,15,0.0,99.22,27.89,31.62,24.84,53.86,0.53,58.5,19.33
2009,3,16,0.0,99.66,28.24,32.63,24.65,51.91,1.35,39.8,19.61
2009,3,17,0.0,99.69,28.02,32.22,24.58,56.68,1.63,31.8,17.2
2009,3,18,0.0,99.62,27.83,31.66,24.69,53.57,1.9,125.8,21.57
2009,3,19,0.0,99.68,27.67,31.38,24.63,54.46,1.2,30.9,18.34
2009,3,20,0.0,99.48,28.5,32.65,25.1,56.15,1.55,87.5,18.47
2009,3,21,0.0,99.42,27.69,31.87,24.27,54.69,1.24,126.2,19.53
2009,3,22,0.0,99.68,27.9,31.56,24.91,50.45,0.7,36.6,19.0
2009,3,23,0.0,99.31,28.0,32.33,24.46,55.21,0.6,2.2,18.46
2009,3,24,0.0,99.3,27.32,31.25,24.1,53.97,1.34,47.2,19.73
2009,3,25,0.0,99.58,28.21,32.41,24.77,51.38,0.62,34.5,17.44
2009,3,26,0.0,99.57,27.07,31.32,23.59,56.63,1.3,67.0,20.86
2009,3,27,0.0,99.66,28.04,32.34,24.52,50.65,1.24,35.8,19.54
2009,3,28,0.0,99.18,27.93,31.71,24.84,52.09,0.74,43.5,19.86
2009,3,29,0.0,99.46,27.5,32.1,23.74,52.56,0.39,48.2,18.78
2009,3,30,0.0,99.27,26.78,30.57,23.68,50.28,1.15,16.6,18.61
2009,3,31,0.0,99.62,27.5,31.78,24.0,53.92,1.99,45.2,17.84
2009,4,1,2.02,99.66,26.65,30.54,23.47,53.35,1.54,49.3,20.08
2009,4,2,0.0,99.55,27.32,31.36,24.02,54.86,1.17,32.6,17.46
2009,4,3,0.0,99.36,27.9,31.88,24.64,59.2,1.15,62.5,19.7
2009,4,4,0.0,99.32,27.28,31.42,23.89,54.41,1.6,85.7,18.86
2009,4,5,6.57,99.21,27.85,32.14,24.34,59.64,1.51,47.7,19.19
2009,4,6,0.0,99.29,27.39,31.22,24.26,54.79,1.74,54.8,18.45
2009,4,7,0.58,99.39,27.65,31.4,24.59,54.46,2.17,49.0,21.03
2009,4,8,0.0,99.3,27.57,30.98,24.78,57.26,1.93,107.4,18.4
2009,4,9,0.0,99.18,28.0,32.02,24.71,52.78,1.94,40.8,16.19
2009,4,10,0.0,99.49,26.04,29.95,22.84,58.42,1.49,40.7,19.26
2009,4,11,23.32,98.91,25.59,29.57,22.33,66.51,0.7,45.6,16.51
2009,4,12,0.0,99.71,26.85,30.76,23.65,59.86,0.75,97.5,19.39
2009,4,13,0.0,99.32,27.33,31.47,23.95,55.3,1.76,101.3,18.72
2009,4,14,0.0,99.05,26.82,30.6,23.73,54.28,1.38,41.2,20.01
2009,4,15,0.0,99.53,26.63,30.63,23.36,57.15,2.24,88.6,18.1
2009,4,16,0.0,99.54,27.29,31.17,24.12,52.75,2.19,56.6,19.73
2009,4,17,0.0,99.58,26.27,29.88,23.32,54.45,1.7,30.9,19.35
2009,4,18,0.0,99.63,26.17,29.84,23.17,59.11,1.49,32.5,18.56
2009,4,19,0.0,99.62,26.73,30.83,23.38,61.41,1.35,68.4,18.3
2009,4,20,0.0,99.17,27.97,32.03,24.65,56.82,2.34,98.3,21.31
2009,4,21,0.0,99.62,26.21,30.23,22.92,62.4,1.81,77.3,18.14
2009,4,22,0.0,99.27,25.69,29.44,22.62,58.06,1.51,82.5,18.73
2009,4,23,0.7,99.44,25.65,28.81,23.07,60.51,1.77,31.0,20.95
2009,4,24,7.88,99.16,25.42,28.72,22.72,64.9,1.74,73.2,19.04
2009,4,25,26.06,98.47,25.8,29.46,22.8,79.08,2.55,78.1,17.48
2009,4,26,0.0,99.5,25.58,28.88,22.88,63.38,1.97,76.8,18.49
2009,4,27,0.0,99.2,25.97,29.98,22.69,60.8,1.95,62.1,19.22
2009,4,28,0.0,99.6,25.61,29.06,22.79,68.66,1.45,146.5,21.88
2009,4,29,0.0,99.12,24.67,28.25,21.74,62.18,2.18,111.7,20.67
2009,4,30,0.0,99.07,25.28,29.39,21.92,62.88,2.06,121.8,18.04
2009,5,1,9.6,98.88,23.31,27.2,20.13,69.57,2.28,103.7,17.94
2009,5,2,1.76,99.45,25.39,29.07,22.38,63.68,2.13,141.2,15.88
2009,5,3,0.0,98.93,25.6,29.22,22.64,68.31,2.02,80.3,19.94
2009,5,4,36.16,98.46,23.13,26.45,20.41,84.6,2.21,133.7,14.49
2009,5,5,18.43,99.06,23.97,27.68,20.93,77.49,1.94,79.4,17.84
2009,5,6,30.8,98.38,22.82,26.36,19.93,75.37,2.33,117.2,16.07
2009,5,7,0.0,99.09,23.36,26.77,20.57,67.05,2.8,118.9,18.3
2009,5,8,0.0,99.17,23.76,27.36,20.81,66.32,2.68,124.5,18.41
2009,5,9,9.2,98.71,24.82,28.4,21.89,73.11,2.28,125.2,17.5
2009,5,10,0.0,99.61,24.42,27.52,21.88,65.19,2.35,66.9,17.15
2009,5,11,40.44,98.23,23.08,26.68,20.14,90.51,2.69,119.7,15.82
2009,5,12,18.3,98.43,25.16,28.45,22.46,80.18,2.65,132.0,16.77
2009,5,13,25.13,98.32,24.07,27.38,21.36,83.01,2.55,123.1,17.49
2009,5,14,50.74,97.84,22.67,25.57,20.29,94.44,2.38,96.4,11.69
2009,5,15,0.0,98.84,23.86,26.75,21.5,71.52,2.29,133.3,19.24
2009,5,16,48.33,97.58,23.28,26.09,20.98,95.69,2.32,163.5,12.97
2009,5,17,37.74,98.15,23.39,27.23,20.24,95.96,2.64,191.1,13.96
2009,5,18,24.52,98.6,23.59,27.38,20.49,89.46,2.87,147.9,16.84
2009,5,19,0.0,99.19,23.86,26.53,21.68,72.49,2.13,148.2,19.08
2009,5,20,0.0,99.0,23.13,25.83,20.92,72.98,3.1,135.8,19.46
2009,5,21,0.0,98.95,24.76,27.71,22.35,79.11,2.45,203.7,17.51
2009,5,22,0.0,99.0,24.23,27.6,21.47,72.55,2.63,142.6,17.17
2009,5,23,46.09,98.0,21.55,24.76,18.92,96.44,2.83,156.1,14.89
2009,5,24,0.0,98.74,23.27,26.89,20.31,75.65,3.1,180.5,18.13
2009,5,25,0.0,98.82,22.53,25.44,20.15,74.17,3.56,197.0,17.54
2009,5,26,24.36,98.27,22.87,25.66,20.59,90.74,2.84,158.3,12.52
2009,5,27,0.0,98.9,23.35,26.32,20.92,80.88,3.46,169.5,16.71
2009,5,28,24.8,98.3,22.45,25.34,20.09,86.19,2.93,170.7,14.27
2009,5,29,38.18,97.96,22.21,25.12,19.83,97.88,3.61,141.4,13.2
2009,5,30,47.29,97.85,21.63,24.56,19.23,99.0,3.11,193.7,11.67
2009,5,31,0.0,98.59,22.34,25.8,19.51,83.5,2.6,166.5,16.35
2009,6,1,0.0,98.61,22.9,25.8,20.53,75.32,2.92,173.1,18.53
2009,6,2,74.77,97.5,21.1,23.66,19.01,99.0,3.22,196.6,12.87
2009,6,3,44.38,97.92,21.31,24.06,19.06,99.0,3.16,191.7,13.19
2009,6,4,23.39,98.17,20.63,23.64,18.16,93.9,2.88,240.5,14.88
2009,6,5,0.0,98.86,21.91,24.87,19.48,84.36,2.78,242.2,15.29
2009,6,6,0.0,98.88,23.02,25.95,20.62,80.89,3.61,235.2,17.09
2009,6,7,21.03,98.38,22.1,24.4,20.22,93.05,2.45,252.5,15.18
2009,6,8,42.64,98.06,21.85,24.18,19.95,99.0,3.54,242.9,12.51
2009,6,9,32.45,98.15,19.99,22.69,17.78,99.0,2.96,153.5,11.83
2009,6,10,17.71,98.57,22.23,25.08,19.9,89.2,4.11,216.5,16.36
2009,6,11,16.34,98.39,21.87,24.35,19.84,92.25,2.65,211.5,14.53
2009,6,12,57.32,97.65,19.46,22.57,16.92,99.0,2.63,211.8,11.66
2009,6,13,27.24,98.14,19.82,22.66,17.5,93.85,3.29,192.2,14.58
2009,6,14,44.63,97.5,20.96,23.49,18.89,99.0,3.86,158.2,10.18
2009,6,15,74.84,97.74,19.35,22.78,16.55,99.0,4.32,193.2,12.82
2009,6,16,25.09,98.17,20.06,22.58,18.0,98.72,3.89,191.1,12.09
2009,6,17,115.62,97.5,20.25,22.78,18.18,99.0,3.58,230.9,10.7
2009,6,18,108.86,97.5,19.87,22.38,17.82,99.0,3.18,204.8,12.57
2009,6,19,35.88,98.27,20.8,23.42,18.65,98.22,3.27,248.9,11.01
2009,6,20,53.13,97.5,20.08,22.39,18.19,99.0,3.33,265.3,10.47
2009,6,21,83.78,97.5,22.07,24.86,19.78,99.0,3.44,193.7,11.62
2009,6,22,60.14,97.5,20.19,23.01,17.88,99.0,3.52,188.4,12.09
2009,6,23,19.14,98.34,21.33,24.08,19.08,99.0,3.7,232.9,12.17
2009,6,24,73.38,97.5,18.98,21.41,16.99,99.0,3.42,237.4,9.17
2009,6,25,14.9,98.09,22.05,24.48,20.07,95.73,3.72,224.6,13.76
2009,6,26,33.0,97.9,19.83,22.54,17.61,99.0,3.81,190.1,13.08
2009,6,27,40.32,97.74,19.22,21.81,17.1,99.0,3.27,233.1,11.45
2009,6,28,33.25,97.85,19.95,22.25,18.07,99.0,3.22,218.5,12.22
2009,6,29,75.16,97.5,19.7,21.66,18.1,99.0,4.12,245.0,10.0
2009,6,30,85.96,97.5,19.03,21.43,17.07,99.0,3.77,220.0,10.32
2009,7,1,30.88,97.72,19.47,22.11,17.31,99.0,3.67,250.3,12.69
2009,7,2,28.69,98.16,19.51,22.14,17.36,99.0,3.2,251.2,13.1
2009,7,3,5.72,98.47,21.17,23.24,19.47,92.29,4.04,212.1,16.37
2009,7,4,56.13,97.5,19.62,22.33,17.4,99.0,3.75,249.8,10.4
2009,7,5,21.19,98.18,20.8,23.79,18.36,98.59,4.33,244.2,13.77
2009,7,6,50.93,97.5,18.08,20.46,16.13,99.0,3.84,225.2,11.18
2009,7,7,70.51,97.5,18.57,20.99,16.59,99.0,3.67,263.5,10.83
2009,7,8,0.0,98.56,21.78,24.11,19.87,88.73,3.53,194.3,15.2
2009,7,9,18.72,98.04,20.06,22.44,18.11,97.36,4.36,217.9,15.06
2009,7,10,24.34,98.19,20.26,23.07,17.96,99.0,4.14,262.6,10.26
2009,7,11,12.23,98.16,22.42,24.68,20.57,97.58,3.85,235.1,13.51
2009,7,12,119.42,97.5,18.0,20.54,15.92,99.0,4.12,226.2,10.12
2009,7,13,78.27,97.5,18.95,21.35,16.99,99.0,3.89,222.4,8.97
2009,7,14,15.71,98.52,20.9,23.43,18.83,96.09,3.07,207.6,14.94
2009,7,15,26.01,97.87,19.29,21.69,17.33,99.0,4.11,268.2,9.81
2009,7,16,50.36,97.5,18.92,21.63,16.7,99.0,4.01,234.1,9.63
2009,7,17,17.48,98.04,19.47,22.25,17.2,99.0,3.32,229.3,10.96
2009,7,18,41.69,97.6,19.75,22.35,17.62,99.0,3.95,258.4,10.36
2009,7,19,29.48,97.95,19.36,21.8,17.36,99.0,3.4,258.0,10.99
2009,7,20,6.09,98.71,20.47,23.2,18.24,90.69,3.54,232.3,14.43
2009,7,21,16.53,98.07,20.98,23.29,19.09,96.26,3.75,293.9,15.88
2009,7,22,9.11,98.38,21.05,23.7,18.88,92.12,3.71,185.1,15.42
2009,7,23,26.07,98.33,20.67,23.07,18.71,99.0,3.63,268.9,10.64
2009,7,24,45.0,97.79,20.47,23.08,18.33,99.0,3.02,234.8,11.18
2009,7,25,13.02,98.29,20.58,22.88,18.7,97.11,3.64,241.1,12.89
2009,7,26,26.55,98.06,21.49,24.39,19.12,99.0,4.24,183.9,13.37
2009,7,27,37.32,98.16,19.73,21.97,17.89,99.0,3.68,188.9,12.3
2009,7,28,0.0,98.53,22.02,24.59,19.92,85.63,3.49,212.2,16.43
2009,7,29,0.0,98.41,21.1,23.31,19.29,83.66,3.8,222.7,16.72
2009,7,30,4.45,98.55,21.55,24.5,19.13,83.91,3.57,220.7,15.65
2009,7,31,45.31,97.62,19.06,22.14,16.54,99.0,3.32,205.2,10.59
2009,8,1,92.9,97.5,20.13,22.47,18.21,99.0,3.8,190.0,9.73
2009,8,2,0.0,98.96,22.03,24.81,19.76,80.29,3.53,209.5,13.35
2009,8,3,0.0,98.82,21.1,23.72,18.95,79.95,3.56,152.8,15.44
2009,8,4,46.48,97.52,19.53,22.39,17.19,99.0,3.3,261.5,11.38
2009,8,5,0.0,98.7,20.65,23.83,18.05,81.26,3.31,194.9,12.95
2009,8,6,38.98,97.7,20.44,23.31,18.09,99.0,3.62,174.7,12.96
2009,8,7,37.61,98.03,20.47,23.04,18.37,97.48,3.09,174.4,11.43
2009,8,8,36.25,97.83,19.11,21.72,16.97,99.0,4.13,160.8,10.68
2009,8,9,0.0,98.62,22.98,25.71,20.75,80.73,2.99,218.9,15.5
2009,8,10,23.94,98.42,20.82,23.47,18.65,92.28,2.95,201.7,11.44
2009,8,11,44.77,97.68,19.59,22.67,17.07,97.71,3.54,181.3,10.51
2009,8,12,33.51,97.78,21.08,24.2,18.52,95.72,3.11,178.1,11.35
2009,8,13,97.88,97.68,19.26,22.52,16.59,99.0,3.31,168.4,9.48
2009,8,14,18.92,98.52,21.83,24.65,19.52,92.79,3.62,120.3,12.58
2009,8,15,0.0,98.9,20.89,24.17,18.21,77.58,3.17,196.2,15.3
2009,8,16,0.0,98.86,21.61,25.05,18.79,79.84,3.1,171.8,16.65
2009,8,17,45.4,97.72,19.94,22.58,17.78,99.0,2.73,185.7,10.36
2009,8,18,35.9,97.97,20.05,22.94,17.68,94.05,2.58,191.7,11.7
2009,8,19,22.4,98.32,20.5,23.52,18.03,90.36,2.28,193.0,12.55
2009,8,20,24.19,98.23,20.66,23.96,17.96,91.35,2.56,165.1,14.71
2009,8,21,10.91,98.66,21.21,24.68,18.37,79.03,2.61,162.1,14.47
2009,8,22,17.91,98.4,21.02,23.67,18.85,83.77,2.48,186.8,14.82
2009,8,23,7.19,98.83,22.84,25.8,20.42,75.73,2.63,149.8,14.86
2009,8,24,9.8,98.73,22.09,25.57,19.24,74.72,2.51,186.9,16.97
2009,8,25,11.52,98.57,21.71,24.67,19.29,81.54,2.97,177.8,14.88
2009,8,26,60.36,97.5,20.82,24.26,18.01,98.32,2.12,129.7,12.56
2009,8,27,0.0,99.1,22.27,25.67,19.49,71.15,2.95,122.9,17.3
2009,8,28,0.0,98.61,21.84,25.32,19.0,69.33,2.8,108.1,15.85
2009,8,29,0.0,99.13,21.33,24.83,18.46,73.32,2.16,161.8,15.48
2009,8,30,13.84,98.47,22.65,25.84,20.04,80.75,1.99,59.1,14.57
2009,8,31,7.79,98.77,20.7,23.96,18.04,71.22,2.65,57.1,15.3
2009,9,1,0.0,98.55,21.57,24.83,18.91,69.28,2.62,139.6,18.11
2009,9,2,83.88,97.67,21.04,24.47,18.23,95.96,2.07,84.5,12.71
2009,9,3,28.57,98.23,21.59,24.4,19.29,88.77,1.84,94.8,14.41
2009,9,4,3.68,98.9,23.67,27.22,20.77,66.94,2.16,126.9,15.57
2009,9,5,32.51,98.3,21.11,25.02,17.91,81.05,1.06,77.0,12.63
2009,9,6,2.0,98.7,23.37,26.88,20.5,68.71,2.45,79.6,14.66
2009,9,7,7.77,98.93,22.54,25.98,19.73,72.48,1.98,159.3,15.5
2009,9,8,0.0,99.24,23.41,26.92,20.54,67.81,2.26,123.9,15.95
2009,9,9,4.3,99.05,23.03,26.69,20.04,69.29,2.84,136.8,17.78
2009,9,10,7.38,98.88,23.2,27.04,20.06,69.87,1.98,92.0,16.6
2009,9,11,0.0,99.15,23.35,26.88,20.46,63.45,2.36,154.9,16.63
2009,9,12,15.96,98.74,22.83,26.35,19.95,71.29,1.98,18.6,16.23
2009,9,13,0.0,99.3,22.55,25.75,19.93,66.19,1.89,57.9,18.23
2009,9,14,0.0,99.39,23.42,27.03,20.47,61.63,2.61,53.0,16.5
2009,9,15,4.41,98.99,23.67,26.95,20.99,61.05,1.8,73.9,16.09
2009,9,16,51.26,97.94,21.45,24.92,18.61,85.39,2.2,131.0,10.41
2009,9,17,0.0,99.07,23.46,27.34,20.29,63.51,2.09,151.5,18.35
2009,9,18,0.0,99.27,22.27,26.2,19.06,67.83,2.11,99.1,17.82
2009,9,19,0.0,99.28,24.72,28.51,21.62,62.28,2.17,109.4,15.98
2009,9,20,0.0,99.18,22.74,26.74,19.47,58.24,2.11,25.1,17.78
2009,9,21,40.62,98.29,21.69,24.91,19.05,87.16,1.68,105.7,10.11
2009,9,22,0.0,99.22,23.25,27.39,19.87,61.41,1.72,71.8,15.99
2009,9,23,0.0,99.22,24.06,27.52,21.23,60.92,1.98,59.1,16.59
2009,9,24,7.08,98.89,23.85,27.64,20.75,61.85,1.15,76.6,16.21
2009,9,25,0.0,99.27,24.41,27.94,21.52,62.5,1.99,83.1,17.55
2009,9,26,0.0,99.13,24.49,28.29,21.38,61.39,1.62,123.3,15.36
2009,9,27,0.0,99.4,25.25,28.97,22.2,61.07,2.23,42.3,17.02
2009,9,28,0.23,99.09,23.87,27.91,20.57,63.52,1.08,57.2,17.23
2009,9,29,0.0,99.3,23.55,27.95,19.95,63.66,2.0,119.6,15.94
2009,9,30,0.0,99.21,24.01,27.98,20.76,61.55,1.92,50.7,15.6
2009,10,1,0.0,99.3,23.45,27.15,20.43,62.13,1.87,33.0,14.62
2009,10,2,9.92,99.0,23.63,27.78,20.23,67.04,2.31,151.4,14.41
2009,10,3,0.0,99.11,23.22,26.48,20.55,65.3,1.82,54.0,13.53
2009,10,4,0.0,99.46,23.76,27.33,20.84,58.11,1.91,81.0,15.61
2009,10,5,0.0,99.1,23.21,26.87,20.21,57.65,1.35,79.6,15.89
2009,10,6,0.0,99.38,25.27,28.92,22.29,57.42,1.87,124.9,15.33
2009,10,7,0.0,98.96,24.55,28.07,21.67,62.26,1.73,88.7,15.07
2009,10,8,0.0,99.22,25.82,29.73,22.62,60.58,1.73,95.8,15.43
2009,10,9,0.0,99.54,25.32,29.03,22.28,57.9,1.23,108.2,15.64
2009,10,10,0.0,99.22,25.43,29.1,22.43,60.56,2.5,111.6,15.97
2009,10,11,0.0,99.29,24.52,28.61,21.17,67.27,1.49,114.9,13.41
2009,10,12,0.0,99.56,25.0,28.57,22.08,62.55,1.75,127.7,14.56
2009,10,13,0.0,99.25,24.06,28.03,20.81,65.62,1.3,71.0,13.23
2009,10,14,0.0,99.32,24.35,27.96,21.4,57.99,1.33,64.1,14.33
2009,10,15,0.0,99.38,24.77,28.38,21.82,62.6,1.34,78.5,16.03
2009,10,16,11.01,98.75,23.14,26.6,20.31,69.43,2.48,71.2,13.93
2009,10,17,0.0,99.18,24.48,27.74,21.81,64.03,1.3,115.6,14.1
2009,10,18,0.0,99.29,25.43,28.9,22.59,61.54,1.7,36.4,13.6
2009,10,19,0.0,98.98,24.56,27.72,21.97,65.17,1.77,131.4,13.78
2009,10,20,0.0,99.52,24.43,28.14,21.39,63.94,1.66,109.0,13.54
2009,10,21,0.0,99.41,24.71,28.26,21.81,62.95,1.62,49.8,14.56
2009,10,22,0.0,99.38,25.54,29.47,22.33,61.65,1.79,98.2,12.96
2009,10,23,0.0,99.51,25.31,28.73,22.51,58.83,1.49,107.3,13.44
2009,10,24,0.0,99.4,24.94,28.48,22.04,57.75,2.33,123.6,13.07
2009,10,25,0.0,99.23,25.15,29.1,21.92,61.35,2.57,97.8,12.36
2009,10,26,0.0,98.98,25.78,29.63,22.63,62.9,2.46,99.8,11.84
2009,10,27,0.0,99.15,26.13,29.77,23.15,61.54,1.26,96.8,13.55
2009,10,28,29.71,98.42,23.74,27.05,21.03,80.81,1.24,132.5,9.29
2009,10,29,0.55,99.38,25.22,28.98,22.15,66.18,1.4,153.9,13.28
2009,10,30,0.0,99.29,26.22,29.73,23.35,60.12,2.21,109.7,14.52
2009,10,31,0.52,98.99,25.74,29.19,22.92,65.47,1.81,85.0,13.18
2009,11,1,0.0,99.44,24.46,28.42,21.22,63.59,2.92,112.3,12.95
2009,11,2,0.0,99.53,24.86,28.85,21.59,58.83,2.01,154.2,11.3
2009,11,3,0.0,99.56,24.94,28.29,22.2,66.18,2.41,101.7,12.3
2009,11,4,0.0,99.09,25.3,29.37,21.97,60.97,2.41,81.4,11.98
2009,11,5,12.8,99.03,25.39,28.96,22.47,77.77,1.61,145.7,11.14
2009,11,6,0.0,99.12,27.02,30.84,23.9,66.72,1.67,107.0,13.07
2009,11,7,0.0,99.65,25.69,29.8,22.33,62.95,2.57,102.8,13.71
2009,11,8,0.0,99.31,26.27,29.84,23.35,63.23,1.32,57.8,10.09
2009,11,9,14.59,98.88,26.07,29.76,23.05,67.22,1.9,101.8,13.06
2009,11,10,0.0,99.22,26.96,30.78,23.83,67.85,2.21,122.2,11.45
2009,11,11,7.59,99.19,26.47,30.54,23.14,64.56,2.12,82.8,14.51
2009,11,12,0.0,99.42,25.52,29.17,22.54,62.69,1.77,89.3,12.24
2009,11,13,26.54,98.38,24.03,27.9,20.86,75.16,1.74,95.8,10.86
2009,11,14,32.78,98.77,24.42,27.87,21.6,81.46,1.41,95.6,10.06
2009,11,15,0.0,99.43,26.35,29.61,23.68,61.84,1.52,98.0,12.41
2009,11,16,0.0,99.6,25.77,29.27,22.91,59.9,2.48,139.9,14.01
2009,11,17,0.0,99.67,25.22,28.73,22.35,62.69,1.91,76.3,14.43
2009,11,18,0.0,99.35,25.57,29.55,22.32,65.33,1.58,69.7,12.69
2009,11,19,0.0,99.53,28.59,32.29,25.56,60.97,2.03,63.9,11.91
2009,11,20,1.62,99.24,26.34,29.91,23.42,55.3,1.6,76.1,11.41
2009,11,21,0.0,99.3,27.88,31.38,25.01,61.3,1.34,53.1,14.41
2009,11,22,0.0,99.68,26.52,30.17,23.54,55.82,1.51,75.7,11.57
2009,11,23,0.0,99.27,27.31,31.34,24.02,55.81,1.17,102.9,13.32
2009,11,24,5.68,99.3,26.49,30.03,23.59,58.33,2.3,107.0,13.33
2009,11,25,0.0,99.25,26.89,30.66,23.81,61.0,1.91,47.6,12.39
2009,11,26,0.0,99.31,27.49,31.2,24.45,54.65,1.88,65.0,14.04
2009,11,27,0.0,99.34,26.73,30.66,23.52,61.17,1.42,88.8,13.23
2009,11,28,0.0,99.7,26.24,30.59,22.68,60.37,1.58,55.3,13.07
2009,11,29,0.0,99.54,26.58,30.26,23.57,55.37,1.39,97.1,11.7
2009,11,30,0.0,99.61,26.64,30.6,23.4,58.83,1.02,64.1,12.75
2009,12,1,0.0,99.14,27.32,31.2,24.14,60.49,1.88,21.6,12.6
2009,12,2,0.0,99.47,26.0,29.77,22.91,55.28,1.82,76.3,14.42
2009,12,3,0.0,99.41,27.6,31.53,24.39,60.07,1.65,86.4,13.89
2009,12,4,0.0,99.57,28.33,32.76,24.71,56.82,1.49,38.6,12.64
2009,12,5,1.98,99.87,27.07,30.99,23.86,55.24,1.12,47.1,11.5
2009,12,6,0.0,99.06,27.1,31.03,23.88,58.13,1.56,42.9,14.54
2009,12,7,0.0,99.57,29.0,32.86,25.84,53.54,1.05,67.5,14.94
2009,12,8,0.0,99.9,28.7,32.79,25.36,59.21,1.08,34.8,15.01
2009,12,9,0.0,99.42,28.03,31.74,25.0,51.88,1.02,51.5,14.21
2009,12,10,0.0,99.54,27.26,31.29,23.97,58.55,1.12,25.5,12.66
2009,12,11,0.0,99.64,28.24,32.37,24.86,55.28,1.07,48.1,13.12
2009,12,12,0.0,99.14,27.18,30.96,24.09,56.47,1.62,51.6,11.22
2009,12,13,0.0,99.58,27.0,31.46,23.35,53.18,0.94,38.3,14.14
2009,12,14,0.0,99.39,28.3,32.76,24.65,55.2,1.31,2.3,14.77
2009,12,15,0.0,99.91,27.69,32.34,23.88,46.85,1.53,104.7,12.96
2009,12,16,4.44,99.4,26.48,30.68,23.04,56.83,1.75,60.0,12.67
2009,12,17,0.0,99.42,28.52,32.68,25.11,49.95,1.42,31.1,10.99
2009,12,18,0.0,99.7,29.18,33.22,25.88,55.58,0.54,57.7,14.69
2009,12,19,0.0,99.64,28.66,32.74,25.32,51.86,1.17,69.4,15.56
2009,12,20,0.0,99.72,27.89,32.21,24.35,51.71,1.52,59.7,14.11
2009,12,21,0.0,99.91,26.78,30.86,23.44,49.86,0.87,65.8,13.38
2009,12,22,0.0,99.46,28.42,32.46,25.12,53.53,1.74,74.4,13.21
2009,12,23,0.0,99.88,27.89,32.13,24.42,50.55,1.72,22.1,13.65
2009,12,24,0.0,99.91,27.76,31.67,24.56,52.68,1.41,35.4,15.22
2009,12,25,0.0,99.43,27.06,31.59,23.36,51.83,1.57,46.2,13.74
2009,12,26,0.0,99.45,29.77,33.87,26.42,49.8,1.67,54.9,13.07
2009,12,27,0.0,99.59,27.72,32.03,24.2,51.52,1.22,51.9,16.8
2009,12,28,0.0,99.54,27.24,31.12,24.07,50.89,1.53,343.8,12.93
2009,12,29,0.0,99.89,29.73,33.82,26.38,55.2,0.75,122.2,13.11
2009,12,30,0.0,99.43,28.6,32.6,25.33,55.61,1.46,89.0,13.43
2009,12,31,0.0,99.63,28.52,32.53,25.24,48.69,1.33,26.5,14.63
2010,1,1,0.0,99.45,28.88,32.69,25.76,52.54,2.1,58.9,14.18
2010,1,2,0.0,99.61,28.99,33.41,25.38,51.22,1.01,20.4,13.97
2010,1,3,0.0,99.98,28.85,33.11,25.37,49.54,1.64,11.4,14.55
2010,1,4,0.0,99.92,27.67,31.4,24.61,52.41,1.51,15.1,13.27
2010,1,5,0.0,99.66,27.64,31.71,24.31,53.32,1.11,26.7,15.03
2010,1,6,0.0,99.71,28.25,32.32,24.92,44.55,0.46,52.7,15.66
2010,1,7,0.0,99.68,28.43,32.66,24.97,54.82,1.0,54.1,13.88
2010,1,8,0.0,99.54,28.55,32.63,25.21,53.99,1.11,34.1,14.95
2010,1,9,0.0,99.94,28.98,33.4,25.36,51.93,1.51,355.0,14.45
2010,1,10,0.0,99.84,28.64,33.03,25.05,49.55,1.26,52.4,15.39
2010,1,11,0.0,99.64,28.38,33.11,24.51,53.37,1.16,79.1,14.7
2010,1,12,0.0,99.56,29.14,32.65,26.27,50.17,1.46,33.9,15.96
2010,1,13,0.0,99.57,29.38,33.88,25.7,55.56,1.44,38.2,17.74
2010,1,14,0.0,99.66,28.33,32.67,24.78,54.52,1.52,98.7,15.7
2010,1,15,0.0,99.59,27.95,32.03,24.61,52.06,0.82,64.5,15.93
2010,1,16,0.0,99.8,29.04,33.09,25.72,49.75,1.52,13.7,14.37
2010,1,17,0.0,99.69,28.64,32.74,25.29,53.4,1.64,8.9,14.23
2010,1,18,0.0,99.43,29.53,33.72,26.1,54.22,2.16,5.7,15.23
2010,1,19,0.0,99.39,28.26,32.24,25.01,51.07,1.33,50.7,13.65
2010,1,20,0.0,99.78,28.11,31.79,25.1,53.16,1.56,84.9,16.34
2010,1,21,0.0,99.39,28.52,32.5,25.26,50.66,1.32,56.1,15.99
2010,1,22,0.0,99.54,29.34,33.39,26.03,47.13,1.38,13.1,14.47
2010,1,23,0.0,99.52,28.73,33.01,25.23,47.35,1.56,64.0,15.91
2010,1,24,0.0,99.38,28.92,32.72,25.81,52.45,0.53,17.8,17.87
2010,1,25,0.0,99.66,28.64,32.94,25.12,56.28,1.25,110.0,15.54
2010,1,26,0.0,99.58,29.7,33.49,26.6,49.31,1.26,24.4,16.18
2010,1,27,0.0,99.48,29.33,33.56,25.87,49.76,0.91,10.2,15.71
2010,1,28,0.0,99.97,27.93,32.21,24.43,52.86,0.56,48.6,15.79
2010,1,29,0.0,99.16,29.63,33.72,26.29,52.12,0.96,65.0,15.4
2010,1,30,0.0,99.44,29.41,33.55,26.03,52.82,1.26,50.3,18.06
2010,1,31,0.0,99.49,29.76,34.08,26.23,53.47,1.06,49.3,13.19
2010,2,1,0.0,99.35,28.63,32.59,25.39,51.97,1.25,59.1,16.16
2010,2,2,0.0,100.0,28.34,32.55,24.9,52.41,0.78,42.5,15.48
2010,2,3,0.0,100.0,28.93,32.96,25.64,48.88,1.2,51.5,17.11
2010,2,4,0.0,99.47,29.1,33.65,25.38,50.86,1.27,62.6,17.13
2010,2,5,0.0,99.82,29.81,34.08,26.31,55.57,0.66,5.9,16.82
2010,2,6,1.4,99.67,29.37,33.21,26.23,54.13,0.62,33.3,14.77
2010,2,7,0.0,99.89,29.07,33.69,25.29,52.82,1.44,60.3,17.63
2010,2,8,0.0,99.57,28.87,33.27,25.27,49.6,1.19,357.7,15.57
2010,2,9,0.0,99.67,28.97,32.76,25.87,49.8,0.75,50.1,17.55
2010,2,10,0.0,99.84,28.67,32.37,25.64,49.05,0.98,26.7,16.57
2010,2,11,0.0,99.81,29.41,33.19,26.31,46.92,1.31,33.3,16.5
2010,2,12,0.0,99.61,27.91,31.76,24.76,51.31,0.78,41.2,15.83
2010,2,13,0.0,99.42,28.92,33.08,25.51,50.98,1.72,356.3,13.88
2010,2,14,0.0,99.45,29.63,33.77,26.24,52.6,1.35,24.6,18.74
2010,2,15,0.0,99.25,28.09,32.41,24.55,54.99,1.45,77.2,16.95
2010,2,16,0.0,99.72,30.24,34.28,26.94,50.34,1.2,345.6,16.06
2010,2,17,0.0,99.62,28.11,32.16,24.8,55.6,1.37,85.7,17.22
2010,2,18,0.0,99.63,28.49,32.64,25.09,53.55,1.94,24.5,16.21
2010,2,19,0.0,99.57,29.55,33.98,25.93,56.1,0.97,24.3,15.7
2010,2,20,0.0,99.37,29.83,33.43,26.89,48.94,0.99,43.4,16.02
2010,2,21,0.0,99.63,29.04,33.09,25.73,55.42,1.93,81.1,16.3
2010,2,22,0.0,99.68,29.01,33.49,25.34,50.26,1.63,3.2,16.27
2010,2,23,0.0,99.42,30.0,34.14,26.62,49.94,1.07,26.0,17.24
2010,2,24,0.0,99.57,27.78,31.82,24.48,52.01,0.84,61.5,18.5
2010,2,25,0.0,99.45,27.5,31.39,24.32,49.81,0.98,62.7,17.58
2010,2,26,0.0,99.53,27.34,31.7,23.77,53.41,1.91,91.7,17.01
2010,2,27,0.24,99.36,28.06,32.04,24.8,54.71,1.17,10.8,14.55
2010,2,28,0.0,99.52,28.14,32.12,24.88,53.62,1.54,8.2,17.89
2010,3,1,0.0,99.85,28.88,33.37,25.21,52.1,1.23,64.7,16.56
2010,3,2,0.0,99.47,29.3,33.12,26.17,55.58,1.26,23.0,17.78
2010,3,3,0.0,99.43,29.2,33.76,25.47,53.5,1.37,54.0,18.07
2010,3,4,0.0,99.44,29.15,33.31,25.75,51.92,1.1,61.6,17.21
2010,3,5,0.0,99.52,27.84,31.96,24.47,51.99,1.05,356.0,16.69
2010,3,6,0.0,99.87,28.75,32.94,25.32,49.9,1.74,93.4,18.16
2010,3,7,0.0,99.8,27.94,32.05,24.58,49.7,1.06,52.1,16.39
2010,3,8,0.0,99.52,28.84,32.8,25.6,51.16,1.35,26.0,20.63
2010,3,9,0.0,99.43,28.42,32.62,24.98,49.51,1.56,45.4,18.03
2010,3,10,0.0,99.22,28.98,32.95,25.73,49.28,1.37,48.3,18.71
2010,3,11,0.0,99.37,29.99,34.21,26.54,49.96,1.44,49.9,17.97
2010,3,12,0.0,99.18,28.27,33.0,24.4,55.58,0.53,67.6,17.2
2010,3,13,0.0,99.67,27.49,31.77,23.99,50.35,1.25,27.4,20.56
2010,3,14,0.0,99.77,27.08,31.12,23.77,54.96,1.65,48.1,16.89
2010,3,15,0.0,99.46,27.56,31.72,24.15,50.91,2.02,35.2,18.35
2010,3,16,0.0,99.59,28.9,32.9,25.63,53.28,1.61,53.8,18.13
2010,3,17,0.0,99.33,28.45,32.49,25.15,50.52,1.27,48.7,17.99
2010,3,18,0.0,99.17,28.24,32.3,24.92,53.41,1.39,347.7,17.7
2010,3,19,0.0,99.53,28.3,32.51,24.85,59.29,1.45,26.3,18.18
2010,3,20,0.0,99.58,28.5,32.83,24.96,51.02,0.4,354.7,19.29
2010,3,21,0.0,99.82,26.86,31.52,23.05,52.22,0.74,95.3,19.02
2010,3,22,0.0,99.88,28.6,32.85,25.12,49.79,1.24,71.7,19.25
2010,3,23,0.0,99.45,28.14,31.91,25.06,56.27,1.16,11.1,18.46
2010,3,24,0.0,99.66,26.82,30.53,23.78,56.79,1.05,70.2,19.93
2010,3,25,0.0,99.55,28.02,32.06,24.71,50.74,1.35,34.5,17.11
2010,3,26,0.0,99.49,26.83,31.16,23.28,53.0,1.4,52.5,18.84
2010,3,27,0.0,99.48,28.05,32.05,24.78,54.71,0.63,351.3,18.77
2010,3,28,0.0,99.46,27.73,31.73,24.46,53.82,0.7,60.2,18.83
2010,3,29,0.0,99.46,26.89,31.18,23.38,51.15,1.07,60.8,18.87
2010,3,30,0.0,99.77,27.84,31.87,24.54,51.14,1.45,359.5,19.03
2010,3,31,0.0,99.51,28.07,32.39,24.54,50.52,1.16,86.4,20.01
2010,4,1,0.0,99.78,27.05,30.67,24.09,56.96,1.04,83.5,18.77
2010,4,2,1.26,99.27,27.9,32.05,24.5,56.78,1.8,57.1,18.74
2010,4,3,0.0,98.95,27.15,30.68,24.26,59.04,1.52,41.5,20.88
2010,4,4,0.0,99.37,27.9,31.98,24.56,51.7,1.21,45.1,20.62
2010,4,5,0.0,99.3,27.17,31.42,23.69,55.52,1.98,100.2,19.57
2010,4,6,0.0,99.17,28.0,31.55,25.1,55.23,1.34,106.1,19.76
2010,4,7,0.0,99.67,26.49,29.85,23.74,56.07,1.68,40.5,17.77
2010,4,8,0.0,99.19,26.45,30.66,23.0,56.92,0.96,8.2,19.34
2010,4,9,0.0,99.53,26.46,30.55,23.11,64.37,0.81,54.1,20.39
2010,4,10,0.0,99.78,27.04,30.7,24.05,64.47,1.05,95.0,20.39
2010,4,11,0.0,99.21,26.78,30.8,23.49,56.85,1.57,42.0,18.35
2010,4,12,0.0,99.36,27.03,30.82,23.93,60.6,1.34,32.5,18.04
2010,4,13,0.0,99.64,25.95,29.83,22.78,53.92,1.34,115.9,20.53
2010,4,14,0.0,99.32,26.2,30.04,23.06,56.31,1.51,23.4,20.96
2010,4,15,0.0,99.44,27.53,31.07,24.64,54.63,1.49,105.1,20.61
2010,4,16,0.0,99.49,26.83,30.97,23.45,57.86,1.92,68.2,22.14
2010,4,17,0.0,99.4,26.94,30.52,24.01,58.93,1.27,67.0,21.36
2010,4,18,3.53,99.19,26.11,30.0,22.93,66.16,0.96,82.8,18.51
2010,4,19,0.0,99.21,26.57,30.59,23.28,55.51,2.14,69.7,21.32
2010,4,20,0.0,99.15,25.96,29.56,23.01,62.18,1.37,72.1,18.74
2010,4,21,0.0,99.44,24.92,28.66,21.86,57.67,2.03,51.6,20.12
2010,4,22,0.0,99.21,26.87,30.52,23.88,57.65,1.75,67.9,18.13
2010,4,23,0.0,99.53,26.2,30.45,22.72,58.95,2.18,99.3,20.89
2010,4,24,0.0,99.6,25.48,29.49,22.2,65.57,1.42,48.9,19.04
2010,4,25,0.0,99.09,25.92,29.87,22.69,54.97,2.01,109.1,22.34
2010,4,26,0.97,99.4,25.47,29.79,21.93,62.71,1.61,81.9,19.84
2010,4,27,12.09,99.35,26.32,30.11,23.22,71.17,1.49,55.9,18.36
2010,4,28,0.0,99.11,26.15,29.73,23.22,59.14,2.42,88.5,18.39
2010,4,29,0.0,99.47,24.79,28.05,22.13,63.83,1.53,106.3,19.93
2010,4,30,0.0,99.35,24.61,28.05,21.8,60.82,1.55,75.2,19.74
2010,5,1,0.0,99.41,25.6,29.25,22.62,68.86,1.46,139.5,18.52
2010,5,2,0.0,99.09,25.44,29.28,22.3,60.28,1.75,128.2,21.12
2010,5,3,0.0,99.56,25.62,29.0,22.86,66.05,2.02,123.4,18.31
2010,5,4,0.0,99.08,25.07,29.04,21.83,63.77,1.93,101.6,17.29
2010,5,5,0.0,99.3,24.63,27.71,22.11,65.15,2.18,135.1,18.8
2010,5,6,0.0,99.17,25.35,28.72,22.59,65.3,1.47,146.8,18.89
2010,5,7,0.0,99.26,25.32,28.88,22.4,69.79,2.1,100.6,18.48
2010,5,8,0.0,98.98,25.7,29.16,22.87,67.81,1.61,120.3,19.5
2010,5,9,12.82,98.6,24.73,28.26,21.84,70.96,2.02,119.1,17.66
2010,5,10,18.03,98.73,23.33,26.74,20.54,79.42,2.14,121.0,18.62
2010,5,11,0.0,99.05,24.73,28.25,21.85,69.81,2.26,169.1,19.87
2010,5,12,0.0,99.03,24.27,27.52,21.61,72.55,2.45,166.3,19.24
2010,5,13,17.02,98.76,23.04,26.25,20.41,80.52,1.87,164.8,17.66
2010,5,14,0.0,98.81,23.04,26.08,20.55,66.54,2.22,155.8,16.32
2010,5,15,0.0,99.29,25.78,29.62,22.64,74.67,3.3,143.5,19.05
2010,5,16,56.55,97.66,21.73,24.92,19.12,97.14,2.44,140.5,13.94
2010,5,17,37.75,98.24,22.43,25.74,19.72,94.73,2.44,160.5,16.42
2010,5,18,2.45,99.07,24.0,27.1,21.46,75.22,1.82,107.2,16.89
2010,5,19,14.78,98.76,23.35,26.92,20.43,82.78,2.65,178.8,15.54
2010,5,20,0.0,98.79,22.02,25.13,19.48,77.37,2.02,183.7,17.19
2010,5,21,0.0,99.21,23.58,26.76,20.98,78.47,1.71,133.6,17.58
2010,5,22,8.39,98.83,24.52,27.35,22.21,81.27,2.86,124.3,15.51
2010,5,23,13.78,98.55,22.84,26.37,19.95,85.02,2.89,180.0,14.55
2010,5,24,15.68,98.55,23.98,27.06,21.46,85.33,2.15,124.3,15.21
2010,5,25,27.13,98.35,22.32,25.81,19.46,98.27,2.26,178.1,13.1
2010,5,26,4.49,98.87,22.88,25.69,20.58,73.83,2.53,150.6,14.66
2010,5,27,24.14,98.44,22.37,25.21,20.05,88.94,3.59,134.8,14.11
2010,5,28,39.65,98.24,21.6,24.39,19.32,97.52,2.99,197.1,13.56
2010,5,29,22.09,98.18,22.22,25.06,19.9,96.4,3.13,218.4,14.69
2010,5,30,28.59,98.33,21.47,24.55,18.95,93.88,3.41,170.1,15.22
2010,5,31,0.0,98.88,21.99,24.31,20.09,73.57,3.55,206.5,14.98
2010,6,1,56.33,97.69,21.27,24.12,18.94,99.0,3.05,163.8,12.91
2010,6,2,0.0,99.18,22.88,25.51,20.73,81.48,3.19,212.2,16.4
2010,6,3,46.37,97.76,22.06,24.65,19.94,99.0,3.05,175.5,14.35
2010,6,4,60.16,97.5,20.66,23.6,18.25,99.0,2.32,231.0,11.8
2010,6,5,16.13,98.68,20.91,23.79,18.55,90.42,3.2,129.8,15.0
2010,6,6,11.76,98.74,22.31,25.33,19.84,90.97,2.91,179.8,15.13
2010,6,7,0.0,99.08,22.55,25.43,20.2,84.22,2.02,186.0,16.71
2010,6,8,47.87,97.59,20.22,23.02,17.93,99.0,2.86,153.8,13.27
2010,6,9,32.24,97.94,21.52,24.11,19.4,99.0,2.99,219.3,14.36
2010,6,10,85.08,97.5,20.66,23.13,18.64,99.0,3.55,199.8,11.59
2010,6,11,20.72,98.27,20.59,23.47,18.24,94.86,3.16,224.4,14.1
2010,6,12,81.73,97.5,19.87,22.5,17.72,99.0,2.96,183.4,11.37
2010,6,13,5.71,98.64,22.68,25.48,20.39,83.37,2.76,174.9,18.13
2010,6,14,0.0,98.89,21.4,24.07,19.21,84.38,3.19,191.7,16.79
2010,6,15,0.0,98.89,21.91,24.01,20.19,83.4,3.35,174.9,17.23
2010,6,16,80.78,97.5,20.14,22.92,17.86,99.0,3.53,200.8,11.7
2010,6,17,30.39,98.09,19.91,22.37,17.89,99.0,3.64,249.0,13.6
2010,6,18,86.92,97.5,19.81,22.67,17.47,99.0,2.81,220.4,7.78
2010,6,19,0.0,98.63,21.74,23.84,20.02,88.61,3.46,232.8,14.53
2010,6,20,21.75,98.39,20.68,23.8,18.12,97.01,3.32,203.0,13.77
2010,6,21,30.2,97.9,19.45,21.88,17.46,99.0,3.3,190.5,12.98
2010,6,22,9.66,98.77,21.3,24.01,19.08,93.93,3.49,223.3,15.01
2010,6,23,27.59,98.09,20.1,22.47,18.16,99.0,4.08,220.7,13.75
2010,6,24,38.89,97.79,20.78,23.18,18.82,99.0,3.34,250.9,10.39
2010,6,25,0.0,98.42,21.84,24.58,19.6,88.24,3.5,256.9,15.62
2010,6,26,21.18,98.33,20.12,22.6,18.09,99.0,3.1,249.3,13.57
2010,6,27,47.47,97.56,19.29,21.78,17.25,99.0,3.07,282.1,11.58
2010,6,28,0.0,98.76,21.51,24.27,19.26,83.76,3.06,226.3,13.73
2010,6,29,0.0,98.71,21.11,23.68,19.01,87.1,2.91,243.3,15.22
2010,6,30,31.05,98.06,19.05,21.68,16.9,99.0,3.27,260.5,9.93
2010,7,1,10.16,98.61,21.12,23.45,19.21,93.49,4.21,250.5,12.27
2010,7,2,20.57,98.29,20.83,23.51,18.64,98.91,3.24,255.8,15.44
2010,7,3,103.12,97.5,19.77,22.29,17.71,99.0,3.43,230.5,9.85
2010,7,4,65.61,97.5,19.88,22.48,17.75,99.0,3.02,227.2,8.66
2010,7,5,15.08,98.22,20.01,22.59,17.9,99.0,3.48,221.2,11.29
2010,7,6,101.11,97.5,19.72,22.51,17.44,99.0,3.16,224.4,9.58
2010,7,7,49.75,97.58,18.36,20.97,16.22,99.0,3.44,231.3,12.32
2010,7,8,73.64,97.5,19.38,21.54,17.62,99.0,3.44,211.3,9.77
2010,7,9,76.47,97.5,18.61,20.92,16.72,99.0,3.53,198.7,10.46
2010,7,10,20.37,97.98,20.57,23.11,18.49,99.0,4.0,197.8,11.99
2010,7,11,19.49,98.18,19.24,21.82,17.13,99.0,4.25,265.9,11.98
2010,7,12,85.37,97.5,19.44,21.55,17.71,99.0,4.25,218.1,9.84
2010,7,13,47.45,97.56,18.59,20.79,16.79,99.0,3.62,246.9,10.15
2010,7,14,36.49,97.78,19.91,22.69,17.64,99.0,3.64,225.8,11.17
2010,7,15,70.19,97.5,19.28,22.3,16.81,99.0,3.6,266.6,9.95
2010,7,16,90.29,97.5,19.28,21.31,17.62,99.0,3.85,193.8,10.51
2010,7,17,27.88,98.03,19.93,22.49,17.83,99.0,3.29,223.4,9.64
2010,7,18,65.51,97.5,18.19,20.7,16.14,99.0,3.16,213.1,9.06
2010,7,19,16.44,98.19,21.39,24.17,19.11,93.97,2.77,226.5,13.94
2010,7,20,58.45,97.5,18.92,21.57,16.75,99.0,3.86,251.4,8.91
2010,7,21,4.82,98.54,20.73,23.48,18.48,91.99,3.59,222.0,15.96
2010,7,22,13.67,98.33,21.44,23.34,19.88,92.39,3.18,206.8,14.24
2010,7,23,29.43,98.23,19.23,21.77,17.15,99.0,4.08,222.4,11.02
2010,7,24,84.85,97.5,19.01,21.31,17.13,99.0,3.21,212.3,9.01
2010,7,25,8.18,98.41,20.84,23.16,18.94,90.9,4.01,232.8,13.5
2010,7,26,0.0,98.55,20.9,23.14,19.07,84.48,3.09,146.9,13.68
2010,7,27,0.0,98.67,21.27,23.92,19.1,92.17,3.47,207.0,14.08
2010,7,28,58.17,97.51,18.69,21.39,16.48,99.0,3.54,216.7,8.6
2010,7,29,36.39,97.5,19.62,22.41,17.33,97.78,3.15,235.3,11.25
2010,7,30,158.27,97.5,19.24,21.76,17.17,99.0,2.84,236.7,10.42
2010,7,31,109.75,97.5,20.12,23.15,17.64,99.0,3.32,190.8,10.57
2010,8,1,17.34,98.56,21.66,24.07,19.69,97.62,2.98,195.9,13.57
2010,8,2,49.65,97.72,19.35,21.64,17.47,99.0,2.65,158.5,8.14
2010,8,3,19.22,98.04,21.32,24.08,19.06,93.99,2.54,206.7,13.55
2010,8,4,18.96,98.54,20.02,22.56,17.95,90.67,3.27,271.1,12.74
2010,8,5,80.61,97.5,20.89,23.78,18.53,99.0,2.29,204.5,10.28
2010,8,6,22.59,98.36,20.27,22.85,18.16,97.2,3.03,177.5,12.14
2010,8,7,21.76,98.4,20.49,23.11,18.34,88.34,3.39,199.3,12.12
2010,8,8,86.47,97.63,19.79,22.41,17.64,99.0,2.5,134.8,9.91
2010,8,9,0.0,98.88,22.06,24.68,19.91,76.92,2.53,210.8,16.51
2010,8,10,13.13,98.4,20.85,23.7,18.52,92.12,3.13,224.0,10.22
2010,8,11,15.22,98.29,19.53,22.46,17.13,90.93,1.97,178.8,14.75
2010,8,12,22.11,98.57,21.16,23.85,18.96,90.09,2.92,158.9,14.77
2010,8,13,0.0,99.18,20.99,23.58,18.87,81.46,2.72,167.4,13.08
2010,8,14,3.71,98.71,22.07,25.14,19.56,76.16,3.42,166.5,14.73
2010,8,15,25.06,98.27,21.24,24.31,18.73,92.09,3.45,188.6,12.3
2010,8,16,26.17,98.49,20.85,24.03,18.25,93.96,2.93,179.1,12.45
2010,8,17,0.0,99.05,22.45,25.17,20.23,74.93,2.5,166.4,15.37
2010,8,18,0.0,98.88,21.52,24.32,19.23,75.9,2.76,166.3,15.92
2010,8,19,22.93,98.22,21.96,25.24,19.28,89.44,3.03,145.4,13.2
2010,8,20,0.0,98.79,22.08,25.4,19.36,78.13,2.93,178.0,13.91
2010,8,21,0.0,99.12,21.89,24.88,19.45,70.12,1.73,158.5,14.48
2010,8,22,0.0,98.89,22.87,25.73,20.53,73.39,2.03,111.7,15.72
2010,8,23,0.0,98.89,21.66,24.61,19.24,70.78,2.84,173.2,15.97
2010,8,24,0.0,99.09,20.7,23.6,18.32,74.38,2.03,141.7,15.38
2010,8,25,19.7,98.51,20.57,23.98,17.78,82.31,2.61,135.9,12.72
2010,8,26,0.0,99.07,23.29,26.7,20.5,74.11,2.76,195.6,15.09
2010,8,27,0.0,98.95,22.52,25.78,19.85,67.57,2.64,153.7,16.25
2010,8,28,0.0,98.95,22.52,25.6,20.0,69.5,2.56,158.1,14.14
2010,8,29,0.0,98.89,23.09,26.13,20.6,75.94,2.16,120.2,16.03
2010,8,30,0.0,99.16,22.72,25.86,20.15,69.27,1.78,117.7,13.91
2010,8,31,0.0,99.06,22.38,25.46,19.86,72.39,2.96,171.6,15.07
2010,9,1,12.86,98.79,21.8,25.21,19.01,73.0,1.51,198.3,16.51
2010,9,2,0.0,98.88,21.86,25.44,18.93,64.25,2.26,153.1,15.19
2010,9,3,0.0,99.2,21.99,25.6,19.03,71.89,1.96,53.2,18.4
2010,9,4,0.0,99.14,22.92,26.09,20.33,69.76,2.65,100.9,16.4
2010,9,5,0.0,99.22,22.75,26.02,20.07,65.89,2.13,117.8,18.41
2010,9,6,0.0,99.16,23.26,26.56,20.56,71.21,1.75,112.9,13.82
2010,9,7,0.0,99.16,22.91,26.66,19.84,64.47,1.88,110.6,18.38
2010,9,8,49.56,97.55,20.3,23.43,17.74,85.4,2.37,72.9,11.98
2010,9,9,0.0,99.33,23.26,26.77,20.39,65.44,2.41,164.6,16.44
2010,9,10,0.0,98.9,23.27,26.56,20.58,64.26,2.22,124.4,15.65
2010,9,11,0.0,99.33,23.21,26.7,20.35,61.39,1.99,85.3,16.43
2010,9,12,0.0,99.14,23.37,27.12,20.3,63.95,1.55,88.6,17.1
2010,9,13,0.0,98.87,24.69,28.18,21.84,64.64,1.62,120.0,15.51
2010,9,14,0.0,99.15,22.54,25.93,19.77,65.93,2.05,94.1,15.6
2010,9,15,22.77,98.34,21.85,25.66,18.73,83.26,2.24,103.2,15.03
2010,9,16,0.0,99.38,22.29,25.95,19.3,66.42,1.27,109.9,16.64
2010,9,17,51.91,97.8,21.6,25.37,18.52,81.74,1.17,82.2,9.14
2010,9,18,0.0,99.01,22.23,25.95,19.19,70.06,1.72,143.5,17.41
2010,9,19,0.0,99.32,23.8,27.12,21.08,62.33,1.87,28.0,17.5
2010,9,20,0.0,99.2,23.66,27.69,20.36,62.89,1.83,70.8,14.92
2010,9,21,0.0,99.31,23.35,26.97,20.39,59.84,1.95,114.2,15.32
2010,9,22,0.0,99.2,24.13,28.05,20.92,61.52,1.53,71.2,15.15
2010,9,23,0.0,99.43,24.06,27.66,21.12,61.3,2.19,84.9,18.23
2010,9,24,0.0,99.16,25.02,28.88,21.86,63.12,2.29,123.5,15.57
2010,9,25,0.0,98.95,24.38,28.37,21.12,63.61,1.9,101.2,16.91
2010,9,26,0.0,99.04,23.95,27.91,20.71,59.89,1.5,90.6,17.7
2010,9,27,0.0,99.32,22.45,26.2,19.38,64.19,0.63,119.5,17.13
2010,9,28,0.0,99.13,24.74,28.37,21.77,59.24,1.43,70.2,16.17
2010,9,29,0.0,99.48,24.79,28.13,22.06,63.83,1.73,98.1,17.31
2010,9,30,43.12,97.96,23.38,26.77,20.61,80.81,1.92,100.0,10.18
2010,10,1,9.89,99.19,22.22,26.26,18.92,62.89,1.54,52.9,15.8
2010,10,2,0.0,99.18,24.41,27.91,21.54,59.78,1.63,61.6,15.67
2010,10,3,0.0,99.5,24.77,28.72,21.54,59.93,2.31,37.6,15.57
2010,10,4,11.88,99.06,24.71,28.69,21.45,64.42,1.26,93.2,14.96
2010,10,5,0.0,99.3,24.81,28.66,21.66,59.62,1.04,120.6,17.21
2010,10,6,8.63,99.17,24.13,27.96,20.99,63.97,0.77,63.8,16.07
2010,10,7,2.94,99.41,23.64,27.04,20.86,62.44,2.05,20.6,14.93
2010,10,8,0.0,99.26,24.42,27.77,21.68,62.43,1.18,85.6,15.77
2010,10,9,0.0,98.93,24.82,28.35,21.93,60.77,1.56,121.1,14.29
2010,10,10,0.0,99.49,25.13,29.29,21.72,58.49,2.02,78.2,14.87
2010,10,11,0.0,99.22,23.51,27.59,20.17,60.21,2.3,103.3,15.54
2010,10,12,19.15,99.25,24.1,27.81,21.07,74.66,1.74,27.4,13.56
2010,10,13,7.36,98.98,23.37,27.42,20.06,63.68,1.35,106.1,14.76
2010,10,14,0.0,99.2,24.91,28.34,22.11,58.94,1.88,133.7,15.14
2010,10,15,0.0,99.41,23.96,27.53,21.04,57.48,1.35,143.4,14.16
2010,10,16,0.0,99.41,23.79,27.9,20.43,60.02,1.74,120.3,13.9
2010,10,17,24.99,98.72,25.1,29.34,21.63,78.15,1.24,164.8,11.93
2010,10,18,23.67,98.58,22.96,26.83,19.8,73.22,1.47,118.4,12.68
2010,10,19,10.35,98.8,24.05,27.26,21.42,68.0,2.65,92.2,13.7
2010,10,20,30.25,98.39,23.72,27.73,20.44,77.82,2.22,82.6,12.06
2010,10,21,0.0,99.0,23.52,27.08,20.61,61.17,1.56,50.5,14.19
2010,10,22,0.0,99.64,25.57,29.4,22.44,66.53,1.66,79.4,14.01
2010,10,23,25.05,98.46,23.56,27.21,20.57,76.35,2.11,67.2,10.78
2010,10,24,4.78,99.1,24.19,28.08,21.01,62.23,1.69,120.8,13.64
2010,10,25,16.64,98.98,25.12,28.74,22.16,68.11,2.32,66.4,13.64
2010,10,26,0.0,99.28,24.24,28.6,20.68,60.37,1.27,71.0,12.29
2010,10,27,0.0,99.17,25.53,29.4,22.37,60.15,1.85,127.1,13.95
2010,10,28,2.65,99.18,25.17,28.42,22.51,67.38,1.57,85.7,14.45
2010,10,29,6.64,99.0,25.08,28.21,22.52,66.64,1.98,124.9,11.74
2010,10,30,0.0,99.23,25.31,28.44,22.75,63.8,1.93,150.6,13.59
2010,10,31,0.0,99.35,25.48,29.23,22.41,62.95,1.9,75.5,12.94
2010,11,1,0.0,99.1,23.85,27.71,20.7,63.1,2.05,110.4,12.01
2010,11,2,7.8,99.29,24.57,27.44,22.22,70.59,1.99,183.3,12.44
2010,11,3,3.15,99.22,24.77,28.7,21.56,68.21,1.46,119.9,13.23
2010,11,4,0.0,99.19,26.37,30.06,23.35,68.6,1.84,127.4,13.92
2010,11,5,0.0,99.24,25.75,29.79,22.44,61.07,1.84,97.5,13.21
2010,11,6,10.44,99.25,25.29,28.62,22.56,68.1,1.86,105.6,10.56
2010,11,7,0.0,99.45,27.05,30.73,24.04,63.9,2.71,121.9,14.43
2010,11,8,6.98,99.18,24.11,27.8,21.09,71.47,1.87,66.4,11.15
2010,11,9,0.0,99.21,26.85,30.25,24.07,61.15,2.48,61.0,11.55
2010,11,10,0.0,99.42,25.93,29.2,23.25,65.58,1.1,109.0,13.51
2010,11,11,33.72,98.48,24.1,27.99,20.92,79.6,1.61,90.2,10.86
2010,11,12,13.64,99.3,25.12,28.82,22.09,72.8,1.72,58.8,10.49
2010,11,13,0.0,99.33,25.76,29.52,22.68,62.62,2.39,51.4,11.5
2010,11,14,0.0,99.64,27.22,31.26,23.92,59.22,0.96,122.5,14.28
2010,11,15,0.0,99.38,26.4,30.06,23.41,61.57,2.14,91.3,9.76
2010,11,16,0.0,99.17,26.77,30.54,23.69,63.37,1.96,79.1,10.85
2010,11,17,0.0,99.95,25.84,29.63,22.74,53.33,1.94,89.0,13.34
2010,11,18,0.0,99.11,26.5,30.31,23.38,63.67,1.64,89.2,11.9
2010,11,19,0.0,99.02,27.12,30.45,24.39,56.73,1.76,80.7,12.69
2010,11,20,0.0,99.01,27.34,31.07,24.29,59.94,1.66,39.0,11.03
2010,11,21,0.0,99.88,25.68,29.75,22.35,59.95,1.4,94.4,13.31
2010,11,22,0.6,99.76,27.23,30.96,24.18,52.64,1.98,54.3,12.27
2010,11,23,0.0,99.43,26.65,30.29,23.67,57.92,1.65,69.0,13.46
2010,11,24,0.0,99.49,27.07,31.13,23.75,60.5,1.3,91.3,14.63
2010,11,25,0.0,99.46,26.51,30.32,23.4,64.24,1.73,98.8,15.26
2010,11,26,0.0,99.11,28.02,31.66,25.04,61.02,1.47,84.3,14.42
2010,11,27,0.0,99.7,27.19,30.78,24.25,60.94,1.36,77.1,13.49
2010,11,28,0.0,99.68,26.66,30.49,23.53,52.05,0.87,97.4,13.54
2010,11,29,0.0,99.23,26.8,30.48,23.79,56.95,1.29,82.6,11.76
2010,11,30,4.39,99.4,27.63,31.75,24.26,65.0,1.25,42.6,13.32
2010,12,1,0.0,99.45,27.77,31.45,24.76,59.99,1.57,92.4,12.86
2010,12,2,0.0,99.43,27.38,31.36,24.13,55.47,1.28,88.9,14.29
2010,12,3,0.0,99.35,27.12,31.15,23.82,56.94,2.43,69.1,13.32
2010,12,4,1.2,99.43,28.07,32.17,24.72,59.75,0.81,80.6,14.83
2010,12,5,0.0,99.39,27.14,31.51,23.56,58.75,0.9,68.4,11.45
2010,12,6,0.0,99.68,27.16,30.74,24.23,55.47,1.15,328.6,14.47
2010,12,7,16.78,99.07,28.72,32.85,25.34,64.12,1.48,47.7,13.45
2010,12,8,0.0,99.38,27.94,32.08,24.55,56.57,1.2,53.1,13.66
2010,12,9,0.0,99.51,27.67,31.35,24.66,57.83,1.07,51.1,13.66
2010,12,10,0.0,99.49,27.47,31.53,24.14,53.78,0.84,41.4,13.74
2010,12,11,0.0,99.49,27.68,31.57,24.5,49.49,1.44,53.3,14.57
2010,12,12,0.0,99.65,28.76,33.16,25.16,54.25,2.3,74.5,15.49
2010,12,13,0.0,99.48,28.51,32.37,25.35,50.75,0.85,59.0,13.52
2010,12,14,0.0,99.43,27.52,31.49,24.27,59.52,1.46,46.2,14.96
2010,12,15,0.0,99.29,27.79,31.72,24.57,51.27,1.82,356.2,13.39
2010,12,16,0.0,99.54,27.15,30.96,24.03,53.45,1.27,79.1,14.18
2010,12,17,0.0,99.77,28.3,31.92,25.33,51.64,1.34,35.4,13.69
2010,12,18,0.0,99.53,25.38,29.21,22.25,52.04,1.17,96.3,14.64
2010,12,19,0.0,99.46,27.12,31.22,23.76,55.69,1.87,22.7,14.13
2010,12,20,0.0,99.42,28.3,32.45,24.91,56.18,1.48,66.5,12.99
2010,12,21,0.0,99.25,26.44,30.74,22.92,54.96,1.61,42.2,13.27
2010,12,22,0.0,99.78,29.91,34.28,26.34,55.73,1.12,12.4,15.07
2010,12,23,0.0,99.65,27.73,31.92,24.3,51.45,1.42,71.2,13.39
2010,12,24,0.0,99.71,28.73,33.04,25.21,49.76,1.13,359.2,13.02
2010,12,25,0.0,99.62,29.31,33.54,25.85,50.65,1.44,48.7,15.06
2010,12,26,0.0,99.43,28.64,32.43,25.54,53.88,0.99,47.0,15.27
2010,12,27,0.0,99.52,28.48,32.68,25.04,56.01,1.58,22.7,13.29
2010,12,28,0.0,99.49,28.12,32.22,24.76,49.08,1.34,76.5,13.38
2010,12,29,0.0,99.51,27.62,31.57,24.39,51.49,0.96,49.0,14.71
2010,12,30,0.0,99.51,28.24,32.35,24.88,51.67,1.46,91.3,15.41
2010,12,31,0.0,99.78,28.67,32.88,25.23,50.22,1.01,49.8,13.89
2011,1,1,0.0,99.96,28.64,32.71,25.31,53.67,0.63,55.2,14.14
2011,1,2,0.0,99.44,28.01,32.41,24.41,54.8,0.99,340.2,13.62
2011,1,3,0.0,99.56,29.45,33.67,26.0,58.87,1.0,59.4,16.34
2011,1,4,0.0,99.63,27.72,32.09,24.15,57.53,0.66,52.7,14.59
2011,1,5,0.0,99.42,29.16,33.63,25.5,54.21,1.29,25.9,14.85
2011,1,6,0.0,99.61,29.36,33.38,26.07,50.71,1.26,19.6,14.34
2011,1,7,0.0,99.66,28.95,32.95,25.68,53.98,1.1,33.9,14.33
2011,1,8,0.0,99.58,29.97,34.41,26.33,46.53,1.41,64.2,15.62
2011,1,9,0.0,99.71,29.1,33.01,25.9,53.85,0.96,7.5,14.75
2011,1,10,0.0,99.6,29.8,33.9,26.45,53.03,0.54,3.8,15.77
2011,1,11,0.0,99.08,26.98,30.97,23.71,52.22,0.86,62.6,15.81
2011,1,12,0.0,99.43,29.52,33.37,26.37,49.82,0.79,28.7,14.24
2011,1,13,0.0,99.86,29.29,33.55,25.8,54.23,0.97,36.0,13.87
2011,1,14,0.0,99.69,29.27,33.32,25.96,49.23,1.14,36.6,13.99
2011,1,15,0.0,99.09,29.34,33.21,26.17,54.96,1.87,49.1,11.58
2011,1,16,0.0,99.33,28.58,32.96,25.0,53.69,0.52,75.1,16.77
2011,1,17,0.0,99.73,29.46,33.22,26.38,53.21,1.44,10.3,14.94
2011,1,18,0.0,99.5,30.19,34.27,26.85,49.25,0.73,52.1,16.66
2011,1,19,0.0,99.11,27.64,32.01,24.06,50.18,1.28,39.4,16.91
2011,1,20,0.0,99.79,29.79,34.17,26.21,47.84,0.87,48.7,15.94
2011,1,21,0.0,99.73,28.88,33.12,25.41,54.36,1.2,102.7,14.77
2011,1,22,0.0,99.45,28.51,32.39,25.33,52.11,1.73,5.6,15.46
2011,1,23,0.0,99.82,28.13,32.3,24.72,50.51,0.55,57.1,15.15
2011,1,24,0.0,99.46,29.25,33.47,25.8,51.63,1.23,70.9,16.16
2011,1,25,0.0,99.49,30.1,34.1,26.82,54.95,1.24,12.0,17.14
2011,1,26,0.0,99.51,28.72,32.95,25.26,48.82,1.5,33.2,16.46
2011,1,27,0.0,99.26,29.46,33.18,26.42,50.79,1.14,25.6,17.07
2011,1,28,0.0,99.67,28.99,32.63,26.01,47.59,2.42,79.5,14.89
2011,1,29,0.0,99.69,27.85,31.8,24.62,49.07,1.56,40.2,15.57
2011,1,30,0.0,99.51,28.87,33.18,25.34,51.32,1.35,355.2,15.64
2011,1,31,0.0,99.72,28.53,32.89,24.96,55.06,1.25,103.8,17.3
2011,2,1,0.0,99.31,28.29,32.06,25.2,53.82,1.34,86.8,15.67
2011,2,2,0.0,99.72,28.69,33.22,24.99,54.8,1.17,66.3,15.72
2011,2,3,0.0,99.65,28.77,32.92,25.38,53.89,1.17,34.2,15.09
2011,2,4,0.0,99.47,29.69,33.39,26.66,49.34,0.54,9.4,16.12
2011,2,5,0.0,99.67,29.0,33.21,25.56,56.78,1.34,33.1,16.27
2011,2,6,0.0,99.43,27.99,32.46,24.33,54.12,1.34,66.2,16.43
2011,2,7,1.89,99.74,29.74,33.73,26.48,58.11,1.25,34.9,16.68
2011,2,8,0.0,99.69,29.23,33.62,25.64,56.73,1.26,24.6,15.65
2011,2,9,0.0,99.66,29.15,33.67,25.45,51.8,1.41,358.9,17.4
2011,2,10,0.0,99.51,29.56,33.69,26.18,50.69,1.3,14.5,14.63
2011,2,11,0.0,99.73,28.92,32.84,25.71,45.8,1.15,1.6,18.41
2011,2,12,0.0,99.8,28.55,32.99,24.91,52.53,1.25,43.7,13.6
2011,2,13,0.0,99.88,29.16,33.6,25.53,51.96,1.59,63.1,14.12
2011,2,14,0.0,99.49,29.34,33.12,26.25,50.29,1.68,4.7,16.95
2011,2,15,0.0,99.73,29.16,33.25,25.81,50.69,0.75,353.8,15.26
2011,2,16,0.0,99.83,29.44,33.76,25.91,53.55,0.98,40.7,16.49
2011,2,17,0.0,99.54,28.93,33.26,25.38,46.83,1.49,34.1,16.78
2011,2,18,0.0,99.83,28.15,32.19,24.84,55.7,1.34,50.0,18.82
2011,2,19,0.0,99.61,28.39,32.25,25.24,54.57,0.89,358.6,18.04
2011,2,20,0.0,99.39,29.77,34.32,26.05,51.13,1.15,72.5,15.31
2011,2,21,0.0,99.45,28.82,32.96,25.43,51.93,1.43,52.4,13.82
2011,2,22,0.0,99.31,27.98,32.05,24.65,53.04,1.86,72.5,17.31
2011,2,23,0.0,99.57,27.9,31.86,24.66,54.44,2.03,27.8,17.75
2011,2,24,0.0,99.54,27.8,31.86,24.48,57.86,0.44,69.4,17.14
2011,2,25,0.0,99.6,29.29,32.97,26.28,50.72,1.46,25.1,16.82
2011,2,26,0.0,99.81,28.91,33.3,25.32,56.02,0.9,68.4,16.79
2011,2,27,0.0,99.56,29.96,34.0,26.65,51.6,1.58,26.2,15.96
2011,2,28,0.0,99.52,29.05,32.59,26.16,51.13,0.62,347.8,15.29
2011,3,1,0.0,99.53,29.06,32.9,25.92,51.54,0.88,64.9,16.22
2011,3,2,0.0,99.23,29.98,34.36,26.4,55.31,1.08,24.2,16.61
2011,3,3,0.0,99.68,27.89,31.96,24.56,50.7,1.4,68.1,21.57
2011,3,4,0.0,99.53,27.49,31.38,24.3,52.62,1.01,356.2,17.84
2011,3,5,0.0,99.57,28.9,33.05,25.51,50.91,0.87,352.1,17.31
2011,3,6,0.0,99.51,28.31,32.34,25.02,51.17,0.5,30.5,18.01
2011,3,7,0.0,99.57,28.66,32.8,25.28,56.18,0.9,42.5,18.8
2011,3,8,0.0,99.31,29.28,33.47,25.85,52.4,1.41,353.6,17.93
2011,3,9,0.0,99.54,28.92,32.8,25.75,50.6,1.73,25.3,18.11
2011,3,10,0.0,99.43,29.42,33.36,26.19,51.28,0.77,10.5,19.44
2011,3,11,0.0,99.55,27.69,31.59,24.5,53.31,0.81,45.4,20.92
2011,3,12,0.0,99.35,28.92,32.83,25.72,52.42,0.89,105.4,17.63
2011,3,13,0.0,99.62,27.72,31.64,24.51,52.62,1.13,31.0,16.09
2011,3,14,0.0,99.53,29.39,33.41,26.1,51.82,1.25,25.6,17.08
2011,3,15,0.0,99.29,28.5,32.43,25.29,55.62,1.06,47.2,17.45
2011,3,16,0.0,99.7,28.5,32.63,25.12,54.36,0.58,98.8,18.38
2011,3,17,0.0,99.43,27.71,31.71,24.44,52.17,0.42,13.1,18.04
2011,3,18,0.0,99.45,27.7,31.59,24.52,53.22,1.0,45.7,20.68
2011,3,19,0.0,99.66,28.32,31.87,25.41,50.63,1.4,114.7,18.32
2011,3,20,0.37,99.7,29.2,33.03,26.06,52.97,1.2,25.9,19.0
2011,3,21,0.0,99.43,29.06,33.04,25.81,51.11,1.85,31.1,16.91
2011,3,22,0.0,99.53,28.16,32.5,24.61,53.66,0.63,71.9,17.82
2011,3,23,0.76,99.61,27.54,31.59,24.23,53.32,1.26,96.8,15.74
2011,3,24,0.0,99.73,28.23,31.88,25.24,52.59,1.75,101.0,19.99
2011,3,25,0.0,99.51,28.66,32.75,25.31,53.75,1.12,43.0,20.93
2011,3,26,0.0,99.58,27.89,31.82,24.67,54.27,0.75,21.2,18.21
2011,3,27,0.0,99.32,27.42,31.63,23.97,56.59,0.22,30.6,19.85
2011,3,28,0.0,99.21,28.12,31.77,25.14,55.81,1.13,18.0,21.22
2011,3,29,0.0,99.58,27.43,31.81,23.85,56.4,1.06,51.3,20.78
2011,3,30,0.0,99.33,27.3,31.46,23.89,52.86,1.02,68.4,19.61
2011,3,31,6.62,99.14,27.2,31.18,23.95,58.42,1.39,55.9,19.29
2011,4,1,0.0,99.58,27.92,31.52,24.97,58.95,1.97,37.3,18.93
2011,4,2,0.0,99.44,27.24,30.86,24.28,53.96,0.77,78.3,17.83
2011,4,3,0.0,99.5,27.32,31.52,23.88,54.73,0.94,67.5,21.27
2011,4,4,0.0,99.22,27.39,31.62,23.93,54.92,1.26,66.8,20.19
2011,4,5,14.38,98.92,26.4,30.69,22.89,62.3,1.6,76.6,18.47
2011,4,6,12.29,99.43,27.78,32.23,24.14,65.21,1.19,64.0,15.1
2011,4,7,5.78,99.17,28.19,32.38,24.76,56.97,1.57,52.7,17.07
2011,4,8,0.0,99.39,26.86,30.95,23.51,58.24,0.82,23.0,20.24
2011,4,9,0.0,99.47,26.45,31.08,22.67,57.57,1.4,49.6,17.94
2011,4,10,0.0,99.23,26.63,30.44,23.51,55.45,1.39,37.4,19.61
2011,4,11,0.0,99.66,27.2,31.12,23.99,54.7,2.01,109.6,19.31
2011,4,12,0.0,99.41,26.77,30.28,23.89,55.99,1.86,108.1,18.3
2011,4,13,0.0,99.36,25.87,29.97,22.52,59.57,1.49,103.0,19.11
2011,4,14,0.0,99.58,26.59,30.45,23.43,59.61,1.1,52.9,22.08
2011,4,15,0.0,99.55,26.92,30.65,23.87,59.11,0.6,62.3,19.86
2011,4,16,0.0,99.73,27.26,30.98,24.21,56.91,1.17,49.2,19.53
2011,4,17,0.0,99.29,27.73,31.39,24.74,57.58,2.36,35.2,21.34
2011,4,18,0.0,99.76,26.12,29.93,23.0,59.53,0.86,93.8,18.83
2011,4,19,0.0,99.47,25.93,29.38,23.11,57.45,1.22,51.7,18.91
2011,4,20,0.0,99.65,26.12,29.58,23.29,60.81,1.65,66.6,17.47
2011,4,21,0.0,99.51,25.56,29.07,22.69,59.26,2.1,65.7,21.27
2011,4,22,24.46,98.6,24.68,28.3,21.72,75.51,1.16,131.1,17.75
2011,4,23,20.48,98.66,24.77,28.42,21.78,66.92,1.85,81.6,15.4
2011,4,24,3.33,98.9,26.09,29.28,23.48,60.16,1.41,106.3,17.46
2011,4,25,0.0,98.94,25.33,28.93,22.39,59.53,1.27,74.7,19.94
2011,4,26,0.0,99.18,26.41,29.9,23.56,62.06,1.54,68.0,21.28
2011,4,27,0.0,99.51,26.56,30.47,23.36,60.32,1.78,100.7,18.43
2011,4,28,5.09,99.05,24.68,28.11,21.88,70.75,1.35,121.0,17.7
2011,4,29,0.0,99.14,24.68,28.61,21.47,58.92,2.29,80.1,16.83
2011,4,30,0.0,99.37,25.14,29.25,21.78,65.7,2.46,116.0,17.94
2011,5,1,0.0,99.08,25.15,29.08,21.94,66.8,1.67,92.4,19.85
2011,5,2,0.0,99.56,26.23,29.54,23.52,65.28,2.27,55.4,18.71
2011,5,3,0.0,99.17,25.22,28.92,22.19,63.55,1.44,83.6,20.13
2011,5,4,12.49,99.06,24.96,28.22,22.29,71.8,1.99,107.7,16.54
2011,5,5,2.59,99.09,25.27,28.55,22.59,69.26,2.41,118.3,19.97
2011,5,6,0.0,99.18,24.38,27.65,21.7,61.63,2.41,131.7,17.29
2011,5,7,0.0,99.37,24.73,28.22,21.88,64.91,2.23,159.3,19.84
2011,5,8,0.0,99.19,24.81,28.0,22.2,65.76,2.67,120.6,18.17
2011,5,9,6.92,99.24,24.72,28.13,21.93,73.18,1.98,83.3,18.33
2011,5,10,0.0,98.99,23.64,27.36,20.6,71.48,2.33,132.8,19.28
2011,5,11,0.0,98.88,24.14,27.18,21.65,74.57,2.36,117.6,16.3
2011,5,12,0.0,98.79,24.47,27.35,22.12,64.38,2.54,103.3,17.2
2011,5,13,20.83,98.8,23.24,26.36,20.69,78.77,2.65,137.5,16.81
2011,5,14,35.09,98.37,21.91,25.57,18.92,89.11,1.97,158.4,14.21
2011,5,15,0.0,99.02,23.7,27.13,20.9,72.9,2.76,159.0,17.72
2011,5,16,39.88,98.11,21.55,24.53,19.11,95.98,2.08,120.7,14.23
2011,5,17,66.73,97.74,23.0,25.9,20.63,91.17,2.93,181.4,10.77
2011,5,18,32.65,98.18,22.42,25.67,19.76,92.03,3.29,166.9,13.36
2011,5,19,0.0,98.71,23.82,26.98,21.23,66.4,2.47,199.6,17.76
2011,5,20,0.0,98.7,23.1,26.38,20.41,74.91,2.34,214.7,17.9
2011,5,21,0.0,98.8,23.86,26.63,21.59,74.54,3.36,176.5,20.05
2011,5,22,0.0,99.01,24.11,27.15,21.62,74.84,2.74,195.6,16.64
2011,5,23,11.28,98.53,22.45,25.74,19.76,80.73,2.29,179.3,16.41
2011,5,24,12.64,98.84,22.33,25.66,19.6,82.8,2.49,124.0,15.31
2011,5,25,10.72,98.46,22.61,25.27,20.44,83.37,2.54,104.0,16.36
2011,5,26,55.13,97.5,20.33,23.28,17.91,99.0,3.36,156.6,14.8
2011,5,27,0.0,98.61,23.5,26.38,21.14,73.87,2.55,185.8,18.16
2011,5,28,57.03,97.5,21.69,24.4,19.47,99.0,2.07,134.9,12.31
2011,5,29,36.34,98.01,20.63,23.35,18.41,99.0,2.97,178.7,12.68
2011,5,30,83.62,97.61,21.63,24.69,19.13,99.0,3.13,203.9,10.58
2011,5,31,29.92,98.18,22.37,25.04,20.18,95.92,3.27,139.0,15.23
2011,6,1,39.53,98.04,19.31,22.14,16.99,99.0,2.05,212.8,13.61
2011,6,2,27.53,98.38,20.94,23.92,18.5,97.32,3.03,194.5,12.15
2011,6,3,0.0,98.95,22.32,25.63,19.61,74.15,2.96,188.7,17.61
2011,6,4,16.89,98.29,22.4,25.3,20.03,87.09,3.31,155.5,13.48
2011,6,5,16.91,98.51,22.25,25.25,19.8,95.7,2.42,211.9,16.34
2011,6,6,96.14,97.62,19.91,22.77,17.57,99.0,3.26,198.8,9.63
2011,6,7,0.0,98.79,23.63,26.34,21.41,79.14,3.29,136.7,15.86
2011,6,8,7.97,98.74,21.62,24.31,19.42,84.07,3.68,203.9,16.49
2011,6,9,2.63,98.86,21.68,24.39,19.46,82.14,3.4,172.6,15.24
2011,6,10,20.74,98.24,20.67,22.81,18.92,93.86,3.55,181.4,14.22
2011,6,11,103.92,97.5,20.13,22.75,17.98,99.0,2.84,205.4,11.09
2011,6,12,11.45,98.46,22.38,25.2,20.07,90.73,3.29,216.8,14.48
2011,6,13,39.81,97.9,19.92,22.4,17.89,99.0,3.85,235.4,14.07
2011,6,14,15.53,98.37,21.61,24.68,19.1,97.11,3.18,183.3,15.72
2011,6,15,28.85,98.08,21.02,23.72,18.81,98.64,3.68,209.5,10.37
2011,6,16,121.75,97.5,19.96,22.57,17.82,99.0,3.04,158.0,12.45
2011,6,17,63.88,97.5,20.16,23.03,17.81,99.0,3.34,222.4,10.18
2011,6,18,29.77,98.15,21.32,24.1,19.05,99.0,2.83,201.7,15.43
2011,6,19,15.69,98.51,21.39,24.31,19.0,90.4,3.43,228.9,13.25
2011,6,20,16.94,98.24,21.83,24.8,19.4,91.7,3.16,210.3,13.22
2011,6,21,24.75,98.14,19.97,22.96,17.52,99.0,3.93,201.7,12.99
2011,6,22,70.82,97.5,19.37,22.07,17.16,99.0,4.29,210.6,11.65
2011,6,23,73.53,97.5,18.87,21.15,17.0,99.0,2.87,157.7,10.08
2011,6,24,52.74,97.5,19.98,22.47,17.94,99.0,3.08,240.9,10.88
2011,6,25,54.29,97.86,20.4,23.4,17.95,99.0,3.91,244.0,11.01
2011,6,26,47.03,97.68,19.41,22.02,17.27,99.0,3.29,245.8,10.43
2011,6,27,52.71,97.5,19.66,22.07,17.69,99.0,3.56,220.6,12.89
2011,6,28,38.02,97.92,18.86,21.23,16.92,99.0,4.18,256.5,11.43
2011,6,29,65.81,97.5,19.4,21.62,17.59,99.0,4.2,205.6,9.22
2011,6,30,60.57,97.5,18.18,20.94,15.92,99.0,3.13,198.6,10.09
2011,7,1,19.5,98.17,20.58,22.96,18.64,95.77,4.37,247.1,14.81
2011,7,2,52.43,97.5,18.0,20.22,16.18,99.0,3.9,212.3,9.94
2011,7,3,89.44,97.5,20.44,22.69,18.6,99.0,4.04,274.5,10.45
2011,7,4,57.8,97.5,19.19,20.96,17.75,99.0,3.41,262.0,9.53
2011,7,5,32.44,97.92,19.83,22.5,17.64,99.0,3.38,230.7,12.91
2011,7,6,64.33,97.5,20.5,22.91,18.53,99.0,3.02,196.5,6.2
2011,7,7,123.72,97.5,19.19,21.33,17.44,99.0,3.21,210.5,10.39
2011,7,8,38.93,97.68,18.44,21.3,16.1,99.0,3.94,224.7,11.11
2011,7,9,27.81,98.22,19.7,22.19,17.66,98.51,3.86,304.1,14.13
2011,7,10,32.12,97.77,21.17,23.03,19.65,99.0,3.98,236.7,12.08
2011,7,11,55.99,97.5,18.45,21.12,16.26,99.0,3.77,249.8,9.15
2011,7,12,95.1,97.5,18.75,20.95,16.95,99.0,3.67,206.6,10.57
2011,7,13,16.12,98.58,21.48,24.12,19.32,93.98,3.41,232.6,13.31
2011,7,14,60.18,97.5,18.49,21.1,16.35,99.0,3.57,208.4,9.56
2011,7,15,30.93,97.76,19.72,22.24,17.66,99.0,4.02,213.2,13.11
2011,7,16,24.46,98.16,20.98,23.12,19.23,99.0,3.98,178.9,13.06
2011,7,17,40.02,97.52,19.01,21.16,17.25,99.0,3.76,237.0,11.06
2011,7,18,23.45,98.17,19.51,21.99,17.48,98.87,3.3,247.7,14.68
2011,7,19,38.51,97.99,18.18,20.42,16.34,99.0,3.46,185.3,9.8
2011,7,20,23.88,97.76,19.28,22.13,16.95,99.0,3.12,192.6,12.63
2011,7,21,72.54,97.5,18.4,20.89,16.36,99.0,3.48,184.1,10.85
2011,7,22,79.47,97.5,18.77,21.02,16.93,99.0,2.97,223.9,6.52
2011,7,23,50.14,97.5,19.28,22.09,16.98,99.0,3.46,220.6,7.13
2011,7,24,0.0,98.77,21.01,23.04,19.35,84.84,3.32,245.2,13.22
2011,7,25,0.0,98.72,20.19,22.72,18.12,81.38,3.55,187.4,16.42
2011,7,26,11.78,98.14,21.55,24.28,19.32,91.7,3.24,207.9,15.08
2011,7,27,8.7,98.64,19.96,22.27,18.07,86.86,3.79,195.3,15.19
2011,7,28,79.17,97.5,20.36,22.85,18.33,99.0,2.87,233.3,10.74
2011,7,29,19.88,98.29,20.43,22.86,18.44,91.91,2.86,212.8,13.32
2011,7,30,17.79,98.23,21.16,23.49,19.26,94.15,3.34,195.7,14.66
2011,7,31,45.19,98.07,19.73,22.4,17.54,99.0,3.52,187.3,10.54
2011,8,1,21.82,98.21,21.37,24.27,19.0,98.9,3.24,217.8,12.17
2011,8,2,39.18,97.86,19.62,22.86,16.97,99.0,3.25,236.4,13.64
2011,8,3,68.75,97.5,19.06,21.97,16.68,99.0,3.38,213.0,9.87
2011,8,4,33.27,98.02,20.16,22.81,17.99,97.94,3.5,191.7,12.73
2011,8,5,136.72,97.5,19.12,22.17,16.63,99.0,3.12,160.3,11.92
2011,8,6,48.96,97.5,19.71,22.16,17.7,99.0,3.33,232.8,10.29
2011,8,7,36.61,97.88,21.0,23.64,18.84,99.0,3.6,194.4,12.74
2011,8,8,0.0,98.49,20.24,23.31,17.73,80.49,2.67,212.6,14.64
2011,8,9,0.0,98.92,21.41,24.05,19.25,79.79,3.64,210.3,15.48
2011,8,10,16.89,98.95,22.36,25.22,20.02,87.81,3.58,215.6,15.71
2011,8,11,19.29,98.4,20.5,23.18,18.31,84.74,2.78,227.8,13.95
2011,8,12,20.75,98.4,21.46,24.29,19.14,95.3,3.26,117.5,13.86
2011,8,13,58.58,97.5,20.24,23.13,17.87,99.0,2.45,184.0,9.87
2011,8,14,76.43,97.5,18.67,21.74,16.16,99.0,3.11,209.9,12.12
2011,8,15,24.07,98.45,20.96,23.96,18.5,93.29,3.48,175.6,15.42
2011,8,16,0.0,98.64,21.92,25.1,19.32,75.38,2.53,179.3,16.12
2011,8,17,16.23,98.37,23.39,26.5,20.84,86.4,2.6,170.1,13.6
2011,8,18,5.23,98.89,19.82,22.79,17.39,76.65,3.0,161.1,14.0
2011,8,19,0.0,99.07,20.78,23.66,18.42,74.45,2.69,132.2,14.96
2011,8,20,0.0,98.92,21.8,24.62,19.49,76.54,2.86,146.0,14.71
2011,8,21,15.09,98.59,21.16,23.51,19.24,83.46,3.68,125.1,15.39
2011,8,22,31.6,98.19,20.19,23.28,17.66,90.34,2.56,171.0,10.71
2011,8,23,7.78,98.55,21.24,24.07,18.92,79.68,2.09,166.6,15.3
2011,8,24,0.0,98.96,22.65,25.58,20.25,70.67,2.4,148.4,15.62
2011,8,25,76.24,97.53,19.64,22.75,17.1,91.78,2.68,81.1,12.59
2011,8,26,0.0,98.98,21.91,24.98,19.4,70.56,2.09,134.6,16.77
2011,8,27,0.0,98.66,23.04,26.43,20.27,70.68,2.28,109.7,15.19
2011,8,28,62.28,97.79,20.99,24.21,18.36,91.9,2.96,109.8,11.07
2011,8,29,21.74,98.29,21.25,24.98,18.2,81.09,3.09,143.4,15.35
2011,8,30,71.53,97.55,19.48,23.39,16.28,94.37,2.29,159.1,11.38
2011,8,31,48.67,97.89,21.24,24.49,18.58,95.57,2.27,169.1,9.12
2011,9,1,0.0,98.97,21.97,25.09,19.42,68.52,1.91,138.3,16.3
2011,9,2,0.0,99.11,23.59,26.48,21.23,70.07,2.44,166.9,14.23
2011,9,3,10.16,98.68,22.63,26.53,19.44,71.49,3.22,87.7,15.34
2011,9,4,0.0,99.47,22.66,25.88,20.03,67.24,2.14,97.6,18.19
2011,9,5,0.0,99.05,23.16,26.45,20.47,68.36,2.12,117.1,16.82
2011,9,6,0.0,99.26,21.55,24.81,18.88,64.27,2.41,135.4,16.67
2011,9,7,47.39,97.73,22.11,25.49,19.34,90.31,2.02,128.7,11.26
2011,9,8,65.61,97.75,20.88,24.24,18.13,85.76,2.0,133.9,11.58
2011,9,9,8.24,98.79,22.87,26.61,19.81,72.79,2.66,115.6,15.27
2011,9,10,0.0,98.89,22.74,25.51,20.47,67.39,1.62,110.3,17.57
2011,9,11,0.0,98.95,23.08,26.57,20.22,67.76,1.67,152.6,16.34
2011,9,12,7.9,98.8,24.06,27.82,20.98,71.49,2.3,117.7,16.43
2011,9,13,25.22,98.55,22.12,25.51,19.35,83.22,1.98,107.1,14.28
2011,9,14,0.0,99.69,23.08,26.83,20.01,65.03,1.6,103.1,16.79
2011,9,15,0.0,99.67,23.9,27.53,20.93,59.24,2.1,78.3,16.26
2011,9,16,0.0,99.12,23.7,27.12,20.9,63.35,1.84,118.7,16.23
2011,9,17,0.0,99.36,24.62,27.76,22.05,61.43,2.01,65.1,16.65
2011,9,18,13.38,98.64,21.64,25.4,18.57,65.98,1.82,44.7,14.74
2011,9,19,0.0,98.82,23.32,27.07,20.26,65.77,1.35,143.0,18.35
2011,9,20,19.83,98.72,21.91,25.37,19.08,72.01,2.3,133.8,12.75
2011,9,21,0.0,99.31,24.61,28.5,21.43,57.57,2.53,103.9,17.6
2011,9,22,50.88,98.09,20.89,24.44,17.98,81.74,1.52,100.4,13.97
2011,9,23,3.27,99.34,23.95,27.93,20.69,69.51,2.47,82.6,15.73
2011,9,24,0.0,99.17,22.98,26.77,19.88,65.04,1.81,76.2,16.22
2011,9,25,0.0,99.25,23.6,27.72,20.23,63.11,0.69,36.7,15.35
2011,9,26,0.0,99.39,23.3,27.11,20.18,62.72,1.99,57.4,17.72
2011,9,27,0.0,99.46,24.04,27.77,20.99,58.32,0.99,60.4,17.32
2011,9,28,0.0,99.08,25.51,28.72,22.89,58.02,1.63,87.9,14.99
2011,9,29,0.0,99.29,23.14,26.88,20.08,62.26,2.08,134.6,14.55
2011,9,30,0.0,99.37,23.38,27.04,20.38,65.1,1.99,42.6,15.83
2011,10,1,28.38,98.57,23.5,27.67,20.09,73.39,1.53,102.6,14.36
2011,10,2,0.64,99.13,24.13,27.92,21.03,60.7,2.05,104.9,16.68
2011,10,3,0.0,99.26,23.42,27.37,20.19,61.28,2.15,38.4,15.91
2011,10,4,0.0,99.36,24.02,28.13,20.65,59.3,1.58,45.1,16.26
2011,10,5,0.0,99.13,23.33,27.43,19.98,60.19,1.68,92.7,15.8
2011,10,6,16.35,98.64,23.43,27.13,20.4,66.86,1.89,94.4,13.55
2011,10,7,1.61,99.6,23.72,28.03,20.2,62.56,1.38,121.2,15.59
2011,10,8,0.0,99.3,24.72,28.3,21.79,61.38,1.52,100.0,14.49
2011,10,9,0.0,99.44,24.99,29.07,21.65,62.72,2.22,54.0,16.7
2011,10,10,17.09,98.88,22.04,25.54,19.17,69.93,2.72,88.3,13.18
2011,10,11,0.0,99.46,24.69,28.63,21.47,63.22,2.08,68.5,14.66
2011,10,12,0.0,99.29,23.04,26.47,20.23,62.3,1.96,31.6,12.89
2011,10,13,0.0,99.38,24.69,28.55,21.53,64.95,2.57,110.3,14.41
2011,10,14,0.0,99.07,25.84,29.29,23.02,60.89,1.53,107.3,14.99
2011,10,15,6.15,98.8,24.27,27.66,21.5,67.81,1.92,87.1,12.3
2011,10,16,9.87,98.94,24.58,27.98,21.8,66.74,2.22,139.9,15.15
2011,10,17,0.0,99.01,25.35,29.15,22.24,63.89,1.6,58.1,13.3
2011,10,18,0.0,98.89,25.41,29.2,22.31,65.97,1.3,122.2,14.57
2011,10,19,0.0,99.33,25.49,29.27,22.39,65.69,2.25,74.1,15.44
2011,10,20,0.0,98.95,25.25,28.95,22.22,61.99,2.31,109.2,12.11
2011,10,21,0.0,99.44,24.45,27.95,21.59,61.23,2.28,123.4,12.75
2011,10,22,1.91,99.48,25.39,28.82,22.58,66.62,2.29,73.5,14.18
2011,10,23,0.0,99.01,26.1,29.44,23.37,61.72,2.01,80.9,14.67
2011,10,24,0.0,99.32,25.43,28.74,22.72,65.88,2.04,109.1,10.78
2011,10,25,44.59,98.49,23.48,27.42,20.25,81.88,2.08,70.1,9.98
2011,10,26,0.0,99.19,24.0,27.31,21.29,64.66,2.42,117.4,12.78
2011,10,27,19.39,98.9,23.7,27.04,20.96,73.06,2.11,102.5,11.97
2011,10,28,5.3,99.57,24.54,27.86,21.82,61.76,2.05,110.6,12.98
2011,10,29,0.0,98.98,24.53,27.76,21.89,61.4,2.15,80.1,14.48
2011,10,30,0.0,99.1,25.23,28.91,22.22,62.54,2.19,78.9,12.55
2011,10,31,0.0,99.38,24.74,28.18,21.92,69.04,1.62,62.2,15.39
2011,11,1,0.0,99.67,26.05,29.6,23.15,55.28,2.55,109.2,14.17
2011,11,2,0.0,99.16,25.21,28.77,22.3,62.73,1.77,67.7,12.69
2011,11,3,0.0,99.73,24.76,28.43,21.76,62.66,2.05,92.4,12.16
2011,11,4,0.0,99.32,24.94,28.56,21.98,60.88,1.66,122.7,14.0
2011,11,5,64.19,97.5,23.69,27.61,20.48,84.45,1.94,153.1,8.15
2011,11,6,10.12,99.33,25.09,28.51,22.29,68.6,2.22,109.9,13.21
2011,11,7,0.46,99.21,25.76,29.2,22.94,61.73,2.12,102.5,13.32
2011,11,8,0.0,99.39,25.63,29.22,22.7,64.23,1.79,61.8,10.08
2011,11,9,30.67,98.25,25.84,29.44,22.9,84.39,1.73,85.3,9.72
2011,11,10,80.54,97.68,24.52,27.74,21.89,84.8,2.08,85.6,8.05
2011,11,11,16.18,98.65,24.73,27.93,22.11,69.74,2.38,107.9,9.33
2011,11,12,30.33,98.28,23.47,27.07,20.52,78.94,2.5,86.6,11.36
2011,11,13,18.09,98.9,25.13,29.16,21.83,71.34,2.7,152.6,10.84
2011,11,14,16.52,99.03,24.71,28.78,21.38,74.3,1.66,107.5,9.84
2011,11,15,29.85,98.5,23.83,27.19,21.08,77.02,1.61,112.8,9.5
2011,11,16,7.75,98.9,26.43,29.99,23.51,67.28,1.84,105.0,11.74
2011,11,17,0.0,99.13,26.35,30.09,23.29,62.2,1.8,61.8,13.37
2011,11,18,13.8,99.09,26.66,30.45,23.56,69.01,1.31,72.3,12.89
2011,11,19,0.0,99.39,26.44,29.89,23.62,57.66,2.15,73.1,11.08
2011,11,20,5.87,99.3,26.17,30.37,22.73,62.06,1.52,118.4,13.16
2011,11,21,2.16,99.62,25.64,29.23,22.7,60.91,1.55,111.7,11.51
2011,11,22,0.0,99.5,26.25,30.11,23.09,56.62,1.93,90.9,13.44
2011,11,23,0.0,99.48,25.5,29.18,22.49,56.9,1.3,86.8,11.3
2011,11,24,0.0,99.84,27.54,31.24,24.51,57.99,1.63,97.6,14.35
2011,11,25,0.0,99.37,25.96,29.97,22.68,59.98,1.99,35.1,14.08
2011,11,26,0.0,99.85,27.1,31.19,23.76,62.66,1.7,79.2,14.02
2011,11,27,0.0,99.69,26.84,30.86,23.55,59.15,1.95,31.9,14.14
2011,11,28,0.0,99.39,27.35,30.95,24.4,58.45,2.02,65.2,12.98
2011,11,29,0.0,99.59,27.16,30.65,24.3,57.99,1.59,95.8,13.69
2011,11,30,0.0,99.42,26.28,30.88,22.51,56.54,0.33,42.2,13.12
2011,12,1,0.0,99.2,27.03,31.0,23.78,56.93,2.05,104.4,15.78
2011,12,2,0.0,99.47,28.21,31.86,25.22,58.48,1.54,86.5,15.74
2011,12,3,0.0,99.21,26.81,30.98,23.4,59.27,1.84,65.8,12.71
2011,12,4,0.0,99.52,28.26,31.94,25.25,49.51,2.04,62.7,16.36
2011,12,5,0.0,99.63,27.97,32.45,24.31,58.1,0.81,34.2,14.96
2011,12,6,0.0,99.45,27.66,31.5,24.52,55.0,1.49,27.9,16.0
2011,12,7,0.0,99.54,27.1,31.3,23.67,56.96,2.06,33.9,12.16
2011,12,8,0.0,99.54,27.86,31.82,24.62,56.34,1.37,41.5,12.34
2011,12,9,14.81,99.29,26.78,30.34,23.86,62.88,1.81,66.3,14.07
2011,12,10,0.0,99.53,28.55,32.27,25.5,56.35,1.01,29.0,11.9
2011,12,11,0.0,99.46,26.93,30.72,23.83,55.47,1.59,43.0,13.61
2011,12,12,0.0,99.67,28.1,31.92,24.97,54.37,0.92,75.4,14.86
2011,12,13,0.0,99.56,27.95,32.02,24.62,53.98,1.72,13.7,15.02
2011,12,14,0.0,99.15,28.21,31.57,25.46,51.34,1.2,14.0,14.74
2011,12,15,1.87,99.43,28.45,32.54,25.1,55.0,1.9,44.8,14.99
2011,12,16,0.0,99.45,27.45,30.95,24.59,48.2,1.9,51.6,12.45
2011,12,17,0.0,99.57,27.49,31.64,24.1,54.43,1.11,48.5,13.43
2011,12,18,0.0,99.56,28.31,32.15,25.17,55.58,1.96,82.1,15.29
2011,12,19,0.0,99.2,28.87,32.97,25.52,49.3,1.09,22.5,14.27
2011,12,20,0.0,99.29,28.06,31.76,25.03,52.46,1.57,11.0,13.14
2011,12,21,0.2,99.38,29.28,33.18,26.09,57.21,1.29,351.3,15.31
2011,12,22,0.0,99.58,28.11,31.63,25.23,59.13,1.13,37.6,13.58
2011,12,23,0.0,99.76,27.85,31.59,24.79,52.65,1.59,54.7,14.13
2011,12,24,0.0,99.28,28.7,33.17,25.04,53.01,1.09,55.6,14.3
2011,12,25,0.0,99.45,28.04,32.52,24.37,52.55,1.06,38.7,14.26
2011,12,26,0.0,99.57,28.08,31.83,25.01,53.09,1.27,32.9,15.17
2011,12,27,0.0,99.41,28.67,32.67,25.39,56.06,1.61,48.1,14.9
2011,12,28,0.0,99.59,29.17,33.4,25.71,52.55,1.35,48.7,12.89
2011,12,29,0.0,99.7,28.76,32.88,25.39,48.64,1.12,14.8,14.11
2011,12,30,0.0,99.45,28.65,32.6,25.42,53.15,1.06,58.8,14.01
2011,12,31,0.0,99.64,29.95,33.63,26.94,51.31,1.17,58.9,12.51
2012,1,1,0.0,99.57,29.15,33.52,25.58,48.87,1.43,355.9,15.31
2012,1,2,0.0,99.39,28.44,32.43,25.18,48.87,0.82,26.3,17.11
2012,1,3,0.0,99.57,29.48,33.15,26.48,51.69,0.97,9.2,16.4
2012,1,4,0.0,99.68,28.56,32.67,25.2,53.76,1.52,35.3,15.59
2012,1,5,0.0,99.85,29.17,33.2,25.87,53.6,0.91,21.0,12.53
2012,1,6,0.0,99.89,29.14,33.13,25.88,55.38,1.01,44.9,14.46
2012,1,7,0.0,99.49,28.79,32.95,25.39,49.88,1.21,7.8,16.35
2012,1,8,0.0,99.48,28.29,32.36,24.96,50.97,0.92,51.0,16.41
2012,1,9,0.0,99.6,28.8,33.23,25.17,53.78,1.05,105.1,15.21
2012,1,10,0.0,99.5,28.5,32.37,25.33,54.02,1.28,48.3,14.28
2012,1,11,0.0,99.82,29.04,32.95,25.84,50.54,1.5,75.4,14.46
2012,1,12,0.0,99.62,29.16,33.5,25.61,50.08,0.93,34.3,15.08
2012,1,13,0.0,99.61,27.5,32.31,23.56,53.32,0.91,10.8,12.13
2012,1,14,0.0,99.71,29.13,33.9,25.23,54.47,1.66,29.4,13.95
2012,1,15,0.0,99.63,30.95,35.28,27.41,51.34,0.98,55.1,12.38
2012,1,16,0.0,99.65,28.7,32.73,25.4,53.29,0.94,38.9,12.49
2012,1,17,0.0,99.65,29.62,33.6,26.37,52.01,0.47,30.0,12.88
2012,1,18,0.0,99.57,29.46,33.48,26.17,50.18,1.65,60.3,15.29
2012,1,19,0.0,99.44,27.8,31.45,24.82,54.07,1.75,37.1,13.98
2012,1,20,0.0,99.92,29.31,33.62,25.78,51.37,1.22,354.6,15.05
2012,1,21,0.0,99.44,28.38,32.87,24.71,47.77,1.3,56.4,15.29
2012,1,22,0.0,99.9,28.83,32.92,25.49,50.17,1.23,46.0,13.51
2012,1,23,0.0,99.66,27.96,32.66,24.11,45.71,0.81,71.2,13.5
2012,1,24,0.0,99.49,29.29,34.16,25.3,59.58,1.46,50.5,13.97
2012,1,25,0.0,99.7,28.75,33.12,25.18,55.65,1.75,22.8,15.29
2012,1,26,0.0,99.74,29.93,33.87,26.71,48.32,1.23,48.6,16.78
2012,1,27,0.0,99.91,28.04,31.93,24.86,50.36,1.5,36.3,11.98
2012,1,28,0.0,99.36,29.63,33.97,26.08,52.65,0.89,45.1,16.91
2012,1,29,0.16,99.57,29.29,33.7,25.68,56.59,0.86,69.3,16.6
2012,1,30,0.0,99.85,28.4,32.34,25.17,54.05,1.41,28.7,14.22
2012,1,31,0.0,99.73,27.92,31.73,24.81,52.64,1.81,31.9,15.38
2012,2,1,0.0,99.68,28.79,32.44,25.8,50.38,1.0,333.3,15.77
2012,2,2,0.0,99.86,29.16,33.0,26.02,53.37,1.16,86.7,15.66
2012,2,3,0.0,99.56,28.25,32.26,24.97,53.26,1.43,39.8,15.48
2012,2,4,10.15,98.91,27.92,32.34,24.3,57.71,1.06,22.8,15.94
2012,2,5,0.0,99.53,29.68,33.65,26.44,51.81,1.41,66.5,14.65
2012,2,6,0.0,99.96,28.43,31.71,25.75,50.79,0.87,76.0,16.75
2012,2,7,0.0,99.65,29.38,33.32,26.15,55.65,1.4,357.3,15.9
2012,2,8,0.0,99.44,29.82,33.85,26.52,47.31,1.14,23.8,14.88
2012,2,9,0.0,99.83,28.39,32.41,25.1,52.92,0.62,47.8,15.4
2012,2,10,0.0,99.74,28.07,31.48,25.28,52.1,0.84,9.0,12.9
2012,2,11,0.0,99.61,29.55,33.58,26.25,46.55,1.36,23.9,17.68
2012,2,12,0.0,99.69,28.72,33.2,25.05,51.01,1.75,4.4,15.48
2012,2,13,0.0,99.4,28.61,32.6,25.34,49.22,0.73,41.2,15.52
2012,2,14,0.0,99.52,29.9,33.84,26.68,49.19,1.62,12.6,15.09
2012,2,15,0.0,99.57,28.7,32.61,25.5,49.89,1.39,109.1,17.91
2012,2,16,0.0,99.78,29.07,33.23,25.66,55.58,1.6,88.4,15.63
2012,2,17,0.0,99.48,27.73,31.43,24.7,51.94,1.18,9.6,16.73
2012,2,18,0.0,99.58,28.79,32.6,25.67,54.2,1.47,350.7,14.15
2012,2,19,0.0,99.84,28.21,32.64,24.59,48.75,1.94,359.2,19.25
2012,2,20,0.0,100.03,28.46,32.76,24.94,50.39,1.31,27.0,15.75
2012,2,21,0.0,99.42,28.4,32.37,25.15,50.95,0.87,45.4,14.6
2012,2,22,0.0,99.6,29.68,33.93,26.2,52.6,1.79,3.2,17.48
2012,2,23,0.0,99.3,28.29,32.15,25.13,53.65,1.44,32.5,16.49
2012,2,24,0.0,99.57,28.36,32.22,25.2,52.93,1.33,34.1,17.34
2012,2,25,0.0,99.52,29.79,33.64,26.64,49.93,1.92,6.7,18.8
2012,2,26,0.0,99.79,28.44,32.12,25.43,54.28,1.78,79.7,16.03
2012,2,27,0.0,99.35,28.23,32.32,24.88,50.52,1.43,49.9,16.68
2012,2,28,0.0,99.33,29.41,34.07,25.6,52.98,0.9,53.9,16.9
2012,2,29,0.0,99.84,28.63,32.19,25.71,48.41,1.11,109.2,15.96
2012,3,1,0.0,99.45,28.65,33.23,24.91,51.56,1.32,10.7,17.92
2012,3,2,0.0,99.59,28.77,32.13,26.02,53.75,1.24,67.3,15.99
2012,3,3,0.0,99.61,29.48,33.73,26.0,52.61,1.07,88.4,18.18
2012,3,4,0.0,99.41,27.79,31.39,24.85,50.06,1.18,84.3,18.0
2012,3,5,0.0,99.41,29.28,33.53,25.8,53.89,1.65,60.1,16.94
2012,3,6,0.0,99.75,27.41,31.29,24.23,50.22,1.33,352.8,16.76
2012,3,7,0.0,99.67,27.85,32.15,24.33,47.54,1.08,51.7,16.79
2012,3,8,0.0,99.54,27.76,31.64,24.58,55.35,1.51,26.4,18.82
2012,3,9,0.0,99.52,28.26,32.5,24.79,49.69,1.48,48.9,19.7
2012,3,10,0.0,99.6,27.8,31.84,24.49,54.74,1.25,71.6,17.34
2012,3,11,0.0,99.61,29.18,33.61,25.55,51.91,0.85,52.6,16.96
2012,3,12,0.0,99.76,28.62,32.66,25.31,54.42,1.22,11.5,17.81
2012,3,13,0.0,99.53,28.21,32.36,24.81,50.46,1.27,4.5,17.86
2012,3,14,0.0,99.61,27.57,31.68,24.21,55.09,1.61,21.7,18.13
2012,3,15,0.0,99.65,29.13,33.46,25.59,51.22,1.01,41.2,18.06
2012,3,16,0.0,99.65,28.18,32.52,24.63,52.03,1.18,82.6,18.64
2012,3,17,0.0,99.78,27.9,32.0,24.55,46.82,1.87,51.9,19.28
2012,3,18,0.0,99.51,27.94,31.55,24.99,48.38,1.2,41.4,18.75
2012,3,19,0.0,99.41,27.84,31.65,24.72,55.1,1.28,39.4,19.88
2012,3,20,0.0,99.45,28.55,32.84,25.04,51.18,1.99,40.1,20.09
2012,3,21,0.0,99.62,28.7,32.35,25.72,47.62,0.97,69.5,18.05
2012,3,22,0.0,99.48,27.22,31.09,24.06,51.44,1.81,16.8,18.48
2012,3,23,0.0,99.91,27.37,31.27,24.18,54.77,1.17,78.6,19.14
2012,3,24,0.0,99.5,27.36,31.36,24.09,50.0,1.4,68.0,20.36
2012,3,25,0.0,99.32,27.96,31.91,24.72,56.34,1.44,40.1,18.57
2012,3,26,0.0,99.55,28.39,32.45,25.07,51.99,1.25,124.6,21.33
2012,3,27,0.0,99.76,26.68,30.43,23.61,52.55,0.98,77.4,18.28
2012,3,28,0.0,99.33,26.86,30.66,23.75,51.57,1.1,43.9,18.2
2012,3,29,0.0,99.32,27.31,31.84,23.61,48.59,1.28,71.2,17.38
2012,3,30,0.0,99.44,27.87,32.29,24.25,53.1,1.07,41.8,19.55
2012,3,31,0.0,99.35,26.79,30.96,23.38,53.82,1.37,30.1,18.5
2012,4,1,0.0,99.22,27.13,31.32,23.7,55.23,1.09,38.1,19.19
2012,4,2,0.0,99.18,26.84,30.93,23.5,52.17,1.05,52.3,18.9
2012,4,3,0.0,99.49,27.82,31.81,24.56,49.89,0.8,6.0,19.46
2012,4,4,0.0,99.58,27.16,30.92,24.09,59.42,2.05,14.8,20.25
2012,4,5,0.0,99.32,26.67,31.06,23.08,55.3,1.39,66.2,19.41
2012,4,6,0.0,99.42,26.3,30.79,22.62,54.75,1.18,45.1,19.25
2012,4,7,0.0,99.46,26.79,30.61,23.66,58.09,1.08,112.3,18.6
2012,4,8,0.0,99.23,26.83,31.09,23.34,52.62,1.26,76.8,21.71
2012,4,9,0.0,99.57,27.55,31.38,24.41,52.37,0.77,71.4,20.18
2012,4,10,0.0,99.45,27.6,31.32,24.55,57.55,1.27,73.7,17.76
2012,4,11,0.0,99.5,26.0,29.81,22.88,61.04,1.78,56.5,18.56
2012,4,12,0.0,99.52,27.46,31.27,24.34,52.3,1.28,83.2,20.91
2012,4,13,5.37,99.69,26.99,31.06,23.66,59.36,1.78,62.8,18.43
2012,4,14,0.0,99.2,26.27,30.04,23.19,57.71,1.91,75.1,19.58
2012,4,15,0.0,99.22,27.1,31.21,23.73,58.29,1.83,60.8,19.69
2012,4,16,0.0,99.67,25.95,29.61,22.95,56.46,1.62,102.1,19.02
2012,4,17,0.0,99.48,26.72,30.55,23.58,55.07,2.08,48.4,20.29
2012,4,18,0.0,99.37,28.06,31.58,25.18,52.17,2.08,14.0,19.34
2012,4,19,0.0,99.26,26.45,29.91,23.62,63.95,1.41,60.5,19.79
2012,4,20,0.0,99.3,25.98,29.88,22.79,63.16,1.37,118.8,18.64
2012,4,21,0.0,99.29,25.23,29.04,22.11,57.19,1.56,101.5,16.99
2012,4,22,0.0,99.05,26.13,29.77,23.15,59.49,1.64,113.3,18.53
2012,4,23,0.0,99.48,26.69,30.18,23.83,58.15,2.23,86.2,18.7
2012,4,24,26.52,98.27,24.36,27.77,21.57,74.03,2.12,88.5,17.15
2012,4,25,1.0,99.11,26.18,29.98,23.07,60.87,1.9,69.8,20.18
2012,4,26,0.0,99.2,25.57,29.07,22.71,57.78,1.94,73.6,20.06
2012,4,27,0.0,99.65,25.4,29.51,22.04,61.46,1.5,92.8,20.06
2012,4,28,0.0,99.24,25.94,29.63,22.92,62.47,2.36,95.2,18.14
2012,4,29,0.0,99.3,24.19,27.95,21.11,58.07,2.05,94.4,18.62
2012,4,30,29.7,98.34,24.1,28.08,20.84,77.5,1.62,108.4,16.58
2012,5,1,0.0,99.38,26.03,29.37,23.29,59.77,1.41,90.8,21.45
2012,5,2,35.65,98.85,23.7,27.37,20.7,80.93,1.61,116.9,19.5
2012,5,3,0.0,99.29,25.17,28.83,22.18,64.14,2.16,145.3,18.28
2012,5,4,26.9,98.46,23.91,27.26,21.17,79.73,1.2,168.1,15.18
2012,5,5,0.0,98.81,26.33,29.38,23.84,65.52,1.76,94.9,17.45
2012,5,6,0.0,99.29,25.18,28.03,22.85,72.37,2.43,151.7,17.65
2012,5,7,29.77,98.23,22.73,25.9,20.14,84.35,2.12,142.8,17.45
2012,5,8,0.0,99.0,24.12,27.82,21.09,68.76,1.65,157.7,19.5
2012,5,9,15.59,98.91,24.08,27.23,21.5,77.18,2.13,183.0,14.64
2012,5,10,46.45,97.87,23.58,27.18,20.63,86.83,2.37,172.4,12.19
2012,5,11,20.0,98.59,24.13,27.23,21.59,80.11,2.81,98.5,17.69
2012,5,12,137.29,97.73,23.07,26.37,20.37,92.05,2.66,138.3,15.8
2012,5,13,71.56,97.5,21.5,24.9,18.72,94.68,2.69,116.8,14.45
2012,5,14,31.48,98.05,23.39,26.9,20.51,85.4,2.84,149.3,14.21
2012,5,15,14.28,98.78,23.03,26.11,20.51,78.03,1.97,203.1,15.77
2012,5,16,23.79,98.59,23.0,26.0,20.54,82.37,3.12,168.0,16.13
2012,5,17,30.9,98.16,23.31,25.92,21.18,88.0,3.16,154.2,15.99
2012,5,18,0.0,98.91,23.47,26.48,21.01,72.59,2.49,133.0,18.33
2012,5,19,0.0,98.81,22.77,26.79,19.48,70.6,1.62,148.0,15.4
2012,5,20,0.0,99.13,23.44,26.46,20.97,76.79,3.3,191.1,17.82
2012,5,21,0.0,99.33,23.7,26.37,21.52,72.22,1.79,139.6,17.99
2012,5,22,24.99,98.52,23.02,26.01,20.57,91.15,3.01,207.6,15.94
2012,5,23,68.41,97.5,20.84,24.06,18.21,96.71,2.73,190.4,12.17
2012,5,24,0.0,99.09,23.0,25.83,20.69,75.12,2.71,137.5,19.73
2012,5,25,77.51,97.5,21.46,24.13,19.27,99.0,2.8,213.4,12.62
2012,5,26,30.42,98.24,22.4,26.05,19.41,95.86,3.05,137.5,12.95
2012,5,27,76.72,97.5,21.3,24.34,18.81,99.0,2.21,131.7,11.96
2012,5,28,27.22,98.22,21.9,25.24,19.17,88.35,2.98,197.1,14.2
2012,5,29,26.63,98.44,21.43,24.22,19.15,96.7,2.54,208.1,12.47
2012,5,30,54.01,97.7,21.57,24.94,18.81,99.0,2.92,174.8,10.28
2012,5,31,22.2,98.44,22.84,25.95,20.29,90.88,3.2,163.9,16.43
2012,6,1,22.16,98.41,21.52,24.51,19.08,89.27,3.5,181.7,14.19
2012,6,2,44.36,97.64,20.64,23.13,18.6,98.75,2.91,197.9,15.03
2012,6,3,63.81,97.5,21.16,23.77,19.02,99.0,3.89,194.2,11.32
2012,6,4,20.38,98.5,21.92,24.84,19.53,88.98,2.9,172.9,15.87
2012,6,5,64.04,97.5,20.96,23.65,18.76,99.0,2.93,159.8,12.85
2012,6,6,61.64,97.5,20.68,23.55,18.33,99.0,3.67,185.9,12.16
2012,6,7,64.9,97.5,20.7,23.32,18.55,99.0,3.21,170.0,10.85
2012,6,8,52.26,97.5,20.09,22.95,17.75,99.0,3.39,211.8,13.28
2012,6,9,17.12,98.26,20.23,22.78,18.15,92.07,3.16,233.3,13.66
2012,6,10,31.24,98.05,21.14,23.98,18.82,97.34,3.23,186.3,13.8
2012,6,11,30.61,97.99,21.46,23.88,19.48,98.85,3.52,230.1,15.27
2012,6,12,21.26,98.01,21.49,24.08,19.37,97.49,3.89,250.3,15.21
2012,6,13,130.33,97.77,19.57,22.18,17.43,99.0,3.48,187.3,10.73
2012,6,14,87.23,97.5,19.63,22.04,17.66,99.0,3.61,218.5,10.35
2012,6,15,0.0,98.77,23.7,26.17,21.68,84.46,3.84,210.6,17.32
2012,6,16,0.0,98.8,22.18,24.89,19.96,87.64,3.31,179.8,17.82
2012,6,17,126.89,97.5,18.24,21.06,15.93,99.0,3.13,212.8,9.85
2012,6,18,21.89,98.21,20.55,23.23,18.36,95.06,3.13,201.7,14.17
2012,6,19,29.45,97.88,20.45,23.19,18.21,99.0,3.2,200.2,13.95
2012,6,20,49.95,97.64,18.87,21.48,16.73,99.0,3.16,209.9,11.13
2012,6,21,44.12,97.65,19.83,22.22,17.88,99.0,3.99,203.5,11.78
2012,6,22,35.91,97.98,19.86,21.95,18.15,99.0,2.87,256.3,13.35
2012,6,23,16.55,98.6,21.07,23.48,19.1,95.54,3.83,162.2,13.19
2012,6,24,0.0,98.69,21.35,23.87,19.29,91.39,3.15,195.6,15.91
2012,6,25,0.0,98.88,21.02,23.39,19.08,88.89,4.31,220.3,15.02
2012,6,26,22.06,98.46,20.35,23.31,17.93,91.83,3.8,200.0,13.43
2012,6,27,75.61,97.5,20.02,22.62,17.89,99.0,3.32,243.7,11.99
2012,6,28,0.0,98.85,21.43,23.92,19.39,86.94,3.46,233.3,16.52
2012,6,29,34.03,97.79,19.84,22.5,17.67,99.0,3.65,222.4,11.49
2012,6,30,54.68,97.57,19.56,22.62,17.06,99.0,3.93,229.6,10.34
2012,7,1,0.0,98.63,21.28,23.7,19.3,82.75,3.83,226.3,16.71
2012,7,2,44.65,97.72,18.69,20.91,16.87,99.0,3.7,199.3,10.14
2012,7,3,87.59,97.5,19.7,22.27,17.6,99.0,3.45,246.7,9.51
2012,7,4,77.51,97.5,18.76,20.92,16.99,99.0,3.61,196.1,11.53
2012,7,5,0.0,98.59,20.93,23.14,19.12,91.54,4.24,232.7,14.84
2012,7,6,16.04,98.18,19.45,22.32,17.1,96.83,4.54,236.5,11.87
2012,7,7,91.56,97.5,19.7,22.53,17.38,99.0,4.15,217.4,10.6
2012,7,8,55.21,97.5,19.2,21.85,17.03,99.0,3.36,214.6,10.09
2012,7,9,36.82,97.84,19.82,22.4,17.71,99.0,4.27,214.7,12.58
2012,7,10,48.14,97.63,19.72,21.86,17.97,99.0,3.6,183.7,11.03
2012,7,11,175.03,97.5,19.63,21.88,17.79,99.0,3.73,280.5,10.63
2012,7,12,26.28,98.27,19.5,22.34,17.18,99.0,3.25,249.6,11.67
2012,7,13,42.06,97.5,19.36,21.7,17.45,99.0,3.77,235.0,11.99
2012,7,14,99.94,97.5,18.96,21.22,17.11,99.0,3.42,209.8,12.28
2012,7,15,62.18,97.5,18.89,21.32,16.9,99.0,4.24,225.8,8.66
2012,7,16,0.0,98.43,20.45,23.1,18.28,84.06,4.67,215.4,13.82
2012,7,17,65.76,97.5,20.01,22.45,18.01,99.0,3.7,273.6,10.82
2012,7,18,13.82,98.65,21.17,23.62,19.16,94.6,3.87,174.5,13.5
2012,7,19,146.99,97.5,19.32,21.23,17.76,99.0,3.56,185.7,8.72
2012,7,20,60.65,97.5,19.96,22.46,17.91,99.0,3.71,179.7,8.55
2012,7,21,0.0,98.89,21.35,24.15,19.06,86.95,3.42,245.3,18.17
2012,7,22,45.86,97.5,18.98,21.5,16.92,99.0,3.75,202.7,8.72
2012,7,23,28.19,98.07,19.62,22.74,17.07,99.0,3.77,235.3,10.89
2012,7,24,100.88,97.5,19.32,21.69,17.38,99.0,3.71,218.9,10.43
2012,7,25,20.72,98.15,19.27,21.71,17.27,99.0,3.86,246.1,11.7
2012,7,26,16.57,98.57,21.03,23.44,19.06,96.73,3.42,242.1,13.44
2012,7,27,35.45,97.75,18.54,20.95,16.57,99.0,4.55,220.0,10.02
2012,7,28,35.12,97.9,20.49,23.26,18.23,99.0,3.26,238.7,11.4
2012,7,29,57.92,97.5,19.49,22.05,17.4,99.0,3.23,180.2,9.54
2012,7,30,40.34,97.89,20.92,24.11,18.31,99.0,2.5,147.9,10.37
2012,7,31,71.71,97.5,19.32,22.06,17.08,99.0,3.72,219.3,10.22
2012,8,1,66.96,97.5,19.68,22.13,17.68,99.0,2.32,204.0,9.27
2012,8,2,60.16,97.5,19.74,22.17,17.75,99.0,3.25,181.4,10.79
2012,8,3,31.7,97.71,19.39,22.57,16.79,96.59,3.07,194.8,11.06
2012,8,4,55.76,97.74,18.57,21.37,16.28,99.0,2.78,148.9,10.7
2012,8,5,2.57,98.57,20.59,23.71,18.04,82.03,3.32,177.3,15.71
2012,8,6,0.0,99.16,21.36,24.16,19.07,81.66,3.93,233.4,15.98
2012,8,7,0.0,98.8,21.42,24.23,19.12,82.21,3.51,215.2,16.71
2012,8,8,29.17,98.04,20.32,23.51,17.71,99.0,2.91,214.2,10.83
2012,8,9,36.64,98.0,20.38,23.33,17.97,98.49,3.92,177.6,10.54
2012,8,10,24.17,98.12,20.05,23.02,17.62,86.27,2.85,201.9,11.32
2012,8,11,0.0,98.52,22.17,24.95,19.9,79.19,3.52,223.6,15.92
2012,8,12,49.53,97.61,19.95,23.1,17.37,99.0,2.41,207.5,9.85
2012,8,13,38.14,97.99,21.25,24.17,18.86,97.41,2.94,198.1,11.57
2012,8,14,23.88,98.57,21.06,23.87,18.76,92.12,2.55,106.8,14.29
2012,8,15,93.13,97.5,19.72,23.29,16.8,98.95,3.75,189.5,11.71
2012,8,16,23.79,98.42,22.36,25.28,19.97,88.54,2.66,162.0,10.77
2012,8,17,62.89,97.5,19.8,22.61,17.5,99.0,2.5,138.7,10.86
2012,8,18,27.76,98.24,21.0,24.36,18.25,89.79,3.03,181.5,12.67
2012,8,19,20.51,98.6,21.45,24.71,18.78,90.82,2.73,162.9,14.31
2012,8,20,34.95,97.98,21.27,24.19,18.88,93.7,3.6,171.1,12.87
2012,8,21,0.0,98.99,22.13,25.23,19.59,71.54,2.87,138.0,15.73
2012,8,22,0.0,99.16,24.06,27.39,21.34,68.02,2.74,113.6,18.03
2012,8,23,42.33,98.1,20.08,23.31,17.44,98.18,2.95,205.2,12.69
2012,8,24,0.0,98.77,23.27,26.68,20.48,75.01,2.56,115.8,15.44
2012,8,25,0.0,98.89,21.26,24.47,18.63,74.06,2.7,128.5,15.78
2012,8,26,0.0,98.98,21.65,25.11,18.82,74.92,2.25,166.7,14.02
2012,8,27,22.97,98.59,20.39,23.57,17.79,88.49,2.3,178.3,12.1
2012,8,28,0.0,98.98,21.81,24.92,19.27,64.34,2.16,143.1,15.72
2012,8,29,0.0,99.05,21.37,24.97,18.43,64.89,2.62,159.5,16.75
2012,8,30,0.0,99.27,22.64,26.05,19.85,68.57,2.18,146.0,17.75
2012,8,31,20.86,98.47,21.17,24.71,18.27,83.1,2.7,103.1,13.3
2012,9,1,0.0,99.33,23.74,27.45,20.71,69.22,2.04,94.6,17.09
2012,9,2,0.0,98.78,23.09,26.33,20.44,68.77,1.97,152.3,18.54
2012,9,3,0.0,99.01,22.85,26.41,19.94,66.26,2.4,139.6,18.1
2012,9,4,2.76,98.78,22.93,27.0,19.6,66.21,2.33,196.9,17.13
2012,9,5,15.22,98.74,22.76,26.17,19.97,74.73,2.57,94.1,13.55
2012,9,6,0.0,99.25,23.81,26.95,21.24,65.5,1.77,115.6,15.88
2012,9,7,0.0,99.09,22.68,26.4,19.64,64.54,1.6,115.9,17.64
2012,9,8,49.07,97.82,20.65,23.7,18.15,89.16,2.62,71.7,12.94
2012,9,9,0.0,98.89,23.44,26.67,20.8,64.99,1.62,93.6,17.38
2012,9,10,0.0,99.45,24.3,27.85,21.4,65.88,2.42,120.9,17.71
2012,9,11,0.0,99.15,22.31,25.86,19.4,63.97,1.19,118.7,16.24
2012,9,12,0.0,99.08,23.59,27.22,20.62,65.86,2.28,85.1,16.12
2012,9,13,0.0,99.45,24.27,28.47,20.83,60.51,2.03,97.0,21.62
2012,9,14,0.0,99.11,23.86,27.49,20.89,59.33,2.17,154.3,16.99
2012,9,15,0.0,99.02,23.71,27.17,20.88,62.05,2.29,96.9,18.25
2012,9,16,0.0,99.06,23.91,27.37,21.08,64.85,2.33,78.5,16.62
2012,9,17,6.81,98.87,24.58,28.1,21.7,65.17,2.13,153.5,16.38
2012,9,18,0.0,99.01,24.2,27.52,21.48,67.89,2.26,102.8,16.22
2012,9,19,0.0,99.08,22.61,26.43,19.48,59.11,2.35,68.6,16.77
2012,9,20,0.0,99.65,23.69,27.45,20.61,61.2,2.39,120.8,14.91
2012,9,21,18.91,98.54,23.1,26.92,19.98,66.81,2.09,61.1,15.96
2012,9,22,0.0,98.96,24.57,28.49,21.37,65.51,1.52,64.3,20.54
2012,9,23,29.7,98.54,22.77,26.64,19.6,77.21,1.78,74.2,14.04
2012,9,24,0.56,99.21,23.94,27.27,21.22,54.79,1.82,63.3,14.18
2012,9,25,0.0,99.36,24.03,27.67,21.05,60.07,1.6,65.5,15.43
2012,9,26,0.0,99.14,24.21,27.86,21.22,53.64,1.41,55.7,18.21
2012,9,27,0.0,99.09,24.02,28.12,20.66,64.18,2.19,89.1,14.71
2012,9,28,0.0,99.55,23.84,27.97,20.46,58.15,1.95,51.2,16.72
2012,9,29,16.49,98.55,23.42,27.03,20.47,69.84,1.58,47.9,16.11
2012,9,30,0.0,99.32,24.44,27.9,21.61,58.55,1.85,98.4,16.69
2012,10,1,0.0,99.38,24.7,28.47,21.61,60.05,1.94,79.2,13.83
2012,10,2,4.02,99.31,26.06,29.7,23.08,65.08,1.39,85.6,14.94
2012,10,3,0.0,99.21,23.42,27.13,20.39,59.51,1.53,78.4,17.06
2012,10,4,0.0,99.04,24.8,28.86,21.48,62.25,1.72,147.9,14.63
2012,10,5,0.0,99.54,25.46,29.26,22.35,52.87,1.78,86.7,16.17
2012,10,6,0.0,99.19,23.93,27.52,20.99,57.25,1.24,81.4,14.45
2012,10,7,0.0,99.54,24.98,28.52,22.09,61.04,2.13,97.5,16.35
2012,10,8,0.0,99.34,24.29,27.61,21.58,58.98,1.87,96.5,15.57
2012,10,9,0.0,99.18,24.22,28.08,21.06,64.39,1.77,115.1,15.74
2012,10,10,7.37,99.16,23.81,27.59,20.72,67.62,1.6,93.5,13.7
2012,10,11,0.0,99.48,24.59,28.44,21.44,65.17,1.5,101.2,13.97
2012,10,12,0.0,99.29,24.6,28.29,21.58,61.77,1.9,111.6,12.25
2012,10,13,0.0,99.14,25.25,28.64,22.47,59.55,1.96,121.1,14.05
2012,10,14,0.0,98.95,23.75,27.44,20.73,63.5,2.66,79.0,14.27
2012,10,15,0.0,99.2,25.39,29.37,22.13,58.99,2.71,51.0,15.25
2012,10,16,0.0,99.42,25.41,29.09,22.4,61.28,1.73,46.8,12.35
2012,10,17,12.46,98.78,24.59,28.7,21.23,70.25,1.58,108.3,15.32
2012,10,18,0.0,99.39,26.51,30.23,23.47,60.43,1.48,100.8,13.49
2012,10,19,0.0,99.28,25.81,29.99,22.39,69.25,2.0,58.7,13.73
2012,10,20,0.0,99.41,24.63,28.83,21.2,64.72,1.5,96.5,14.78
2012,10,21,0.0,98.85,24.19,27.57,21.42,60.28,1.46,85.1,13.65
2012,10,22,0.0,99.02,24.57,28.01,21.75,65.67,1.72,76.0,14.63
2012,10,23,0.0,99.19,24.69,28.18,21.83,67.68,1.77,47.1,12.99
2012,10,24,10.86,99.34,23.42,26.56,20.85,64.98,1.73,88.5,11.95
2012,10,25,16.33,98.73,24.87,28.6,21.82,75.9,1.41,109.9,11.82
2012,10,26,8.46,99.04,23.96,27.68,20.92,64.55,1.99,150.6,12.12
2012,10,27,49.47,98.43,23.44,27.09,20.45,85.48,1.99,62.8,9.36
2012,10,28,0.0,99.36,25.96,29.22,23.29,64.06,2.55,88.7,14.86
2012,10,29,0.0,99.43,26.33,30.36,23.03,61.78,1.57,146.7,10.56
2012,10,30,2.72,99.1,25.11,28.18,22.6,63.29,2.24,129.0,14.4
2012,10,31,9.68,99.25,24.55,27.78,21.91,66.59,2.72,124.3,12.74
2012,11,1,8.49,99.31,26.09,29.92,22.95,66.82,1.49,101.6,14.16
2012,11,2,0.0,99.38,26.59,30.27,23.58,60.85,1.63,124.5,13.52
2012,11,3,0.0,99.28,26.07,29.49,23.27,66.71,1.56,78.6,13.83
2012,11,4,0.0,99.4,25.16,28.77,22.21,59.41,2.21,74.0,11.6
2012,11,5,0.0,99.01,24.77,28.41,21.8,68.48,2.19,55.9,14.53
2012,11,6,0.0,99.5,26.53,30.46,23.32,62.98,2.39,98.3,11.62
2012,11,7,0.0,99.16,25.76,29.04,23.08,57.37,2.05,117.5,12.74
2012,11,8,0.0,99.26,26.73,30.43,23.71,65.26,2.69,109.2,15.28
2012,11,9,0.0,99.56,25.46,29.38,22.25,61.85,2.2,145.8,13.72
2012,11,10,0.0,99.52,26.76,30.12,24.01,59.42,2.46,75.6,12.22
2012,11,11,6.21,98.88,26.78,30.41,23.81,65.03,2.03,126.4,12.16
2012,11,12,0.0,99.16,25.93,29.56,22.96,60.19,1.81,98.5,13.63
2012,11,13,38.96,98.48,24.82,28.04,22.19,87.17,1.87,122.6,10.78
2012,11,14,16.13,98.63,24.77,28.52,21.7,68.59,2.45,91.0,10.18
2012,11,15,0.0,99.61,25.5,29.28,22.41,57.95,2.21,90.4,13.92
2012,11,16,0.0,99.38,26.58,30.69,23.22,59.41,2.17,96.8,12.82
2012,11,17,0.0,99.62,26.04,29.74,23.01,58.34,2.25,88.9,11.72
2012,11,18,0.0,99.24,26.66,30.5,23.52,63.85,1.95,127.0,13.95
2012,11,19,0.0,99.26,26.67,30.81,23.28,61.11,2.9,24.9,12.22
2012,11,20,36.62,98.66,25.61,29.18,22.69,76.29,1.73,65.1,8.49
2012,11,21,0.0,99.34,27.06,30.5,24.25,56.99,1.83,64.5,13.25
2012,11,22,0.0,99.18,27.4,31.21,24.28,58.4,1.6,106.9,13.41
2012,11,23,0.0,99.51,26.98,30.71,23.92,54.18,1.94,65.1,13.02
2012,11,24,0.0,99.13,27.1,30.88,24.01,55.92,1.06,75.8,11.73
2012,11,25,0.0,99.68,26.95,30.65,23.92,59.62,0.58,65.2,15.31
2012,11,26,0.0,99.47,27.75,31.35,24.8,63.48,1.44,93.1,14.36
2012,11,27,0.0,99.28,28.36,32.46,25.0,52.95,1.88,68.7,14.11
2012,11,28,0.0,99.65,27.66,31.51,24.51,65.43,2.03,94.7,12.29
2012,11,29,0.0,99.66,27.55,32.04,23.88,58.54,1.14,96.6,12.87
2012,11,30,0.0,99.46,27.11,30.71,24.16,54.02,0.97,122.1,11.78
2012,12,1,0.0,99.88,27.5,31.95,23.86,61.18,1.31,90.2,13.12
2012,12,2,0.0,99.88,27.11,31.1,23.84,57.79,1.28,77.9,12.05
2012,12,3,0.0,99.54,27.02,30.95,23.8,58.72,1.62,114.0,12.81
2012,12,4,4.45,99.57,27.19,30.83,24.22,60.84,1.57,93.3,16.18
2012,12,5,0.0,99.73,28.82,32.59,25.74,58.83,2.06,62.7,16.9
2012,12,6,0.0,99.29,27.56,31.87,24.04,52.07,1.33,50.5,13.75
2012,12,7,0.0,99.56,28.81,32.05,26.16,57.59,0.97,91.7,13.25
2012,12,8,1.05,99.36,27.01,30.5,24.16,55.83,1.57,45.6,14.86
2012,12,9,0.0,99.37,27.88,31.43,24.98,56.51,1.07,67.0,13.58
2012,12,10,0.0,99.54,28.34,32.66,24.8,52.78,1.07,10.4,15.42
2012,12,11,0.0,99.56,28.42,32.62,24.98,52.66,2.06,48.0,14.31
2012,12,12,0.0,99.24,27.17,30.91,24.11,52.66,1.75,92.4,15.69
2012,12,13,0.0,99.6,27.13,31.03,23.94,56.15,1.23,22.0,15.69
2012,12,14,0.36,99.49,28.44,32.51,25.11,53.9,2.07,71.7,13.23
2012,12,15,0.0,99.8,27.68,32.0,24.14,52.27,1.68,348.5,13.72
2012,12,16,0.0,99.76,28.56,32.33,25.47,52.68,1.5,84.0,14.53
2012,12,17,0.0,99.4,29.16,33.25,25.81,56.99,1.09,25.7,16.25
2012,12,18,0.0,99.79,27.74,31.71,24.49,54.74,0.55,37.6,16.26
2012,12,19,0.0,99.65,27.87,31.91,24.56,54.52,1.0,86.1,14.22
2012,12,20,0.0,99.52,26.86,30.69,23.73,53.87,1.13,35.4,14.05
2012,12,21,0.0,99.47,28.88,33.02,25.5,56.02,0.86,71.6,15.05
2012,12,22,0.0,99.36,29.84,33.71,26.68,49.96,1.35,64.6,14.64
2012,12,23,0.0,99.35,27.51,31.62,24.14,55.31,0.53,78.9,14.93
2012,12,24,0.0,99.24,29.29,33.81,25.59,52.96,1.8,71.5,14.53
2012,12,25,8.28,99.37,29.06,33.44,25.48,54.61,1.12,40.4,10.83
2012,12,26,0.0,99.21,29.03,33.51,25.36,52.55,1.57,76.2,14.65
2012,12,27,0.0,99.42,28.09,32.28,24.66,51.77,1.56,49.9,14.4
2012,12,28,4.66,99.58,28.19,32.6,24.58,56.0,0.81,49.3,13.98
2012,12,29,0.0,99.85,28.96,32.57,26.01,54.95,0.61,90.4,15.05
2012,12,30,6.07,99.23,28.73,32.37,25.75,52.56,1.03,51.6,12.34
2012,12,31,0.0,99.7,28.45,32.28,25.31,57.15,1.41,38.1,15.26
2013,1,1,0.0,99.54,28.98,32.85,25.82,47.3,1.3,86.8,13.91
2013,1,2,0.0,99.5,28.43,32.84,24.82,49.93,1.69,41.2,12.65
2013,1,3,0.0,99.62,28.62,32.33,25.58,57.52,1.39,9.5,15.47
2013,1,4,0.0,99.48,28.58,32.33,25.51,47.84,1.42,356.3,15.31
2013,1,5,0.0,99.58,29.51,33.6,26.16,50.34,0.94,36.7,12.59
2013,1,6,0.0,99.61,27.76,31.92,24.35,49.82,1.15,26.6,12.93
2013,1,7,0.0,99.81,29.24,33.61,25.67,45.23,1.16,69.1,13.23
2013,1,8,4.82,99.72,28.86,32.91,25.55,54.34,1.48,24.7,12.41
2013,1,9,0.0,99.49,27.23,31.3,23.9,53.25,1.53,4.0,14.05
2013,1,10,0.0,99.55,29.45,33.82,25.88,53.24,1.16,40.2,15.55
2013,1,11,0.0,99.74,29.55,33.43,26.38,50.34,1.17,355.3,15.58
2013,1,12,0.0,99.57,28.58,32.74,25.18,46.45,1.38,41.5,14.26
2013,1,13,0.0,99.73,29.22,33.5,25.72,50.04,1.98,40.9,12.82
2013,1,14,0.0,99.76,29.08,33.1,25.79,49.46,0.59,30.3,15.26
2013,1,15,0.0,99.78,30.47,34.83,26.9,52.7,0.9,4.3,15.63
2013,1,16,0.0,99.62,29.27,33.16,26.09,50.39,0.91,20.9,14.19
2013,1,17,0.0,99.39,29.0,33.55,25.27,53.1,0.75,35.0,13.76
2013,1,18,0.0,99.57,29.71,33.75,26.41,46.56,0.95,4.4,15.08
2013,1,19,0.0,99.51,30.07,34.07,26.79,53.71,1.39,50.4,13.99
2013,1,20,0.0,99.74,30.41,34.13,27.36,53.37,1.61,54.8,12.63
2013,1,21,0.0,99.87,28.55,32.37,25.43,48.84,1.34,42.5,13.61
2013,1,22,2.88,99.81,29.16,33.06,25.97,51.49,1.33,18.4,13.98
2013,1,23,0.0,99.76,28.54,32.35,25.42,51.01,0.9,33.1,16.68
2013,1,24,0.0,99.43,30.61,34.41,27.5,54.94,0.24,81.6,14.28
2013,1,25,0.0,99.85,29.02,33.16,25.64,51.09,1.39,56.3,14.57
2013,1,26,0.0,99.68,29.66,33.95,26.15,52.86,1.76,35.5,15.62
2013,1,27,0.0,99.45,28.88,33.08,25.44,51.92,1.61,59.5,15.69
2013,1,28,0.83,99.73,29.31,32.56,26.65,54.93,1.21,338.7,13.72
2013,1,29,0.0,99.56,27.73,31.57,24.59,52.4,1.28,110.5,15.17
2013,1,30,0.0,99.25,29.73,34.17,26.1,48.45,1.78,6.1,17.25
2013,1,31,0.0,99.42,29.91,33.66,26.84,51.21,0.99,47.8,16.07
2013,2,1,0.0,99.58,28.58,32.67,25.23,54.75,1.08,14.6,16.46
2013,2,2,0.0,99.58,27.73,31.55,24.6,52.86,0.57,9.6,16.46
2013,2,3,0.0,99.4,30.03,34.51,26.36,48.53,1.43,69.3,14.61
2013,2,4,0.0,99.73,29.94,33.84,26.75,56.94,1.06,36.7,17.16
2013,2,5,0.0,99.69,29.54,33.85,26.01,50.27,1.14,44.9,15.01
2013,2,6,0.0,99.33,28.85,32.77,25.64,54.57,1.51,48.8,15.31
2013,2,7,0.0,100.07,28.77,32.23,25.94,55.94,0.97,57.0,15.52
2013,2,8,0.0,99.37,29.9,34.15,26.42,54.96,1.44,54.9,17.64
2013,2,9,0.0,99.51,28.73,32.32,25.79,49.54,1.46,64.7,17.98
2013,2,10,0.0,99.66,29.06,32.93,25.89,55.07,1.12,348.6,14.36
2013,2,11,0.0,99.51,28.93,33.57,25.14,52.7,1.57,18.4,16.77
2013,2,12,0.0,99.85,29.16,34.14,25.08,48.34,1.22,15.0,13.43
2013,2,13,0.0,99.55,28.84,32.97,25.46,51.82,1.53,69.8,17.38
2013,2,14,0.0,99.42,28.91,32.79,25.74,49.27,1.02,61.6,15.38
2013,2,15,0.0,99.69,30.14,34.27,26.76,53.17,1.48,58.9,17.02
2013,2,16,0.0,99.06,29.24,33.0,26.16,54.29,1.12,14.6,17.32
2013,2,17,0.0,99.68,29.13,33.13,25.85,55.24,1.39,7.0,15.13
2013,2,18,0.0,99.81,29.42,33.98,25.69,51.89,1.39,354.0,17.79
2013,2,19,0.0,99.16,28.04,32.22,24.62,49.54,1.11,50.3,15.88
2013,2,20,0.0,99.5,29.52,33.25,26.47,48.75,1.1,357.8,14.39
2013,2,21,0.0,99.28,29.0,33.23,25.54,54.03,1.18,61.6,17.14
2013,2,22,0.0,99.58,28.34,31.99,25.36,54.87,1.29,21.5,17.35
2013,2,23,0.0,99.98,28.69,32.29,25.74,53.69,1.48,26.4,18.16
2013,2,24,0.0,99.61,29.11,33.44,25.57,49.78,1.36,32.6,15.49
2013,2,25,0.0,99.53,28.77,32.68,25.57,50.39,0.2,5.8,14.46
2013,2,26,0.0,99.06,29.45,34.0,25.73,50.6,1.59,66.4,16.58
2013,2,27,0.0,99.37,28.14,31.96,25.01,48.01,1.42,9.5,16.91
2013,2,28,0.0,99.54,27.85,32.3,24.21,53.64,1.72,33.6,16.07
2013,3,1,0.0,99.58,28.08,32.64,24.35,51.85,1.6,69.6,16.35
2013,3,2,0.0,99.62,28.31,32.47,24.91,56.28,1.11,347.3,17.03
2013,3,3,0.0,99.7,28.66,32.69,25.36,49.57,0.83,3.6,15.09
2013,3,4,0.0,99.39,28.31,32.26,25.08,51.91,1.96,27.1,16.66
2013,3,5,8.49,99.35,27.34,31.3,24.1,53.52,1.77,40.2,17.63
2013,3,6,0.0,99.46,27.53,31.2,24.53,51.3,1.57,57.5,19.21
2013,3,7,0.0,99.38,27.56,31.84,24.06,54.61,0.98,45.3,16.14
2013,3,8,0.0,99.39,28.22,32.49,24.72,52.59,0.79,54.9,17.83
2013,3,9,0.0,99.64,27.82,31.86,24.51,49.75,1.12,52.4,19.92
2013,3,10,0.0,99.08,28.09,32.2,24.73,48.3,1.62,57.8,18.89
2013,3,11,0.0,99.21,29.26,33.24,26.01,51.59,0.38,4.5,18.54
2013,3,12,0.0,100.11,27.47,31.23,24.39,53.15,1.02,28.4,16.65
2013,3,13,0.0,99.41,28.47,32.21,25.41,54.91,2.32,38.9,19.91
2013,3,14,0.0,99.8,27.39,31.33,24.17,50.56,1.17,48.4,17.56
2013,3,15,0.0,99.52,27.25,31.23,23.99,50.54,1.32,35.2,17.56
2013,3,16,0.0,99.42,28.41,32.82,24.8,58.69,1.3,36.9,19.15
2013,3,17,0.0,99.64,28.59,32.86,25.09,52.73,1.97,30.2,18.15
2013,3,18,0.0,99.53,28.63,33.14,24.94,55.53,1.19,43.6,19.02
2013,3,19,0.0,99.48,28.81,33.08,25.31,49.37,0.64,108.3,19.54
2013,3,20,0.0,99.5,27.87,31.51,24.89,53.88,1.72,47.0,19.47
2013,3,21,0.0,99.58,28.15,31.82,25.15,55.11,0.92,14.1,18.15
2013,3,22,0.0,99.38,27.64,31.42,24.55,53.27,0.77,72.7,20.97
2013,3,23,0.0,99.42,28.78,32.75,25.53,48.31,1.92,356.6,23.19
2013,3,24,0.0,99.32,27.19,31.04,24.04,50.72,1.63,54.2,19.09
2013,3,25,0.0,99.28,28.13,32.38,24.65,54.38,1.21,47.7,20.5
2013,3,26,0.0,99.82,26.99,31.37,23.4,48.96,1.8,92.0,19.67
2013,3,27,0.0,99.32,27.77,31.49,24.72,60.62,1.74,54.8,18.85
2013,3,28,0.0,99.66,26.52,30.12,23.58,56.82,1.11,90.5,19.41
2013,3,29,0.0,99.42,27.76,32.26,24.08,49.52,1.45,49.7,18.51
2013,3,30,0.0,99.57,28.93,33.03,25.57,54.59,1.35,60.9,18.37
2013,3,31,2.51,99.41,27.01,30.9,23.83,55.56,1.14,33.2,18.22
2013,4,1,0.0,99.14,27.28,31.74,23.63,57.14,1.42,40.1,19.72
2013,4,2,0.0,99.47,28.0,32.37,24.43,47.24,1.71,69.0,20.35
2013,4,3,0.0,99.57,27.38,31.23,24.23,54.85,1.07,86.4,19.56
2013,4,4,0.0,99.28,28.15,32.4,24.67,51.15,1.75,4.0,19.39
2013,4,5,22.22,99.31,26.63,30.95,23.1,68.13,0.74,112.3,18.42
2013,4,6,0.0,99.59,27.8,32.03,24.34,51.8,1.54,67.7,18.12
2013,4,7,0.0,99.58,25.74,30.08,22.19,58.86,1.19,46.5,18.49
2013,4,8,0.0,99.6,27.13,30.85,24.09,56.08,2.08,70.1,19.48
2013,4,9,0.0,99.0,26.24,30.22,22.99,50.37,0.89,42.7,18.69
2013,4,10,0.0,99.55,26.68,31.09,23.07,48.48,1.42,80.1,21.05
2013,4,11,3.53,99.73,27.05,30.89,23.91,59.18,1.21,79.6,17.91
2013,4,12,0.0,99.54,26.67,30.43,23.59,54.14,1.33,65.1,18.99
2013,4,13,0.0,99.35,26.22,30.18,22.98,57.94,1.13,37.4,19.17
2013,4,14,0.0,99.19,27.58,31.06,24.73,54.74,1.65,64.9,20.21
2013,4,15,0.0,99.17,27.34,31.33,24.07,60.24,1.69,71.1,19.18
2013,4,16,0.0,99.14,25.61,29.04,22.8,59.98,0.96,92.4,18.08
2013,4,17,0.0,99.3,27.04,31.26,23.58,58.67,1.88,53.2,20.47
2013,4,18,13.82,98.82,26.0,29.41,23.21,62.86,1.06,60.7,18.51
2013,4,19,0.0,99.33,26.53,30.61,23.19,56.47,1.7,108.2,19.09
2013,4,20,0.0,99.38,27.38,31.01,24.41,57.74,2.38,121.8,20.27
2013,4,21,0.0,99.03,26.33,29.85,23.45,55.89,1.41,77.4,21.28
2013,4,22,0.0,99.19,26.65,30.45,23.54,61.07,1.65,112.7,20.13
2013,4,23,0.0,99.21,26.22,30.08,23.06,58.7,1.49,80.1,19.28
2013,4,24,4.64,99.08,25.96,29.74,22.87,62.07,1.57,49.7,19.7
2013,4,25,0.0,99.3,25.27,29.1,22.14,59.0,1.97,67.1,17.79
2013,4,26,0.0,99.31,27.55,31.46,24.35,60.85,2.5,67.4,19.5
2013,4,27,0.0,99.2,23.6,26.74,21.03,61.86,1.9,78.9,19.49
2013,4,28,0.0,99.15,25.17,28.88,22.13,60.31,2.4,82.1,18.65
2013,4,29,24.37,98.64,24.28,27.56,21.6,75.08,1.71,154.0,19.17
2013,4,30,6.67,99.34,25.88,29.16,23.2,65.21,2.44,77.5,18.12
2013,5,1,0.0,98.97,24.44,27.74,21.74,62.06,2.69,71.6,19.92
2013,5,2,0.0,99.43,25.22,28.26,22.73,63.95,2.55,136.5,19.04
2013,5,3,1.59,98.88,25.74,29.29,22.83,58.14,2.41,61.0,17.47
2013,5,4,33.83,98.42,22.96,26.0,20.47,87.52,2.41,116.2,14.41
2013,5,5,35.79,98.48,23.55,27.17,20.59,87.36,1.92,110.8,15.06
2013,5,6,48.97,97.71,22.92,26.82,19.73,88.56,1.69,104.4,14.81
2013,5,7,28.14,98.52,23.36,27.24,20.18,84.51,2.54,93.9,14.11
2013,5,8,0.0,98.96,24.84,27.97,22.28,63.47,2.03,90.7,17.14
2013,5,9,0.0,99.35,24.43,27.5,21.92,62.96,2.1,140.8,17.89
2013,5,10,17.15,98.41,24.63,28.22,21.7,72.58,1.84,157.8,16.82
2013,5,11,0.0,98.96,24.92,28.28,22.17,70.23,2.23,111.5,18.51
2013,5,12,90.99,97.63,22.34,25.64,19.64,92.0,2.9,127.9,13.07
2013,5,13,12.51,98.91,23.92,26.85,21.52,78.07,2.89,104.3,16.47
2013,5,14,57.06,97.67,22.02,25.32,19.32,95.39,2.07,141.5,11.79
2013,5,15,102.71,97.66,23.14,26.62,20.3,86.69,2.24,125.8,13.5
2013,5,16,46.15,97.8,22.59,25.59,20.14,90.54,1.97,150.9,14.08
2013,5,17,16.21,98.44,23.29,26.6,20.58,79.56,2.83,144.9,18.06
2013,5,18,40.27,98.29,22.64,25.85,20.02,96.88,2.8,115.7,14.31
2013,5,19,0.0,99.11,25.19,28.15,22.77,73.98,2.87,156.8,17.55
2013,5,20,30.71,98.16,22.07,25.17,19.54,98.36,2.63,154.9,13.57
2013,5,21,0.0,98.7,24.32,27.12,22.03,71.55,3.09,142.3,17.46
2013,5,22,66.01,97.71,21.91,25.21,19.21,98.59,2.76,185.7,11.72
2013,5,23,20.51,98.69,22.57,25.33,20.31,89.56,3.27,161.8,15.14
2013,5,24,0.0,98.93,22.95,25.81,20.61,80.2,2.53,178.3,17.55
2013,5,25,12.47,98.53,23.49,26.74,20.83,82.86,3.31,219.2,16.59
2013,5,26,48.54,97.69,21.57,24.4,19.25,95.38,3.17,225.0,12.38
2013,5,27,21.35,98.37,23.39,26.09,21.18,91.05,3.29,139.5,15.78
2013,5,28,10.33,98.81,23.56,26.55,21.12,84.4,2.94,197.1,14.84
2013,5,29,22.88,98.14,22.38,25.79,19.59,92.52,3.76,173.8,17.67
2013,5,30,62.55,97.5,20.51,23.73,17.88,99.0,2.85,190.2,10.65
2013,5,31,0.0,98.87,24.39,27.44,21.89,78.46,4.02,215.7,15.82
2013,6,1,40.36,97.93,20.83,23.97,18.26,98.59,3.35,205.4,9.47
2013,6,2,33.23,98.21,22.06,25.05,19.61,99.0,3.64,183.9,11.68
2013,6,3,22.36,98.38,20.61,23.5,18.24,93.39,3.78,217.6,14.25
2013,6,4,80.49,97.69,21.78,24.85,19.27,99.0,3.55,177.5,11.36
2013,6,5,0.0,98.69,21.19,24.08,18.82,78.09,3.99,199.5,16.42
2013,6,6,8.56,98.91,21.99,24.76,19.72,86.92,3.66,214.5,16.2
2013,6,7,0.0,98.68,21.75,24.57,19.44,83.98,3.6,217.9,17.16
2013,6,8,47.22,97.59,21.52,24.37,19.19,99.0,3.53,150.3,12.37
2013,6,9,0.0,98.9,21.85,24.67,19.54,82.33,3.51,176.7,15.68
2013,6,10,82.94,97.54,20.68,23.51,18.37,99.0,3.81,179.6,9.99
2013,6,11,0.0,98.75,22.44,24.88,20.44,87.85,3.09,196.3,16.0
2013,6,12,56.39,97.5,19.19,21.83,17.03,99.0,3.37,223.9,10.13
2013,6,13,133.51,97.5,20.86,23.2,18.95,99.0,3.64,212.2,12.7
2013,6,14,71.33,97.5,20.08,22.83,17.83,99.0,3.19,231.6,11.15
2013,6,15,33.61,97.95,21.75,24.51,19.5,99.0,3.86,258.9,12.34
2013,6,16,11.14,98.29,21.97,24.98,19.51,88.08,3.43,210.6,13.38
2013,6,17,23.49,98.43,20.46,23.18,18.24,99.0,3.04,218.3,14.26
2013,6,18,26.1,98.36,20.69,23.21,18.63,99.0,3.32,249.4,13.7
2013,6,19,174.48,97.5,19.67,22.17,17.63,99.0,3.93,186.6,11.11
2013,6,20,56.37,97.5,20.32,23.1,18.05,99.0,3.18,228.7,10.16
2013,6,21,0.0,98.65,22.25,24.65,20.28,88.96,3.23,217.3,13.52
2013,6,22,42.54,97.79,19.51,22.13,17.37,99.0,3.81,176.9,12.38
2013,6,23,36.7,97.93,20.83,23.66,18.51,99.0,3.13,246.5,12.74
2013,6,24,0.0,99.36,21.88,25.0,19.33,85.1,3.86,256.4,14.63
2013,6,25,115.03,97.5,20.02,22.89,17.67,99.0,2.88,247.7,11.42
2013,6,26,0.95,98.73,21.83,24.23,19.87,83.58,3.85,201.7,16.0
2013,6,27,44.87,97.96,20.25,22.58,18.35,99.0,3.65,285.1,12.77
2013,6,28,34.45,97.92,19.4,22.1,17.19,99.0,4.32,252.8,12.76
2013,6,29,12.28,98.22,21.03,23.49,19.02,92.87,2.97,245.3,14.08
2013,6,30,0.0,98.78,22.06,24.16,20.34,90.11,3.48,252.5,16.31
2013,7,1,159.99,97.5,20.1,23.31,17.47,99.0,3.93,243.6,10.42
2013,7,2,43.62,97.56,20.32,22.86,18.24,99.0,3.73,220.5,11.91
2013,7,3,0.0,98.86,20.63,23.46,18.31,88.73,3.56,241.6,13.19
2013,7,4,78.69,97.5,20.68,23.07,18.72,99.0,3.09,247.6,10.66
2013,7,5,31.41,97.84,21.17,23.64,19.15,99.0,3.93,232.2,11.96
2013,7,6,80.64,97.5,18.56,21.08,16.5,99.0,4.63,209.5,10.75
2013,7,7,0.0,98.56,20.94,23.34,18.98,91.66,3.49,235.9,14.98
2013,7,8,8.71,98.57,21.26,23.53,19.41,91.01,3.8,257.3,14.21
2013,7,9,65.46,97.5,18.6,21.68,16.08,99.0,3.91,229.9,9.67
2013,7,10,58.99,97.5,19.5,22.07,17.4,99.0,3.62,261.3,8.03
2013,7,11,5.75,98.62,20.99,23.03,19.32,90.78,3.76,222.1,14.43
2013,7,12,24.41,98.44,20.98,23.48,18.93,99.0,3.38,229.3,12.95
2013,7,13,18.27,98.24,20.61,22.69,18.91,97.03,3.25,181.6,12.91
2013,7,14,21.06,97.91,18.77,21.01,16.93,99.0,4.34,241.8,13.49
2013,7,15,99.96,97.5,19.62,22.13,17.57,99.0,3.72,172.2,9.31
2013,7,16,0.0,98.56,21.88,24.51,19.73,88.27,3.97,231.0,13.53
2013,7,17,65.92,97.5,18.97,20.77,17.5,99.0,3.92,237.8,9.35
2013,7,18,29.5,97.93,19.93,22.9,17.5,99.0,3.38,228.5,13.08
2013,7,19,134.85,97.5,19.11,21.43,17.21,99.0,3.23,190.2,8.93
2013,7,20,27.84,98.11,19.49,21.94,17.49,99.0,3.48,249.1,12.87
2013,7,21,15.62,98.36,22.12,25.06,19.71,92.21,3.79,269.3,13.46
2013,7,22,9.56,98.43,20.09,23.09,17.64,93.03,3.38,281.2,13.48
2013,7,23,118.22,97.5,19.68,22.05,17.74,99.0,3.5,223.1,10.68
2013,7,24,92.98,97.55,19.69,22.53,17.36,99.0,2.89,214.8,9.39
2013,7,25,41.43,97.62,19.07,21.68,16.94,99.0,3.62,185.4,11.34
2013,7,26,66.03,97.5,18.41,21.72,15.7,99.0,3.65,231.9,11.26
2013,7,27,9.12,98.43,20.64,23.05,18.67,91.93,3.6,259.6,15.94
2013,7,28,21.74,98.33,20.72,23.78,18.22,99.0,3.19,211.7,11.98
2013,7,29,124.95,97.5,19.34,21.8,17.33,99.0,3.18,238.0,10.69
2013,7,30,105.1,97.5,20.42,22.76,18.51,99.0,3.12,136.7,11.49
2013,7,31,24.22,98.01,19.79,22.36,17.69,95.39,3.34,182.6,14.57
2013,8,1,28.34,98.16,19.67,21.89,17.86,99.0,3.21,223.5,12.04
2013,8,2,59.73,97.54,19.84,22.27,17.85,99.0,3.99,163.2,9.25
2013,8,3,21.88,98.05,19.21,21.83,17.07,97.61,4.11,181.3,13.61
2013,8,4,37.1,97.72,19.4,22.05,17.23,99.0,3.74,181.8,12.26
2013,8,5,13.52,98.99,20.68,23.67,18.23,89.12,3.41,214.5,12.54
2013,8,6,0.0,98.63,21.34,24.33,18.89,80.77,3.22,201.1,15.85
2013,8,7,42.7,97.65,19.32,22.09,17.05,99.0,2.99,179.3,12.33
2013,8,8,69.01,97.58,18.14,20.47,16.24,99.0,3.3,177.8,10.69
2013,8,9,57.54,97.65,20.45,22.69,18.62,99.0,3.18,160.6,10.57
2013,8,10,45.9,97.5,20.62,23.32,18.41,98.28,2.82,188.7,10.37
2013,8,11,0.0,98.99,20.37,23.01,18.21,80.09,2.88,198.5,13.8
2013,8,12,6.65,98.66,21.79,24.52,19.56,83.07,2.41,205.0,15.0
2013,8,13,0.0,98.84,21.53,24.89,18.78,75.15,2.72,227.6,15.62
2013,8,14,20.47,98.58,21.24,24.01,18.97,89.86,3.23,192.9,11.76
2013,8,15,78.31,97.5,19.91,22.63,17.68,99.0,3.43,145.6,11.12
2013,8,16,34.69,97.94,19.36,22.34,16.92,93.7,3.21,187.0,13.53
2013,8,17,58.43,97.5,20.37,23.23,18.03,99.0,2.78,129.6,11.13
2013,8,18,26.94,98.18,20.4,23.59,17.79,94.49,2.3,161.9,14.3
2013,8,19,11.32,98.71,19.64,22.76,17.09,80.04,2.45,166.6,14.84
2013,8,20,0.0,99.18,22.1,25.69,19.17,75.2,3.03,182.8,15.55
2013,8,21,46.13,97.87,19.08,22.1,16.61,99.0,2.98,178.8,13.16
2013,8,22,0.0,98.95,22.87,26.52,19.88,67.73,2.55,150.0,16.66
2013,8,23,0.0,99.07,21.92,25.26,19.19,78.66,2.6,153.0,14.89
2013,8,24,0.0,99.12,22.23,25.55,19.52,73.07,3.45,175.9,14.78
2013,8,25,39.12,98.11,21.03,23.68,18.87,95.97,2.02,115.8,14.1
2013,8,26,18.95,98.4,21.6,24.23,19.45,77.49,2.65,177.1,13.65
2013,8,27,0.0,99.08,21.93,24.73,19.64,67.5,2.15,155.4,15.75
2013,8,28,0.0,98.63,23.19,26.51,20.47,68.13,2.14,87.3,15.99
2013,8,29,0.0,99.3,22.38,25.87,19.52,67.37,2.71,145.4,18.44
2013,8,30,0.0,99.31,21.72,25.17,18.89,63.32,3.16,165.1,14.02
2013,8,31,0.0,99.21,22.82,26.16,20.09,66.03,2.71,188.2,16.8
2013,9,1,9.0,99.05,22.21,25.81,19.26,71.51,3.04,115.0,17.47
2013,9,2,0.0,99.05,22.67,26.37,19.64,64.4,1.68,142.0,17.45
2013,9,3,1.56,98.9,22.77,26.08,20.06,72.98,2.57,140.9,16.77
2013,9,4,0.0,98.86,22.84,26.41,19.92,69.29,2.69,138.4,15.51
2013,9,5,12.57,98.96,23.37,26.91,20.47,71.92,2.23,114.6,15.1
2013,9,6,43.12,97.89,20.63,24.31,17.62,90.25,2.6,116.3,12.86
2013,9,7,0.0,99.04,21.52,25.08,18.6,67.15,3.24,105.9,16.4
2013,9,8,0.0,99.16,23.03,26.6,20.11,60.97,2.29,120.5,17.62
2013,9,9,0.0,99.12,23.67,27.01,20.93,66.6,2.05,126.7,18.95
2013,9,10,0.0,99.18,22.05,25.64,19.12,63.85,2.61,85.9,16.89
2013,9,11,0.0,98.82,23.46,26.91,20.64,66.57,2.57,120.3,17.44
2013,9,12,0.0,99.11,22.27,25.54,19.6,61.25,2.02,117.5,16.64
2013,9,13,0.0,99.31,23.91,27.57,20.92,65.46,1.89,105.2,15.94
2013,9,14,1.45,99.05,23.32,26.63,20.61,67.35,2.5,83.1,17.21
2013,9,15,0.0,99.02,22.81,26.41,19.87,64.41,1.89,69.3,15.16
2013,9,16,0.0,99.35,22.36,25.88,19.48,57.97,2.02,53.6,17.3
2013,9,17,52.99,97.79,23.06,26.54,20.21,91.59,2.13,61.2,10.58
2013,9,18,0.0,99.23,25.2,29.23,21.9,64.11,1.93,58.3,17.67
2013,9,19,10.39,98.9,22.47,26.58,19.11,67.24,1.99,111.4,14.3
2013,9,20,0.0,99.21,22.92,26.51,19.99,63.7,1.65,21.6,17.43
2013,9,21,0.0,99.49,23.8,27.75,20.57,67.66,2.16,95.5,18.56
2013,9,22,0.0,99.32,23.53,26.78,20.87,57.59,1.78,55.0,16.08
2013,9,23,4.07,98.9,23.46,26.83,20.7,66.67,2.51,109.3,15.48
2013,9,24,1.04,99.14,24.06,27.75,21.04,61.32,1.96,134.6,16.25
2013,9,25,6.47,99.0,25.03,28.45,22.24,63.74,2.29,98.0,16.55
2013,9,26,0.0,99.28,24.95,28.77,21.83,60.23,2.13,111.9,14.45
2013,9,27,0.0,99.41,23.82,27.62,20.71,54.99,2.31,100.9,15.85
2013,9,28,0.0,99.25,24.59,28.3,21.55,62.11,1.71,47.3,17.82
2013,9,29,0.0,99.25,22.84,27.22,19.26,53.9,1.43,107.5,16.34
2013,9,30,0.0,98.85,24.27,28.1,21.14,59.19,1.53,99.5,15.45
2013,10,1,0.0,99.49,24.06,27.95,20.88,59.22,1.5,98.9,15.59
2013,10,2,0.0,99.23,24.94,28.8,21.78,59.54,1.56,88.7,17.01
2013,10,3,0.0,99.31,24.74,28.22,21.89,54.58,1.42,70.1,17.22
2013,10,4,0.0,99.31,24.56,28.83,21.07,63.14,1.83,93.3,16.49
2013,10,5,0.0,99.13,24.71,28.05,21.98,55.53,2.16,116.8,16.6
2013,10,6,6.84,99.05,23.85,27.65,20.74,61.91,1.39,64.7,13.69
2013,10,7,0.0,99.13,25.14,29.07,21.93,59.29,1.63,82.7,15.27
2013,10,8,34.06,98.67,23.47,27.46,20.21,78.75,2.28,78.0,13.21
2013,10,9,28.93,98.15,23.27,26.9,20.3,77.97,1.31,92.3,13.24
2013,10,10,0.0,99.1,24.65,28.56,21.45,61.16,1.9,109.4,15.38
2013,10,11,0.0,99.21,25.21,28.62,22.42,66.63,2.13,93.7,13.76
2013,10,12,0.0,99.54,25.31,29.47,21.91,62.33,2.71,130.0,15.38
2013,10,13,9.17,99.17,24.08,27.73,21.1,67.31,1.03,77.9,11.71
2013,10,14,0.0,98.98,24.1,27.65,21.2,60.02,1.44,109.7,14.8
2013,10,15,0.0,99.25,24.44,27.94,21.58,62.63,2.06,80.6,14.48
2013,10,16,0.0,99.4,24.52,28.27,21.45,60.57,1.82,64.2,13.25
2013,10,17,0.0,99.67,24.92,28.15,22.28,60.75,0.93,134.4,14.51
2013,10,18,0.0,99.21,25.71,29.61,22.52,71.13,1.81,88.2,13.02
2013,10,19,0.0,99.06,24.58,28.06,21.73,66.72,1.65,73.6,13.95
2013,10,20,0.0,99.33,25.21,29.21,21.94,60.13,1.38,83.0,12.33
2013,10,21,55.01,97.89,22.85,26.14,20.16,86.52,1.87,121.7,10.99
2013,10,22,0.0,99.36,25.03,28.69,22.03,63.61,1.52,131.7,11.23
2013,10,23,0.0,99.4,25.27,29.04,22.18,61.13,1.7,138.5,14.48
2013,10,24,0.0,99.33,25.94,29.74,22.83,68.95,2.53,87.7,11.63
2013,10,25,0.0,99.37,25.31,28.78,22.47,62.67,2.76,95.0,13.7
2013,10,26,0.0,99.57,23.37,26.64,20.7,67.21,1.71,105.8,14.36
2013,10,27,0.0,99.22,25.08,28.56,22.24,61.58,2.1,68.4,13.65
2013,10,28,0.0,99.06,26.36,30.28,23.15,66.59,2.3,107.8,13.32
2013,10,29,17.4,98.9,25.41,29.58,22.0,76.88,1.75,96.5,10.63
2013,10,30,0.0,99.05,25.9,29.05,23.33,60.9,1.71,148.0,12.62
2013,10,31,28.95,98.36,25.06,28.45,22.29,78.65,2.32,89.7,11.28
2013,11,1,3.46,99.05,25.88,28.99,23.33,65.33,1.99,100.8,12.05
2013,11,2,0.0,99.06,26.3,29.74,23.49,68.24,1.99,150.2,15.08
2013,11,3,0.0,99.5,24.76,28.18,21.96,67.99,1.63,82.1,13.73
2013,11,4,0.0,99.3,25.55,28.81,22.88,62.49,1.68,106.5,15.87
2013,11,5,32.8,98.6,24.43,28.48,21.11,80.5,2.09,120.3,8.7
2013,11,6,0.0,99.39,25.73,29.65,22.53,64.14,1.89,86.7,9.72
2013,11,7,0.0,99.27,25.35,29.02,22.35,58.95,2.09,124.4,12.74
2013,11,8,0.0,99.48,25.91,29.49,22.98,66.79,2.4,92.9,11.61
2013,11,9,0.0,99.23,24.67,28.53,21.51,60.68,2.09,97.3,13.45
2013,11,10,0.0,99.29,26.24,29.59,23.5,63.21,1.78,48.1,13.26
2013,11,11,0.0,99.2,25.51,29.21,22.48,66.69,2.36,101.4,14.26
2013,11,12,0.0,99.58,24.52,27.99,21.68,63.82,1.99,74.3,13.44
2013,11,13,5.58,99.18,25.89,30.18,22.38,64.32,2.48,69.7,10.62
2013,11,14,0.0,99.45,27.25,30.54,24.56,59.28,1.7,115.7,12.99
2013,11,15,0.0,99.24,24.9,28.5,21.96,61.75,1.91,104.8,14.09
2013,11,16,0.0,99.51,26.12,29.45,23.4,60.84,1.8,61.2,14.23
2013,11,17,4.11,99.4,25.06,28.96,21.87,71.0,1.96,52.7,12.6
2013,11,18,0.0,99.08,26.6,30.51,23.4,58.86,1.98,34.5,12.73
2013,11,19,0.0,99.38,27.1,30.63,24.21,59.35,1.87,121.1,15.14
2013,11,20,0.0,99.4,25.99,29.38,23.22,57.74,2.16,358.4,12.66
2013,11,21,10.91,99.06,25.89,29.53,22.91,65.53,1.99,93.0,13.19
2013,11,22,0.0,99.65,26.58,30.15,23.66,61.41,2.74,45.0,14.69
2013,11,23,0.0,99.18,27.62,31.41,24.52,56.99,2.78,108.6,14.7
2013,11,24,0.0,99.33,25.84,30.07,22.38,60.32,1.5,104.5,14.46
2013,11,25,0.0,99.27,26.56,30.54,23.3,55.63,1.55,54.9,14.07
2013,11,26,0.0,99.61,28.05,32.08,24.76,61.32,1.24,59.0,13.16
2013,11,27,0.0,99.25,26.5,30.33,23.37,57.12,2.32,70.7,14.26
2013,11,28,9.36,98.88,26.43,31.0,22.69,62.33,1.52,54.9,12.23
2013,11,29,15.1,99.15,26.66,30.55,23.48,70.04,1.76,97.1,13.31
2013,11,30,0.0,99.43,28.83,32.9,25.5,56.27,1.18,69.6,11.93
2013,12,1,0.0,99.65,26.48,30.67,23.05,58.31,1.67,94.0,13.48
2013,12,2,0.0,99.61,27.86,31.75,24.68,58.88,0.93,60.3,12.72
2013,12,3,0.0,99.47,26.56,30.53,23.31,60.27,2.03,105.2,11.51
2013,12,4,0.0,99.22,26.74,30.51,23.66,57.27,2.26,20.0,12.67
2013,12,5,0.67,99.25,27.12,31.06,23.89,55.56,1.81,49.4,11.38
2013,12,6,0.0,99.17,27.89,32.24,24.33,54.36,1.16,79.0,13.08
2013,12,7,0.73,99.46,27.2,31.48,23.7,56.86,1.72,36.2,13.91
2013,12,8,2.78,99.32,27.66,31.82,24.26,54.74,1.56,25.2,14.82
2013,12,9,5.44,99.34,27.01,31.24,23.55,59.61,2.0,8.0,12.82
2013,12,10,0.0,99.55,27.84,31.82,24.58,55.45,1.78,63.8,11.62
2013,12,11,0.0,99.86,26.92,31.18,23.43,51.41,1.03,80.1,13.62
2013,12,12,25.27,99.0,25.98,29.95,22.73,64.93,1.87,43.2,12.91
2013,12,13,0.0,99.54,27.57,31.14,24.65,54.52,1.38,68.6,11.77
2013,12,14,0.0,99.25,28.41,32.94,24.7,53.3,1.9,105.0,13.03
2013,12,15,0.0,99.54,28.16,32.14,24.9,56.22,0.8,76.3,13.82
2013,12,16,0.0,99.7,27.53,31.86,23.98,51.21,1.58,72.3,12.06
2013,12,17,2.65,99.55,27.22,31.17,23.99,57.13,1.26,36.3,12.97
2013,12,18,0.0,99.36,28.88,32.2,26.17,55.62,1.39,36.8,15.79
2013,12,19,0.0,99.49,29.15,33.19,25.84,50.05,1.09,57.2,15.0
2013,12,20,0.0,99.57,28.59,32.15,25.68,52.61,1.53,45.8,12.81
2013,12,21,0.0,99.49,28.53,32.81,25.03,56.95,0.98,59.1,15.17
2013,12,22,0.0,99.45,26.82,30.84,23.53,54.14,0.73,331.8,14.57
2013,12,23,0.0,99.18,28.77,33.19,25.16,52.64,1.03,28.4,16.4
2013,12,24,0.0,99.43,29.5,33.65,26.1,55.23,1.03,75.2,14.42
2013,12,25,0.0,99.62,29.17,32.98,26.05,51.37,1.19,351.8,13.26
2013,12,26,0.0,99.73,29.17,33.45,25.67,51.76,1.57,22.1,12.84
2013,12,27,0.0,99.59,27.33,31.0,24.33,53.08,0.94,36.4,14.78
2013,12,28,0.0,99.77,28.02,32.04,24.73,56.52,1.59,351.8,14.3
2013,12,29,0.0,99.57,28.45,32.04,25.51,49.91,1.51,58.9,14.97
2013,12,30,0.0,99.42,28.08,32.28,24.64,53.75,1.66,53.2,13.57
2013,12,31,0.0,99.5,27.79,31.97,24.37,51.27,1.14,346.4,15.29
2014,1,1,0.0,99.68,28.95,33.11,25.55,55.48,1.84,30.7,16.01
2014,1,2,0.0,99.54,29.38,33.25,26.22,54.15,1.14,32.8,14.86
2014,1,3,0.0,99.48,27.73,32.23,24.05,51.79,1.59,58.1,15.83
2014,1,4,0.0,99.31,29.45,33.82,25.87,53.67,1.89,60.5,15.01
2014,1,5,0.0,99.43,28.9,33.09,25.47,50.39,1.71,62.7,14.94
2014,1,6,0.0,99.52,29.9,33.87,26.66,50.23,1.2,69.5,14.09
2014,1,7,0.0,99.49,29.34,33.37,26.04,59.07,0.83,45.9,16.17
2014,1,8,0.0,99.42,28.89,33.01,25.52,50.96,0.88,82.2,14.04
2014,1,9,0.0,99.88,28.92,32.74,25.79,52.5,0.87,56.4,15.04
2014,1,10,0.0,99.71,28.84,33.2,25.27,50.9,0.99,38.8,13.64
2014,1,11,0.0,99.99,30.12,34.59,26.46,48.4,1.23,88.7,15.84
2014,1,12,0.0,99.31,29.3,33.89,25.54,49.15,1.49,19.0,14.63
2014,1,13,0.0,99.66,28.62,32.65,25.32,52.95,1.54,43.0,15.5
2014,1,14,0.0,99.52,29.29,33.79,25.61,48.05,1.61,46.0,13.4
2014,1,15,0.0,99.6,29.23,33.75,25.53,50.01,1.59,54.6,13.81
2014,1,16,0.0,99.93,28.62,32.57,25.39,53.83,1.2,27.1,14.07
2014,1,17,0.0,99.29,28.36,32.21,25.21,52.64,1.49,22.6,15.33
2014,1,18,0.0,99.5,29.77,34.19,26.15,50.85,1.14,72.1,15.21
2014,1,19,0.0,99.47,28.77,32.74,25.52,50.77,1.36,7.9,14.75
2014,1,20,11.04,99.22,28.29,32.21,25.08,55.2,1.16,74.3,13.27
2014,1,21,0.0,99.22,29.37,33.72,25.81,58.25,1.24,37.7,13.6
2014,1,22,0.0,99.83,28.61,32.35,25.55,49.26,1.11,47.1,15.98
2014,1,23,0.0,99.84,29.14,33.14,25.87,54.84,0.57,26.0,14.04
2014,1,24,0.0,99.7,28.72,32.33,25.76,45.82,1.14,34.1,15.79
2014,1,25,0.0,99.36,27.18,31.07,23.99,54.46,1.47,68.4,13.54
2014,1,26,0.0,99.65,29.26,33.2,26.03,54.75,1.6,27.4,15.46
2014,1,27,0.0,99.75,29.18,33.1,25.97,49.41,1.43,350.7,16.93
2014,1,28,0.0,99.67,29.24,33.25,25.96,50.29,0.88,41.5,15.99
2014,1,29,0.0,99.59,27.55,31.11,24.64,55.01,1.05,19.3,15.64
2014,1,30,0.0,99.85,28.05,31.9,24.9,48.82,0.63,14.1,16.82
2014,1,31,0.0,99.47,29.81,34.3,26.13,53.25,1.5,21.6,14.88
2014,2,1,0.0,99.57,29.05,33.26,25.61,50.13,0.9,100.4,14.84
2014,2,2,0.0,99.71,27.67,31.65,24.41,54.55,1.38,35.0,16.15
2014,2,3,0.0,99.65,29.05,32.99,25.82,57.25,1.41,26.6,15.3
2014,2,4,0.0,99.7,27.89,32.22,24.34,49.22,0.9,63.9,14.98
2014,2,5,0.0,99.69,28.58,32.73,25.19,53.69,1.34,55.4,14.31
2014,2,6,0.0,99.69,29.15,32.96,26.03,54.78,1.93,72.7,14.69
2014,2,7,0.0,99.53,29.15,33.13,25.9,46.46,1.11,80.9,17.04
2014,2,8,0.0,99.47,29.67,33.45,26.58,54.86,1.65,109.0,17.06
2014,2,9,0.0,99.62,29.28,33.21,26.06,53.03,1.34,19.6,19.2
2014,2,10,0.0,99.86,29.32,33.63,25.79,53.85,1.36,67.7,17.49
2014,2,11,0.0,99.58,28.67,32.95,25.17,46.95,1.2,20.4,16.68
2014,2,12,0.0,99.7,28.33,32.73,24.73,54.15,1.59,35.1,17.42
2014,2,13,0.0,99.61,28.95,33.11,25.55,51.56,1.18,55.2,15.09
2014,2,14,0.0,99.95,29.62,33.33,26.59,48.89,1.47,42.5,17.08
2014,2,15,0.0,99.56,29.47,33.25,26.38,54.05,1.59,50.4,16.34
2014,2,16,0.0,99.69,28.73,32.98,25.25,54.36,1.63,35.5,19.27
2014,2,17,0.02,99.45,28.82,32.97,25.43,51.9,1.45,15.3,18.1
2014,2,18,0.0,99.38,28.21,32.01,25.1,53.13,1.53,62.3,17.77
2014,2,19,0.0,99.58,29.63,33.66,26.34,51.67,1.25,7.6,15.65
2014,2,20,0.0,99.79,29.94,34.58,26.14,48.28,1.08,80.9,20.86
2014,2,21,0.0,99.69,29.1,33.47,25.52,51.74,1.37,39.4,16.65
2014,2,22,0.0,99.2,27.63,32.16,23.92,55.51,1.37,69.4,16.22
2014,2,23,0.0,99.7,29.22,33.01,26.12,55.56,1.37,95.3,18.13
2014,2,24,0.0,99.3,29.89,34.47,26.15,49.86,1.67,46.6,15.32
2014,2,25,0.0,99.72,27.93,31.9,24.68,52.86,1.26,11.8,16.05
2014,2,26,0.0,99.67,29.28,33.83,25.56,52.42,0.73,74.5,16.29
2014,2,27,0.0,99.54,28.53,32.74,25.08,53.61,0.47,34.4,17.63
2014,2,28,4.03,99.59,29.35,33.64,25.84,54.6,1.32,8.2,17.35
2014,3,1,3.24,99.43,27.68,31.98,24.16,56.06,1.64,68.0,16.4
2014,3,2,0.0,99.59,28.29,32.43,24.9,51.12,1.17,58.7,17.19
2014,3,3,0.0,99.3,27.47,31.74,23.97,55.39,1.96,46.5,13.9
2014,3,4,0.0,99.51,28.78,32.61,25.65,50.84,1.31,18.9,17.45
2014,3,5,0.0,99.72,28.9,32.97,25.57,52.89,2.16,76.6,17.86
2014,3,6,0.0,99.31,28.72,33.04,25.18,54.24,1.22,71.4,19.05
2014,3,7,0.0,99.7,28.09,32.23,24.71,53.01,1.85,41.4,17.8
2014,3,8,0.0,99.18,28.11,32.12,24.83,45.87,1.1,87.3,18.73
2014,3,9,0.0,99.33,28.16,32.33,24.75,53.3,1.66,69.9,17.67
2014,3,10,0.0,99.48,28.98,32.71,25.93,54.43,1.49,23.3,20.52
2014,3,11,0.0,99.57,27.31,31.7,23.72,53.37,1.4,29.7,18.21
2014,3,12,0.0,99.43,28.05,31.58,25.16,55.21,1.4,53.0,18.25
2014,3,13,0.0,99.43,27.23,31.32,23.88,55.89,1.81,38.7,17.14
2014,3,14,0.0,99.73,27.94,32.24,24.42,50.71,1.21,50.0,19.43
2014,3,15,0.0,99.74,28.18,32.3,24.81,47.9,1.32,15.4,18.88
2014,3,16,0.0,99.45,29.62,33.58,26.38,49.39,2.32,24.7,19.86
2014,3,17,0.0,99.45,27.65,32.04,24.06,53.0,1.49,46.3,17.96
2014,3,18,0.0,99.47,28.79,32.69,25.6,54.57,1.75,51.7,18.79
2014,3,19,0.0,99.92,26.84,31.39,23.12,52.56,1.2,50.8,20.44
2014,3,20,0.0,99.52,28.02,32.04,24.73,49.1,1.09,9.3,21.11
2014,3,21,0.0,99.79,27.98,31.99,24.7,53.87,1.59,50.0,20.15
2014,3,22,0.0,99.64,28.43,32.7,24.93,53.14,1.39,73.8,19.65
2014,3,23,0.0,99.48,27.49,31.48,24.23,53.64,1.23,34.9,17.54
2014,3,24,0.0,99.38,27.28,31.37,23.93,58.33,0.67,27.1,18.56
2014,3,25,2.59,99.57,26.22,30.44,22.77,57.07,0.64,34.9,16.23
2014,3,26,0.0,99.35,27.97,31.69,24.92,53.06,0.58,38.6,19.75
2014,3,27,0.0,99.42,27.24,31.46,23.78,49.82,1.46,81.2,18.93
2014,3,28,0.0,99.6,28.36,31.94,25.43,57.4,0.93,13.1,19.95
2014,3,29,0.0,99.44,27.96,32.0,24.65,48.79,0.68,21.1,18.92
2014,3,30,0.0,99.4,28.38,32.32,25.15,53.06,1.01,351.2,18.3
2014,3,31,0.0,99.42,26.89,30.56,23.88,50.61,0.63,83.4,18.75
2014,4,1,0.0,99.34,27.59,32.08,23.91,52.95,1.13,59.6,21.21
2014,4,2,0.0,99.54,27.53,31.6,24.2,53.98,1.12,17.1,20.98
2014,4,3,0.0,99.46,27.0,30.84,23.86,50.69,1.57,46.4,19.4
2014,4,4,0.0,99.21,28.15,32.2,24.84,47.66,1.45,65.9,21.35
2014,4,5,0.0,99.36,27.79,32.48,23.96,51.97,1.21,70.7,20.8
2014,4,6,0.0,99.38,28.6,32.32,25.56,51.06,1.66,83.4,18.99
2014,4,7,0.0,99.37,27.61,31.78,24.2,52.35,0.95,10.6,18.8
2014,4,8,0.0,99.54,28.38,32.11,25.33,54.42,1.25,86.7,18.51
2014,4,9,0.0,99.3,28.3,32.4,24.94,59.67,1.15,10.5,19.39
2014,4,10,0.0,99.91,26.61,30.39,23.52,53.95,1.44,86.4,20.61
2014,4,11,0.0,99.66,25.86,29.76,22.67,54.36,0.69,84.3,19.06
2014,4,12,0.0,99.65,28.01,31.99,24.75,55.79,2.36,128.5,18.57
2014,4,13,0.0,99.21,27.25,31.54,23.74,58.18,1.64,51.7,21.57
2014,4,14,0.0,99.03,27.07,30.58,24.2,58.16,1.67,43.5,20.35
2014,4,15,0.0,99.32,26.32,30.69,22.75,51.49,0.77,73.9,19.67
2014,4,16,6.79,99.26,26.58,29.94,23.83,57.96,1.65,71.9,16.51
2014,4,17,0.0,99.34,27.22,31.18,23.98,60.56,1.5,130.9,20.69
2014,4,18,0.0,99.27,26.9,30.78,23.73,56.32,2.03,31.0,18.24
2014,4,19,0.92,99.02,25.9,29.71,22.78,61.32,1.52,52.1,19.86
2014,4,20,0.0,99.22,27.37,31.21,24.23,60.47,1.52,44.5,20.66
2014,4,21,0.0,99.29,26.31,30.27,23.07,52.55,1.66,88.3,21.03
2014,4,22,12.98,98.91,26.1,30.02,22.89,61.72,2.23,65.2,17.34
2014,4,23,0.0,99.23,26.66,30.39,23.61,58.68,1.13,92.4,20.91
2014,4,24,0.0,99.17,27.49,31.44,24.26,61.15,1.1,100.4,19.74
2014,4,25,15.84,99.2,25.57,29.24,22.56,68.42,0.94,100.1,18.63
2014,4,26,0.0,99.42,25.8,29.54,22.74,60.36,2.23,85.4,18.1
2014,4,27,0.0,99.45,27.1,31.11,23.82,61.46,2.22,109.2,17.56
2014,4,28,0.0,99.32,26.45,30.45,23.18,61.56,1.42,97.1,21.71
2014,4,29,0.0,99.02,25.81,29.75,22.59,62.24,1.38,81.9,21.36
2014,4,30,0.0,99.38,25.68,29.03,22.94,56.2,2.32,83.3,16.99
2014,5,1,0.0,99.48,24.05,27.77,21.01,62.49,1.44,92.5,20.25
2014,5,2,4.87,99.37,25.09,28.8,22.06,65.67,1.91,144.3,18.19
2014,5,3,0.0,99.33,24.27,28.31,20.96,61.44,1.85,106.5,20.33
2014,5,4,0.0,99.2,23.3,27.05,20.23,62.84,3.33,111.4,17.18
2014,5,5,11.03,98.91,24.22,27.55,21.49,66.94,2.07,109.3,17.74
2014,5,6,13.3,98.94,23.5,26.87,20.74,74.51,2.66,86.2,18.26
2014,5,7,29.03,98.14,23.5,26.25,21.25,79.42,2.39,71.6,14.03
2014,5,8,0.0,99.27,25.03,28.43,22.24,66.93,2.08,130.4,17.08
2014,5,9,0.0,99.05,25.09,28.39,22.39,66.47,2.07,98.4,18.21
2014,5,10,0.0,99.53,24.57,27.8,21.93,67.91,2.36,139.6,17.02
2014,5,11,0.0,99.06,23.65,26.78,21.09,71.57,2.41,129.7,18.32
2014,5,12,0.0,99.14,24.38,28.12,21.32,67.55,2.22,162.0,18.1
2014,5,13,0.0,99.12,23.63,26.18,21.54,69.91,2.67,158.2,18.84
2014,5,14,0.0,98.96,25.27,28.19,22.88,72.55,2.51,156.9,18.86
2014,5,15,5.29,99.02,23.89,27.78,20.7,74.68,2.27,116.8,16.96
2014,5,16,13.64,98.78,22.77,26.25,19.92,77.19,2.44,86.3,17.81
2014,5,17,20.44,98.72,22.48,25.75,19.8,79.37,2.8,183.1,14.62
2014,5,18,0.0,99.16,23.95,27.11,21.36,70.68,2.25,153.2,16.66
2014,5,19,0.0,99.06,23.9,26.88,21.47,74.07,2.28,150.7,14.73
2014,5,20,20.24,98.36,22.84,25.6,20.58,85.1,2.24,150.0,15.58
2014,5,21,0.0,98.86,24.39,27.58,21.78,76.4,2.62,174.5,19.19
2014,5,22,18.37,98.83,22.21,25.5,19.52,84.3,2.7,195.4,15.84
2014,5,23,9.11,98.77,23.88,26.73,21.55,78.46,2.41,149.2,15.42
2014,5,24,16.18,98.94,22.75,25.27,20.69,80.84,2.86,121.7,13.28
2014,5,25,3.39,98.73,23.85,27.03,21.25,75.04,2.9,219.5,14.71
2014,5,26,0.0,99.34,22.87,26.06,20.26,74.1,3.28,183.0,16.63
2014,5,27,29.28,98.04,22.61,25.8,20.0,97.25,3.3,187.0,13.97
2014,5,28,17.53,98.41,21.89,24.78,19.52,84.24,2.22,103.7,16.12
2014,5,29,31.12,98.22,23.0,25.32,21.1,92.16,3.12,186.6,15.72
2014,5,30,29.64,98.35,21.78,24.34,19.68,93.04,2.29,125.7,14.65
2014,5,31,18.13,98.57,21.92,25.16,19.27,91.98,3.28,174.7,14.51
2014,6,1,51.3,97.5,20.06,22.55,18.02,99.0,3.3,204.7,12.88
2014,6,2,22.95,98.21,22.01,25.05,19.52,91.78,2.74,196.1,15.27
2014,6,3,23.32,98.09,21.71,24.26,19.62,88.63,3.27,208.8,15.84
2014,6,4,0.0,98.62,21.75,24.26,19.7,80.21,2.77,175.7,15.5
2014,6,5,37.85,97.91,20.59,23.89,17.89,99.0,3.14,167.0,13.74
2014,6,6,24.46,97.86,20.21,23.51,17.51,98.16,3.24,184.7,14.98
2014,6,7,134.33,97.53,19.7,22.51,17.4,97.02,3.13,195.4,11.18
2014,6,8,27.65,98.28,21.24,23.86,19.1,94.47,3.54,181.6,12.23
2014,6,9,45.19,98.0,20.81,23.83,18.34,99.0,2.98,196.6,12.27
2014,6,10,22.65,98.07,21.18,23.47,19.3,97.99,3.49,201.4,13.27
2014,6,11,106.26,97.5,20.59,23.64,18.1,99.0,2.85,209.9,12.3
2014,6,12,65.41,97.5,19.53,22.79,16.87,99.0,2.54,264.5,11.01
2014,6,13,53.56,97.67,20.45,23.3,18.12,99.0,2.7,178.5,11.26
2014,6,14,0.0,99.05,22.04,24.39,20.11,79.25,3.0,226.8,15.55
2014,6,15,58.75,97.54,19.89,22.97,17.37,99.0,3.64,209.5,10.67
2014,6,16,10.75,98.56,21.55,24.28,19.31,95.57,3.62,261.1,16.97
2014,6,17,29.47,97.96,20.33,22.93,18.2,99.0,3.35,187.2,13.87
2014,6,18,0.79,98.89,20.77,23.13,18.84,82.85,2.65,206.5,14.03
2014,6,19,0.0,98.69,21.1,23.4,19.22,81.18,4.16,204.0,15.66
2014,6,20,52.61,97.5,18.79,21.71,16.4,99.0,2.9,158.0,9.22
2014,6,21,12.97,98.37,21.05,23.62,18.95,90.58,3.63,216.8,16.45
2014,6,22,0.0,98.8,22.16,24.72,20.07,87.42,3.36,221.4,17.13
2014,6,23,49.52,97.74,20.7,23.3,18.57,99.0,3.68,201.5,13.05
2014,6,24,39.01,97.71,19.71,21.73,18.06,99.0,4.05,161.9,9.79
2014,6,25,60.62,97.5,19.44,21.98,17.36,99.0,3.63,246.5,9.08
2014,6,26,26.11,98.07,21.78,24.32,19.7,99.0,3.84,270.6,11.95
2014,6,27,10.98,98.25,20.75,23.69,18.34,91.81,4.75,258.6,13.04
2014,6,28,44.78,97.73,19.2,21.95,16.95,99.0,3.98,225.5,9.99
2014,6,29,22.43,98.19,20.4,22.58,18.62,99.0,2.99,221.6,12.07
2014,6,30,22.16,98.16,20.17,22.57,18.21,99.0,2.57,260.8,12.77
2014,7,1,152.82,97.5,18.84,21.63,16.56,99.0,3.83,261.2,10.62
2014,7,2,68.69,97.5,18.3,20.44,16.55,99.0,3.46,233.2,10.76
2014,7,3,100.27,97.5,20.37,23.32,17.95,99.0,3.95,230.6,11.26
2014,7,4,31.32,97.83,20.36,22.83,18.34,99.0,2.68,247.3,12.5
2014,7,5,91.99,97.5,20.33,22.96,18.18,99.0,4.1,234.9,10.33
2014,7,6,47.82,97.67,19.92,22.27,17.99,99.0,3.63,267.5,12.08
2014,7,7,37.19,97.88,19.67,22.02,17.75,99.0,4.46,245.9,12.44
2014,7,8,33.72,98.22,18.61,20.83,16.79,99.0,3.66,249.9,12.14
2014,7,9,0.0,98.53,20.47,23.37,18.1,85.79,3.87,248.7,12.53
2014,7,10,86.24,97.5,18.85,21.49,16.69,99.0,3.52,227.5,11.63
2014,7,11,30.51,97.72,19.18,21.39,17.37,99.0,3.49,280.5,9.89
2014,7,12,19.94,98.23,18.99,21.66,16.81,98.45,3.77,227.7,11.99
2014,7,13,41.26,97.62,18.77,21.5,16.53,99.0,3.54,225.1,8.13
2014,7,14,0.0,98.58,20.89,23.66,18.62,90.28,3.44,222.9,16.86
2014,7,15,0.0,98.69,22.13,24.69,20.04,85.33,3.79,279.7,13.87
2014,7,16,10.32,98.26,20.13,22.66,18.06,91.39,3.43,182.1,13.77
2014,7,17,188.98,97.5,19.47,21.7,17.64,99.0,3.79,211.2,7.6
2014,7,18,0.0,98.58,20.32,23.18,17.98,88.36,3.03,247.7,14.85
2014,7,19,0.0,98.61,20.85,23.54,18.65,91.55,3.62,236.7,15.95
2014,7,20,73.66,97.5,18.99,21.77,16.71,99.0,3.53,232.8,8.61
2014,7,21,25.58,97.78,21.11,23.11,19.47,98.74,2.74,237.2,12.3
2014,7,22,68.17,97.5,18.0,20.79,15.71,99.0,3.11,256.0,10.08
2014,7,23,0.0,98.67,20.46,23.01,18.38,84.88,2.58,229.1,13.24
2014,7,24,94.59,97.5,19.21,21.99,16.94,99.0,3.58,226.6,10.66
2014,7,25,99.63,97.5,19.35,21.58,17.52,99.0,3.22,257.3,8.63
2014,7,26,87.22,97.5,18.24,21.32,15.72,99.0,3.38,225.0,9.9
2014,7,27,19.43,98.37,20.28,22.69,18.31,96.69,3.99,237.4,12.8
2014,7,28,25.78,98.23,20.08,23.0,17.69,99.0,3.46,142.7,13.84
2014,7,29,8.98,98.72,21.79,24.35,19.69,92.15,3.55,201.3,14.24
2014,7,30,88.91,97.5,19.29,22.43,16.72,99.0,3.23,192.2,7.17
2014,7,31,12.59,98.55,20.57,23.3,18.33,87.29,3.11,189.3,13.82
2014,8,1,91.29,97.59,18.7,21.89,16.09,99.0,2.81,198.0,10.1
2014,8,2,107.34,97.53,19.65,22.32,17.47,99.0,3.61,195.2,10.51
2014,8,3,73.6,97.63,19.07,21.47,17.11,99.0,3.89,228.5,9.33
2014,8,4,25.97,98.19,19.85,22.65,17.56,99.0,3.72,180.4,10.83
2014,8,5,32.32,97.89,19.33,22.04,17.12,99.0,2.79,225.9,10.27
2014,8,6,42.96,97.5,19.42,22.02,17.3,99.0,3.69,218.5,10.94
2014,8,7,22.27,98.04,20.98,24.1,18.42,96.18,3.12,165.1,15.06
2014,8,8,10.33,98.47,20.65,23.08,18.66,87.29,3.71,151.8,14.18
2014,8,9,0.0,98.77,21.48,24.83,18.74,79.63,3.27,181.5,15.09
2014,8,10,0.0,98.7,21.11,23.91,18.82,84.14,3.21,219.7,15.56
2014,8,11,42.63,97.85,19.95,22.44,17.91,99.0,3.18,193.4,12.6
2014,8,12,24.62,98.28,20.66,23.66,18.21,91.1,2.37,233.1,12.7
2014,8,13,0.0,98.88,21.08,24.04,18.66,78.95,2.5,139.9,16.4
2014,8,14,51.65,97.73,20.25,23.14,17.88,98.47,2.71,141.5,12.11
2014,8,15,0.0,98.8,20.7,23.49,18.42,75.15,2.78,142.8,16.4
2014,8,16,0.0,99.1,22.56,25.9,19.82,79.16,2.92,191.6,16.92
2014,8,17,52.39,97.5,20.04,23.19,17.46,97.04,2.67,188.1,13.23
2014,8,18,10.44,98.6,21.86,24.75,19.49,79.52,2.61,180.4,14.69
2014,8,19,0.0,98.98,20.76,23.92,18.17,75.92,3.24,171.7,15.2
2014,8,20,0.0,98.59,21.93,24.79,19.59,77.84,3.25,202.5,14.15
2014,8,21,37.61,97.92,21.58,24.95,18.82,89.19,2.93,157.4,12.9
2014,8,22,81.5,97.58,19.97,23.67,16.94,93.84,2.39,187.5,10.9
2014,8,23,43.73,97.8,20.46,23.91,17.64,89.1,2.79,216.5,13.02
2014,8,24,11.05,98.37,20.93,23.92,18.49,69.45,3.08,131.7,14.8
2014,8,25,0.0,98.83,21.22,24.15,18.82,72.47,2.46,134.5,14.86
2014,8,26,0.0,98.75,22.45,25.69,19.8,68.14,3.03,91.2,16.07
2014,8,27,21.17,98.57,21.02,23.82,18.73,85.11,3.22,161.4,12.14
2014,8,28,40.76,98.02,20.38,23.89,17.51,89.47,2.82,130.4,12.47
2014,8,29,0.0,98.74,22.5,25.97,19.66,71.98,2.65,134.6,15.52
2014,8,30,31.62,97.95,21.73,24.99,19.06,88.04,2.51,190.7,14.99
2014,8,31,19.62,98.42,22.15,25.4,19.49,77.53,2.59,149.2,16.21
2014,9,1,0.0,99.06,22.7,26.02,19.98,67.47,2.47,105.6,16.43
2014,9,2,0.0,98.94,23.3,27.1,20.19,68.9,1.81,116.1,14.18
2014,9,3,0.0,99.14,23.47,26.75,20.78,69.44,2.75,104.2,15.18
2014,9,4,0.0,99.14,22.71,25.8,20.19,71.32,2.25,132.8,16.52
2014,9,5,12.24,98.88,23.53,26.75,20.9,74.39,3.11,124.9,14.4
2014,9,6,0.0,98.85,22.15,25.88,19.1,66.5,3.2,154.2,16.23
2014,9,7,0.0,99.06,21.9,25.11,19.27,66.27,2.03,125.0,18.6
2014,9,8,0.0,99.31,24.0,27.82,20.87,65.08,2.17,106.2,16.07
2014,9,9,0.0,99.01,22.6,26.06,19.77,64.09,1.9,119.0,16.7
2014,9,10,0.0,98.99,21.27,24.31,18.79,62.4,1.68,79.4,17.01
2014,9,11,0.0,99.06,22.97,26.72,19.9,65.72,1.99,95.0,15.52
2014,9,12,0.0,99.06,24.12,27.61,21.27,61.92,2.0,107.8,15.9
2014,9,13,25.05,98.56,22.1,25.78,19.09,78.19,1.47,146.8,14.11
2014,9,14,0.0,99.06,22.13,25.55,19.33,63.51,1.52,126.0,16.84
2014,9,15,0.0,98.81,23.22,27.17,19.99,65.09,0.79,106.9,17.75
2014,9,16,0.0,99.4,23.35,27.09,20.29,63.65,1.45,112.4,15.36
2014,9,17,0.0,99.28,23.3,27.53,19.84,60.53,2.2,129.4,16.69
2014,9,18,0.0,99.22,23.09,26.93,19.95,59.33,2.41,93.6,13.09
2014,9,19,0.0,99.18,23.17,26.76,20.23,65.1,1.09,120.3,16.56
2014,9,20,0.0,99.15,24.21,27.64,21.4,60.78,1.31,81.6,17.03
2014,9,21,0.0,99.07,23.34,26.63,20.65,65.66,2.27,100.7,16.78
2014,9,22,0.0,98.88,23.91,27.56,20.92,54.21,1.47,121.2,18.94
2014,9,23,0.0,99.52,23.96,27.63,20.96,61.88,1.61,118.1,15.74
2014,9,24,0.0,99.23,23.47,27.61,20.08,63.61,1.51,39.8,16.07
2014,9,25,0.0,98.94,23.42,27.02,20.48,61.32,2.11,94.9,16.18
2014,9,26,0.0,99.05,24.04,28.03,20.77,61.54,2.39,108.1,17.01
2014,9,27,10.97,99.02,22.45,26.14,19.43,68.48,1.77,74.1,17.48
2014,9,28,7.58,99.11,25.18,29.42,21.71,67.25,1.57,113.7,16.9
2014,9,29,0.0,99.12,23.73,27.03,21.03,62.39,1.65,57.5,15.62
2014,9,30,0.0,99.06,23.9,28.0,20.55,64.09,2.07,61.5,14.26
2014,10,1,0.0,99.15,24.74,28.33,21.8,59.3,1.93,7.2,17.2
2014,10,2,0.0,98.91,24.15,28.13,20.9,65.29,1.63,75.4,16.26
2014,10,3,0.0,99.18,24.01,28.17,20.6,57.73,1.71,25.5,16.83
2014,10,4,25.86,98.53,22.38,26.01,19.41,77.55,1.45,119.2,11.92
2014,10,5,0.0,99.54,24.46,27.89,21.66,61.79,1.48,140.5,14.92
2014,10,6,0.0,99.19,24.05,27.45,21.27,67.02,1.2,60.2,14.55
2014,10,7,0.0,99.31,25.92,29.41,23.07,61.65,2.17,81.3,16.48
2014,10,8,0.0,99.56,24.36,27.41,21.87,62.82,0.88,90.0,13.0
2014,10,9,0.0,99.08,22.96,26.61,19.97,56.37,1.86,63.7,13.74
2014,10,10,7.94,98.96,24.93,28.82,21.75,67.86,1.75,99.5,14.9
2014,10,11,0.0,99.17,23.92,27.69,20.84,62.01,1.73,84.0,12.86
2014,10,12,0.0,98.97,24.73,28.32,21.79,63.42,1.54,51.4,15.43
2014,10,13,0.0,99.22,25.67,29.12,22.85,58.82,1.67,101.5,14.32
2014,10,14,0.0,99.48,24.51,28.04,21.62,60.24,2.46,105.5,11.69
2014,10,15,0.0,99.42,24.62,28.37,21.55,62.29,1.83,34.2,16.08
2014,10,16,0.0,99.48,25.45,29.35,22.26,61.74,1.87,92.1,12.3
2014,10,17,0.0,99.16,25.83,29.08,23.17,62.86,1.9,81.4,15.25
2014,10,18,0.0,99.07,24.77,28.47,21.74,62.71,1.57,101.9,15.66
2014,10,19,0.0,99.68,26.32,30.04,23.28,61.02,1.63,132.2,14.73
2014,10,20,0.0,99.31,23.73,27.11,20.96,61.89,2.06,128.4,15.43
2014,10,21,0.0,98.98,24.35,28.13,21.25,60.62,1.55,125.3,12.34
2014,10,22,0.0,99.73,24.68,28.56,21.5,70.57,1.84,101.4,13.14
2014,10,23,0.0,99.26,25.8,29.26,22.97,63.94,2.33,90.6,15.44
2014,10,24,0.0,98.74,25.26,28.64,22.5,68.03,1.64,41.2,15.65
2014,10,25,0.0,99.54,24.66,28.86,21.22,60.32,1.86,121.8,16.34
2014,10,26,0.0,98.86,24.39,28.22,21.26,63.09,1.8,126.7,13.02
2014,10,27,60.29,97.83,22.17,25.82,19.18,84.18,2.1,53.6,8.63
2014,10,28,7.13,99.25,25.34,28.75,22.55,68.54,1.97,113.6,13.94
2014,10,29,0.0,99.4,25.03,28.41,22.26,64.14,1.66,129.8,13.05
2014,10,30,0.0,99.56,26.06,29.81,22.99,60.44,1.72,76.8,10.81
2014,10,31,0.0,99.46,24.39,27.75,21.64,64.98,1.68,123.8,14.2
2014,11,1,0.0,99.62,25.74,29.09,23.0,64.41,1.65,69.2,13.06
2014,11,2,0.0,99.27,25.46,29.01,22.55,64.48,1.26,88.6,13.68
2014,11,3,19.86,98.72,24.32,28.09,21.24,77.79,2.0,68.6,12.35
2014,11,4,0.0,99.23,25.21,29.29,21.87,66.25,1.67,124.0,13.94
2014,11,5,0.0,99.54,25.71,29.37,22.71,68.08,2.1,123.5,13.57
2014,11,6,0.0,99.18,25.67,29.04,22.91,64.4,1.94,85.5,13.32
2014,11,7,0.0,99.46,25.13,28.66,22.24,65.91,1.76,65.0,13.76
2014,11,8,0.0,99.15,26.17,30.14,22.92,62.7,1.72,173.2,11.72
2014,11,9,0.0,99.16,26.71,30.66,23.48,63.63,1.39,100.7,12.55
2014,11,10,13.51,99.19,25.21,29.18,21.96,71.99,1.93,96.2,10.84
2014,11,11,0.0,99.4,26.39,30.3,23.19,61.38,1.83,74.6,12.72
2014,11,12,0.0,98.94,25.93,30.1,22.52,62.74,1.61,68.5,12.63
2014,11,13,0.0,99.18,27.79,31.5,24.76,58.77,1.08,109.7,10.8
2014,11,14,16.89,98.46,25.5,29.37,22.34,74.88,1.74,103.4,10.6
2014,11,15,0.0,99.28,26.72,30.17,23.9,65.44,1.75,77.8,14.2
2014,11,16,13.25,98.97,26.58,30.33,23.51,65.54,2.2,114.3,11.35
2014,11,17,0.0,99.28,25.91,29.68,22.83,64.63,1.78,83.6,13.13
2014,11,18,0.0,99.58,26.92,30.84,23.71,63.83,2.2,106.0,15.53
2014,11,19,0.0,99.45,27.09,30.64,24.19,61.73,1.49,97.7,13.49
2014,11,20,0.0,99.83,26.85,30.15,24.15,61.45,1.61,80.8,14.98
2014,11,21,5.57,99.35,26.93,30.52,24.0,64.92,1.3,104.5,12.93
2014,11,22,0.0,99.5,26.23,30.28,22.91,56.27,1.57,112.8,12.64
2014,11,23,0.0,99.45,28.25,31.97,25.21,66.09,1.96,108.8,12.73
2014,11,24,0.0,99.36,25.14,29.06,21.93,53.26,1.95,37.9,13.7
2014,11,25,21.89,98.75,25.42,29.06,22.44,66.97,1.69,107.7,11.53
2014,11,26,0.0,99.38,26.01,30.11,22.65,61.69,1.07,89.4,14.79
2014,11,27,9.04,99.17,27.86,31.66,24.75,65.95,1.02,91.0,15.46
2014,11,28,0.0,99.42,26.98,30.79,23.86,62.87,1.44,13.1,14.58
2014,11,29,0.0,99.56,26.48,30.7,23.02,58.08,1.26,29.6,13.65
2014,11,30,0.0,99.51,26.78,31.09,23.26,54.91,1.75,62.1,14.15
2014,12,1,0.0,99.37,26.2,30.46,22.72,57.38,1.65,16.9,14.19
2014,12,2,0.0,99.33,27.77,31.58,24.65,59.29,1.58,114.0,13.87
2014,12,3,0.0,99.51,27.9,31.65,24.83,54.68,1.22,40.4,13.11
2014,12,4,0.0,99.31,27.66,31.33,24.65,53.36,1.47,29.9,13.05
2014,12,5,0.0,99.41,27.0,30.53,24.11,56.17,1.52,50.2,14.12
2014,12,6,0.0,99.4,28.63,32.32,25.61,53.8,1.25,54.0,12.62
2014,12,7,0.0,99.94,28.17,31.9,25.12,55.09,1.27,66.1,13.69
2014,12,8,0.0,99.28,26.45,30.08,23.48,53.6,1.46,354.1,15.8
2014,12,9,0.0,99.37,27.59,31.16,24.67,56.73,0.91,19.3,12.39
2014,12,10,0.0,99.42,26.97,30.6,24.0,53.62,1.09,39.1,13.36
2014,12,11,0.0,99.44,28.86,32.85,25.6,53.22,1.05,69.8,13.52
2014,12,12,0.0,99.71,27.57,31.7,24.19,56.45,1.66,46.1,15.25
2014,12,13,0.0,99.48,26.97,31.09,23.6,51.17,1.07,56.8,14.54
2014,12,14,0.0,99.3,27.88,31.77,24.7,51.57,1.27,82.3,15.07
2014,12,15,0.0,99.8,29.14,33.08,25.92,54.88,1.49,48.0,15.45
2014,12,16,0.0,99.59,28.68,32.82,25.29,51.33,0.95,62.7,17.09
2014,12,17,0.0,99.62,27.75,31.85,24.39,57.27,1.56,46.1,11.89
2014,12,18,0.0,99.67,28.04,32.25,24.59,50.54,1.58,84.9,17.81
2014,12,19,0.0,99.33,28.89,32.69,25.78,53.02,0.4,66.1,15.67
2014,12,20,0.0,99.56,29.21,33.76,25.49,50.8,1.33,329.0,17.09
2014,12,21,0.0,99.71,27.19,31.44,23.71,57.22,1.58,56.8,13.83
2014,12,22,0.0,99.45,28.42,32.7,24.92,50.06,1.03,99.7,14.51
2014,12,23,0.0,99.62,28.1,31.89,25.0,58.29,1.38,79.1,13.12
2014,12,24,0.0,99.67,28.05,31.84,24.95,53.06,0.66,30.9,12.47
2014,12,25,0.0,99.31,29.36,33.26,26.17,52.23,0.56,65.8,14.4
2014,12,26,0.0,99.39,27.51,31.81,23.99,46.83,0.99,18.8,13.94
2014,12,27,0.15,99.16,29.04,32.82,25.95,57.35,0.78,37.7,14.13
2014,12,28,0.0,99.62,26.92,31.14,23.46,53.96,1.28,22.9,13.48
2014,12,29,0.0,99.92,28.04,32.54,24.35,49.07,1.27,46.3,14.99
2014,12,30,0.0,99.46,28.6,32.51,25.4,50.97,1.81,100.4,14.8
2014,12,31,0.0,99.55,27.68,31.53,24.53,47.75,1.44,355.3,14.74
2015,1,1,0.0,99.77,30.2,34.12,26.99,49.82,0.88,60.2,13.64
2015,1,2,0.0,99.64,28.18,32.26,24.84,51.68,1.13,20.1,13.58
2015,1,3,0.0,99.42,28.14,32.53,24.55,56.58,1.19,15.4,14.77
2015,1,4,0.0,99.87,28.24,32.64,24.64,58.98,1.31,52.2,13.4
2015,1,5,0.0,99.63,29.15,33.49,25.6,53.49,0.31,40.8,15.09
2015,1,6,0.0,99.55,29.4,32.99,26.46,47.64,0.94,49.6,13.36
2015,1,7,0.0,99.57,28.48,32.55,25.15,58.52,1.5,38.6,16.1
2015,1,8,0.0,99.7,29.02,32.9,25.84,47.04,1.26,35.7,14.0
2015,1,9,0.0,99.49,29.1,33.34,25.63,54.41,1.12,42.7,16.63
2015,1,10,0.0,99.88,27.83,32.2,24.25,52.19,0.91,37.4,15.53
2015,1,11,0.0,99.82,28.77,32.76,25.51,55.46,1.06,33.4,13.87
2015,1,12,0.0,99.6,28.43,33.08,24.62,49.89,1.12,41.7,15.31
2015,1,13,0.0,99.61,27.79,31.67,24.62,54.9,0.76,26.0,16.4
2015,1,14,0.0,99.45,29.04,33.31,25.55,56.07,1.21,81.4,14.1
2015,1,15,0.0,99.48,29.62,34.33,25.76,53.15,1.13,354.9,14.37
2015,1,16,0.0,99.4,28.95,33.33,25.37,52.04,0.95,0.0,15.39
2015,1,17,0.0,99.56,27.13,31.42,23.62,54.86,0.95,84.4,16.33
2015,1,18,0.0,99.61,28.62,32.7,25.28,55.76,0.63,60.0,14.92
2015,1,19,0.0,99.31,28.32,32.61,24.81,50.7,1.53,5.0,15.55
2015,1,20,0.0,99.72,30.2,34.17,26.95,50.23,1.3,60.1,16.77
2015,1,21,0.0,99.44,28.73,33.16,25.1,50.2,1.22,19.6,14.42
2015,1,22,0.0,99.67,27.84,31.77,24.63,45.72,1.31,51.7,13.95
2015,1,23,0.0,99.74,28.95,33.01,25.63,54.62,0.2,39.3,16.66
2015,1,24,0.0,99.83,29.43,33.32,26.24,51.99,1.75,53.5,16.07
2015,1,25,0.0,99.8,29.06,33.09,25.76,51.22,0.2,44.5,13.58
2015,1,26,0.0,99.9,28.43,32.43,25.16,50.77,1.45,16.4,17.31
2015,1,27,0.0,99.75,28.67,32.24,25.75,53.24,1.14,25.8,16.28
2015,1,28,0.0,99.63,29.53,33.66,26.15,50.16,0.7,42.5,16.06
2015,1,29,0.0,99.51,29.07,33.06,25.8,54.53,1.15,0.6,15.39
2015,1,30,0.0,99.58,30.42,34.18,27.34,50.96,1.29,23.1,14.95
2015,1,31,0.0,99.89,29.07,33.01,25.85,48.81,0.92,34.0,16.0
2015,2,1,0.0,99.56,27.93,32.15,24.47,53.72,1.57,40.7,17.0
2015,2,2,0.0,99.59,28.85,32.49,25.88,49.59,0.54,22.6,14.69
2015,2,3,0.0,99.86,28.6,32.68,25.26,51.83,0.71,61.2,15.75
2015,2,4,0.0,99.55,27.9,32.34,24.27,54.65,0.63,357.1,16.9
2015,2,5,0.0,99.45,29.07,33.07,25.79,52.17,0.57,40.7,17.23
2015,2,6,0.0,99.8,28.68,33.21,24.98,52.34,1.17,56.9,15.18
2015,2,7,0.0,99.44,29.08,33.5,25.46,50.82,1.72,125.2,16.17
2015,2,8,0.0,99.66,30.24,34.46,26.78,52.52,1.43,2.9,15.51
2015,2,9,0.0,99.63,28.86,32.98,25.49,50.3,1.0,344.7,16.31
2015,2,10,0.0,99.65,29.66,33.78,26.29,53.53,1.64,67.7,16.45
2015,2,11,0.0,99.15,28.8,33.06,25.32,51.12,1.5,52.6,16.47
2015,2,12,0.0,99.73,29.22,33.89,25.4,51.54,0.86,50.2,17.74
2015,2,13,0.0,99.58,29.0,33.26,25.52,49.25,1.0,345.2,16.5
2015,2,14,0.0,99.7,29.09,33.62,25.38,53.53,1.22,33.8,14.53
2015,2,15,0.0,99.67,28.8,32.6,25.69,50.56,0.82,47.5,15.6
2015,2,16,0.0,99.64,29.89,33.86,26.64,49.03,0.74,2.2,19.92
2015,2,17,0.0,99.51,29.3,33.42,25.93,50.65,1.4,359.5,15.71
2015,2,18,0.0,99.51,28.93,33.42,25.26,54.39,1.49,22.0,17.33
2015,2,19,0.0,99.57,29.46,33.09,26.49,53.74,0.73,17.0,18.43
2015,2,20,0.0,99.61,28.9,33.85,24.85,45.86,1.26,58.6,18.99
2015,2,21,0.0,99.5,29.57,33.69,26.2,50.19,1.25,26.4,17.1
2015,2,22,0.0,99.74,27.95,32.39,24.32,56.18,0.7,12.2,18.04
2015,2,23,0.0,99.51,30.25,34.36,26.88,55.68,1.24,100.3,16.97
2015,2,24,0.0,99.39,28.85,32.74,25.67,48.67,1.32,57.3,16.22
2015,2,25,0.0,99.68,27.91,32.5,24.16,54.71,1.34,52.7,17.14
2015,2,26,0.0,99.91,29.21,33.27,25.89,48.18,1.01,13.9,16.46
2015,2,27,0.0,99.36,29.57,33.49,26.37,49.88,1.23,11.1,19.02
2015,2,28,0.0,99.54,27.92,32.14,24.47,49.24,1.19,32.3,19.54
2015,3,1,0.0,99.75,28.29,32.57,24.79,54.32,1.15,78.1,17.7
2015,3,2,0.0,99.66,29.3,33.5,25.86,52.37,1.46,9.4,16.47
2015,3,3,0.0,99.67,28.96,33.19,25.5,53.72,0.76,347.6,16.36
2015,3,4,0.0,99.56,28.23,32.44,24.78,46.83,0.8,355.6,19.18
2015,3,5,0.0,99.07,28.34,32.79,24.7,54.82,0.72,349.6,16.8
2015,3,6,0.0,99.6,27.61,31.73,24.24,56.95,1.51,21.9,15.86
2015,3,7,0.0,99.62,27.76,31.69,24.55,53.07,1.13,75.9,19.03
2015,3,8,0.0,99.75,27.25,31.55,23.73,57.99,0.9,347.7,18.55
2015,3,9,0.0,99.41,28.15,31.58,25.35,54.9,1.62,39.9,16.67
2015,3,10,0.0,99.84,28.83,33.1,25.34,57.56,1.05,23.6,17.97
2015,3,11,0.0,99.48,28.14,32.66,24.45,51.89,0.31,37.5,19.19
2015,3,12,0.0,99.45,29.07,33.38,25.54,53.47,0.9,25.5,18.98
2015,3,13,0.0,99.4,27.81,31.47,24.82,50.71,1.18,341.6,17.91
2015,3,14,0.0,99.72,27.18,31.67,23.5,48.59,1.29,29.5,17.34
2015,3,15,0.0,99.33,29.0,32.94,25.78,50.42,0.89,69.9,17.57
2015,3,16,0.0,99.64,28.41,32.56,25.02,53.55,0.99,48.9,18.81
2015,3,17,0.0,99.38,28.97,33.41,25.33,49.27,0.97,36.3,19.55
2015,3,18,0.0,99.51,27.84,31.76,24.64,53.17,1.4,64.8,19.17
2015,3,19,0.0,99.24,29.15,33.27,25.78,46.82,1.67,38.8,17.3
2015,3,20,0.0,99.65,27.24,30.96,24.2,52.05,0.89,24.4,19.45
2015,3,21,0.0,99.48,27.75,31.78,24.46,53.77,1.71,22.5,16.99
2015,3,22,0.0,99.61,28.2,31.95,25.13,51.14,1.25,38.6,20.72
2015,3,23,0.0,99.47,27.54,31.74,24.1,52.31,1.12,85.8,20.95
2015,3,24,0.0,99.59,27.99,31.66,24.99,53.21,1.08,17.1,18.8
2015,3,25,0.0,99.49,28.66,32.7,25.36,52.26,0.83,18.1,18.23
2015,3,26,0.0,99.62,28.0,31.9,24.81,54.24,0.88,73.2,19.69
2015,3,27,0.0,99.58,27.57,31.43,24.41,48.8,0.83,53.1,18.47
2015,3,28,0.56,99.51,28.48,32.83,24.92,50.62,0.8,90.1,17.9
2015,3,29,0.0,99.32,27.96,31.71,24.89,50.87,1.37,90.2,17.18
2015,3,30,0.0,99.4,27.54,31.43,24.36,53.26,2.02,73.2,20.89
2015,3,31,0.0,99.33,27.44,31.53,24.1,59.03,0.95,72.6,20.36
2015,4,1,0.0,99.72,27.19,31.4,23.75,55.72,1.14,53.3,18.69
2015,4,2,0.0,99.6,27.99,31.52,25.1,49.42,1.63,0.9,19.99
2015,4,3,0.0,99.46,27.96,31.93,24.71,54.96,0.88,28.1,18.94
2015,4,4,0.0,99.35,28.18,32.4,24.73,52.98,0.74,31.7,19.19
2015,4,5,0.0,99.3,27.54,32.0,23.89,53.41,0.55,84.0,19.0
2015,4,6,0.0,99.46,26.8,30.8,23.52,52.81,1.32,104.3,20.55
2015,4,7,0.0,99.77,27.36,30.96,24.41,54.24,1.07,56.2,19.13
2015,4,8,0.0,99.43,26.68,30.65,23.43,50.21,0.82,63.7,18.71
2015,4,9,0.0,99.64,27.12,30.96,23.98,55.07,1.08,41.1,18.52
2015,4,10,0.0,99.47,27.94,31.99,24.62,56.51,1.68,51.9,18.08
2015,4,11,0.0,99.51,27.72,32.17,24.08,53.6,1.2,48.2,20.02
2015,4,12,1.76,99.28,27.39,31.01,24.43,55.57,1.7,110.3,17.87
2015,4,13,0.0,99.36,26.75,30.98,23.29,52.98,1.56,106.8,21.22
2015,4,14,0.0,99.24,27.33,31.49,23.92,55.45,1.47,26.8,20.17
2015,4,15,0.0,99.44,26.19,30.27,22.85,57.12,1.42,69.0,16.38
2015,4,16,0.0,99.33,25.55,29.51,22.31,56.62,1.7,59.6,19.09
2015,4,17,2.8,99.36,26.58,31.03,22.94,60.83,1.58,324.8,18.25
2015,4,18,0.0,99.18,26.17,30.38,22.72,60.45,1.56,107.2,17.03
2015,4,19,0.0,99.44,27.61,31.29,24.6,56.46,0.78,141.5,20.75
2015,4,20,0.0,99.38,27.44,31.28,24.3,57.81,1.42,102.0,20.37
2015,4,21,0.0,99.36,25.74,29.25,22.87,55.74,0.98,65.7,20.93
2015,4,22,0.0,99.4,26.63,30.81,23.21,57.86,1.18,114.1,19.91
2015,4,23,0.0,99.28,24.69,28.48,21.59,59.76,2.0,93.4,21.01
2015,4,24,4.03,99.89,26.07,29.3,23.43,64.35,1.59,138.0,19.86
2015,4,25,0.0,99.38,26.14,29.2,23.64,60.18,2.31,94.5,20.81
2015,4,26,0.0,99.31,25.14,28.7,22.22,61.77,1.98,87.0,20.38
2015,4,27,0.0,99.41,25.87,29.33,23.04,57.62,1.48,88.1,20.5
2015,4,28,0.0,99.17,25.03,28.58,22.12,62.53,1.62,84.1,20.24
2015,4,29,0.0,99.16,26.19,29.78,23.25,59.9,2.05,110.1,18.78
2015,4,30,0.0,99.39,25.64,29.62,22.38,67.24,2.05,139.1,17.19
2015,5,1,0.0,99.4,26.47,30.47,23.2,68.44,2.25,69.5,19.99
2015,5,2,8.51,99.23,23.93,28.12,20.5,72.89,1.09,126.2,17.93
2015,5,3,0.0,98.96,24.65,28.68,21.36,61.85,1.36,191.2,17.7
2015,5,4,26.46,98.52,23.77,27.47,20.74,81.37,1.76,81.0,16.55
2015,5,5,0.0,99.25,25.43,28.55,22.88,58.57,2.29,137.6,18.72
2015,5,6,0.31,99.3,25.17,28.87,22.14,69.28,2.37,111.6,19.53
2015,5,7,0.0,99.26,25.2,28.22,22.73,66.59,1.03,77.5,19.85
2015,5,8,0.0,99.0,24.36,27.88,21.48,62.16,1.82,72.3,19.16
2015,5,9,0.0,99.23,23.4,26.39,20.95,69.53,2.41,143.7,18.21
2015,5,10,0.0,99.19,24.11,28.02,20.91,67.46,1.85,91.2,16.01
2015,5,11,0.0,99.17,25.54,28.99,22.72,68.04,2.38,153.7,17.87
2015,5,12,15.39,98.52,23.42,26.68,20.75,79.54,2.5,135.7,17.01
2015,5,13,0.0,98.92,24.5,27.67,21.91,72.98,2.18,189.3,20.44
2015,5,14,0.0,99.41,24.33,27.59,21.67,71.51,2.43,113.6,16.55
2015,5,15,29.21,98.52,23.16,26.2,20.67,80.97,2.4,113.7,12.97
2015,5,16,26.11,98.39,22.14,25.26,19.59,87.01,2.68,177.8,16.32
2015,5,17,0.0,99.04,24.6,27.24,22.44,69.56,2.44,140.1,17.95
2015,5,18,0.0,99.43,23.88,26.79,21.5,74.36,1.87,176.3,16.8
2015,5,19,45.9,97.88,23.64,26.46,21.34,96.46,2.82,190.3,14.48
2015,5,20,0.0,98.99,23.52,26.78,20.86,73.18,2.63,199.9,16.16
2015,5,21,5.28,98.72,24.17,27.27,21.64,77.1,2.89,123.8,19.92
2015,5,22,28.09,98.24,22.22,25.52,19.52,85.38,2.4,153.2,16.12
2015,5,23,0.0,98.68,24.88,27.81,22.49,79.95,2.65,116.0,18.5
2015,5,24,0.0,99.06,23.97,27.02,21.47,76.81,2.6,203.4,17.61
2015,5,25,0.0,99.18,22.48,24.92,20.48,77.07,3.17,165.8,17.66
2015,5,26,8.98,98.95,23.93,27.16,21.29,82.6,3.11,105.5,15.89
2015,5,27,0.0,98.81,23.78,27.09,21.08,72.2,3.46,207.2,17.6
2015,5,28,18.33,98.06,22.1,25.22,19.55,90.5,2.87,202.0,15.78
2015,5,29,4.47,98.87,21.78,24.46,19.59,79.41,2.47,151.1,18.15
2015,5,30,31.75,98.36,22.59,25.64,20.09,96.27,2.58,175.7,13.96
2015,5,31,40.43,97.6,22.54,25.47,20.14,99.0,3.35,200.8,13.49
2015,6,1,47.49,97.64,21.76,24.09,19.86,97.82,3.53,215.5,11.11
2015,6,2,110.06,97.5,21.42,24.61,18.81,99.0,2.55,169.8,12.87
2015,6,3,46.78,97.56,21.27,23.81,19.19,99.0,2.89,217.2,12.57
2015,6,4,70.24,97.5,21.42,24.39,18.99,99.0,2.68,184.2,12.13
2015,6,5,20.18,98.23,21.63,24.44,19.33,90.35,3.89,204.1,15.55
2015,6,6,39.93,97.76,19.69,22.84,17.11,99.0,3.3,203.2,13.41
2015,6,7,10.9,98.24,22.59,25.12,20.52,86.46,2.84,145.2,14.83
2015,6,8,0.0,99.03,22.71,25.33,20.57,77.79,2.84,177.8,17.76
2015,6,9,51.02,97.84,19.39,22.32,16.99,99.0,3.77,165.4,12.2
2015,6,10,84.53,97.5,18.78,21.34,16.68,99.0,3.49,178.3,11.18
2015,6,11,14.73,98.58,21.72,24.82,19.18,88.69,3.28,211.3,15.69
2015,6,12,0.0,98.55,22.09,24.58,20.05,85.44,3.12,182.3,16.71
2015,6,13,83.04,97.5,19.98,22.83,17.65,99.0,3.15,214.8,10.61
2015,6,14,27.41,98.01,21.4,24.07,19.21,99.0,2.8,176.1,14.81
2015,6,15,40.16,97.87,19.91,22.39,17.88,99.0,3.07,199.4,13.61
2015,6,16,42.74,97.5,20.75,23.76,18.29,99.0,3.19,251.5,9.23
2015,6,17,24.31,98.12,21.44,23.79,19.52,96.82,3.33,188.6,12.27
2015,6,18,92.36,97.5,18.02,20.79,15.75,99.0,3.37,234.5,9.13
2015,6,19,49.7,97.57,19.79,21.72,18.21,99.0,3.78,173.1,9.43
2015,6,20,58.48,97.5,19.92,22.61,17.72,99.0,3.16,238.8,12.04
2015,6,21,154.4,97.5,20.25,23.18,17.86,99.0,3.99,192.0,9.61
2015,6,22,22.01,97.7,21.19,23.73,19.11,97.21,3.43,198.0,14.7
2015,6,23,16.32,98.54,19.76,22.39,17.61,95.53,3.62,248.4,14.53
2015,6,24,44.59,97.77,19.88,22.91,17.4,99.0,3.9,153.3,11.74
2015,6,25,49.77,97.78,19.38,22.22,17.06,99.0,3.73,216.3,10.22
2015,6,26,24.68,98.13,21.27,23.2,19.69,99.0,3.82,248.9,12.12
2015,6,27,77.65,97.5,18.63,21.01,16.68,99.0,3.32,172.4,9.35
2015,6,28,0.0,99.15,21.43,23.87,19.43,88.56,3.5,220.2,15.93
2015,6,29,0.0,98.39,22.0,24.6,19.87,91.05,3.86,191.1,15.53
2015,6,30,13.66,98.46,21.34,23.83,19.3,91.14,3.88,206.9,10.38
2015,7,1,74.09,97.5,19.21,21.57,17.28,99.0,3.67,230.0,11.73
2015,7,2,91.98,97.5,20.11,22.44,18.2,99.0,3.88,241.4,9.74
2015,7,3,6.26,98.57,20.49,22.58,18.78,88.6,3.31,241.7,14.54
2015,7,4,40.66,97.5,20.11,22.32,18.31,99.0,3.88,262.5,12.18
2015,7,5,11.01,98.7,21.38,24.09,19.16,94.25,3.99,222.8,12.48
2015,7,6,48.5,97.69,18.27,20.46,16.48,99.0,3.65,212.7,8.69
2015,7,7,5.69,98.79,21.83,24.08,19.99,96.46,3.71,241.3,13.26
2015,7,8,49.37,97.5,18.0,20.07,16.3,99.0,2.87,260.7,11.78
2015,7,9,37.17,97.72,19.88,22.46,17.77,99.0,4.17,210.2,11.44
2015,7,10,52.88,97.5,18.76,21.5,16.52,99.0,3.78,237.7,11.3
2015,7,11,0.0,99.01,21.78,24.57,19.49,87.49,3.87,242.4,11.76
2015,7,12,68.3,97.5,19.29,21.66,17.35,99.0,3.78,230.9,9.51
2015,7,13,73.31,97.5,20.3,22.76,18.29,99.0,3.83,240.0,8.28
2015,7,14,33.95,97.83,20.47,22.95,18.44,99.0,3.8,249.3,12.82
2015,7,15,0.0,98.55,21.11,23.47,19.18,85.3,4.21,236.3,14.1
2015,7,16,26.8,97.66,20.79,23.37,18.68,98.62,4.58,228.4,10.92
2015,7,17,89.97,97.5,18.94,21.74,16.65,99.0,4.04,224.8,9.25
2015,7,18,116.44,97.5,18.25,21.02,15.98,99.0,4.1,256.2,7.6
2015,7,19,22.91,97.93,19.77,22.23,17.76,99.0,3.44,236.9,12.58
2015,7,20,66.49,97.5,18.93,21.29,17.0,99.0,3.52,257.4,8.24
2015,7,21,21.48,97.93,18.0,20.2,16.2,96.25,3.73,228.0,11.32
2015,7,22,24.62,98.23,21.01,23.06,19.33,99.0,3.78,241.8,12.38
2015,7,23,0.0,98.86,20.96,23.65,18.76,82.9,3.7,237.9,12.04
2015,7,24,114.77,97.5,19.71,22.26,17.62,99.0,3.18,204.9,9.26
2015,7,25,56.56,97.5,19.16,21.73,17.06,99.0,3.36,151.7,9.04
2015,7,26,55.26,97.55,18.0,21.25,15.34,99.0,3.36,172.3,11.34
2015,7,27,53.78,97.5,19.14,22.17,16.66,99.0,3.66,240.2,10.71
2015,7,28,0.0,98.69,21.02,23.64,18.88,82.11,3.34,230.7,13.78
2015,7,29,54.51,97.54,18.64,21.32,16.45,99.0,3.36,213.4,8.83
2015,7,30,35.04,98.06,19.47,21.8,17.56,99.0,3.32,218.5,12.13
2015,7,31,18.06,97.96,20.46,23.29,18.15,90.05,3.63,191.0,13.21
2015,8,1,40.67,97.52,18.0,20.73,15.76,99.0,3.82,187.4,12.83
2015,8,2,27.98,98.3,20.35,22.79,18.35,99.0,3.04,197.7,12.67
2015,8,3,69.61,97.5,19.67,22.44,17.4,99.0,3.6,226.1,10.29
2015,8,4,33.26,98.0,20.3,23.31,17.84,98.27,2.94,230.5,12.83
2015,8,5,25.32,97.99,20.1,23.41,17.39,93.77,3.51,208.3,14.69
2015,8,6,52.05,97.59,20.72,23.07,18.8,99.0,2.75,199.7,10.56
2015,8,7,62.02,97.54,19.74,22.21,17.72,99.0,3.72,193.0,11.14
2015,8,8,0.0,99.24,21.13,23.91,18.86,79.98,3.06,181.2,15.15
2015,8,9,15.85,98.37,19.96,22.85,17.6,87.11,3.22,134.3,12.93
2015,8,10,8.25,98.79,20.21,23.52,17.5,85.85,3.15,211.6,15.37
2015,8,11,14.93,98.81,21.22,24.43,18.6,88.52,3.59,204.2,13.25
2015,8,12,37.75,97.66,20.58,22.9,18.68,99.0,2.79,190.4,10.59
2015,8,13,78.15,97.69,19.71,22.51,17.42,99.0,2.98,197.0,10.01
2015,8,14,0.0,98.92,21.63,24.15,19.57,78.53,3.03,226.3,16.21
2015,8,15,12.3,98.59,20.99,23.59,18.86,80.92,3.31,160.0,14.39
2015,8,16,0.0,98.8,22.11,25.25,19.54,78.01,2.61,180.4,17.21
2015,8,17,46.78,97.67,19.4,22.44,16.91,96.41,2.06,134.2,12.6
2015,8,18,52.04,97.5,19.85,23.33,17.0,97.35,2.4,215.0,13.9
2015,8,19,0.0,98.76,21.98,24.64,19.8,77.45,3.07,165.8,15.66
2015,8,20,31.62,98.23,21.1,24.17,18.59,94.6,2.79,104.5,13.76
2015,8,21,48.75,97.93,19.49,22.44,17.08,88.02,2.7,147.7,13.36
2015,8,22,47.62,97.58,19.46,23.02,16.55,94.17,2.37,191.8,9.89
2015,8,23,33.53,98.0,20.82,23.72,18.45,90.27,2.68,173.1,14.72
2015,8,24,95.47,97.52,20.32,23.55,17.68,94.73,2.81,196.3,9.22
2015,8,25,47.58,97.6,20.32,23.13,18.02,91.76,2.54,144.3,13.58
2015,8,26,69.33,97.54,18.39,22.0,15.43,92.92,3.04,167.9,11.68
2015,8,27,1.91,98.91,22.5,26.24,19.44,72.05,2.84,152.5,15.88
2015,8,28,3.29,98.64,24.06,27.13,21.55,67.83,2.43,149.2,14.71
2015,8,29,9.56,98.87,22.71,25.77,20.21,75.01,2.71,109.4,13.89
2015,8,30,23.09,98.36,20.22,23.6,17.45,85.16,2.44,48.3,13.88
2015,8,31,10.09,98.98,21.88,24.98,19.34,71.35,2.5,130.1,14.92
2015,9,1,0.0,99.02,22.49,26.16,19.49,69.19,2.26,70.4,15.57
2015,9,2,53.7,97.59,20.46,23.96,17.6,90.56,2.39,143.4,11.1
2015,9,3,18.33,98.61,21.14,24.88,18.08,72.9,1.72,112.5,15.82
2015,9,4,0.0,99.31,22.17,25.29,19.62,66.45,1.95,98.4,18.49
2015,9,5,8.75,99.21,23.16,26.22,20.66,71.57,2.67,95.3,15.3
2015,9,6,19.31,98.73,22.67,26.22,19.76,80.69,2.07,119.4,14.95
2015,9,7,6.37,98.85,22.64,26.58,19.42,68.63,1.77,141.8,14.76
2015,9,8,0.0,99.12,23.69,26.93,21.04,66.79,2.77,104.5,16.24
2015,9,9,0.0,99.11,22.63,26.27,19.65,63.37,2.0,89.5,15.86
2015,9,10,0.0,99.11,22.9,26.25,20.16,65.8,2.29,87.9,17.61
2015,9,11,0.0,99.1,22.95,26.79,19.81,67.04,1.87,152.1,15.6
2015,9,12,0.0,98.98,22.17,25.49,19.45,59.59,2.39,103.5,17.2
2015,9,13,0.0,99.34,23.14,26.79,20.15,64.28,2.01,26.4,15.58
2015,9,14,0.0,99.32,24.52,28.42,21.33,65.05,1.35,90.3,18.86
2015,9,15,0.0,99.18,24.5,27.74,21.85,62.87,2.76,59.4,17.62
2015,9,16,8.61,99.19,23.22,27.01,20.12,68.36,1.73,80.7,16.03
2015,9,17,66.15,97.8,21.38,24.92,18.49,86.78,1.81,63.5,12.99
2015,9,18,11.56,98.71,24.37,28.25,21.2,64.94,1.45,148.5,16.66
2015,9,19,0.0,99.14,23.47,27.23,20.39,63.24,1.21,102.7,17.39
2015,9,20,0.0,99.47,23.33,26.88,20.42,65.25,2.3,122.4,15.33
2015,9,21,0.0,99.15,24.42,28.07,21.43,60.52,1.94,144.4,17.99
2015,9,22,0.0,99.09,22.6,25.78,20.0,59.75,1.12,98.6,17.92
2015,9,23,5.54,99.22,23.55,27.48,20.33,62.61,1.7,160.9,15.49
2015,9,24,0.0,99.18,23.85,28.08,20.39,62.02,1.97,45.7,17.24
2015,9,25,0.0,99.34,24.31,27.87,21.4,65.03,2.05,127.4,13.97
2015,9,26,0.0,99.23,23.58,27.28,20.55,66.75,1.48,92.8,14.26
2015,9,27,0.0,99.1,23.92,28.07,20.52,65.24,1.61,111.1,16.29
2015,9,28,0.0,99.12,24.15,27.38,21.51,59.8,1.54,82.2,17.48
2015,9,29,0.0,98.95,23.96,27.82,20.8,58.29,1.65,104.2,16.72
2015,9,30,0.0,99.05,24.05,28.24,20.62,56.34,1.88,97.6,16.14
2015,10,1,16.85,98.95,24.13,27.69,21.22,71.14,2.1,82.8,14.78
2015,10,2,26.31,98.82,23.62,27.2,20.69,83.31,1.88,89.5,13.82
2015,10,3,16.47,98.74,24.01,28.11,20.66,70.26,1.89,134.7,13.62
2015,10,4,0.31,99.01,23.19,26.62,20.38,61.78,1.72,65.2,16.73
2015,10,5,0.0,99.47,24.69,28.65,21.45,60.57,1.35,129.0,16.53
2015,10,6,0.0,99.48,23.84,27.67,20.71,62.3,1.75,65.2,17.87
2015,10,7,0.0,99.4,25.86,29.89,22.56,59.07,1.65,105.2,16.44
2015,10,8,0.0,99.01,24.5,28.18,21.49,61.81,1.55,85.4,18.3
2015,10,9,0.0,99.36,24.41,28.55,21.03,60.16,1.83,105.1,14.85
2015,10,10,0.0,99.37,25.64,29.24,22.69,62.44,1.24,96.6,16.74
2015,10,11,0.0,99.43,25.46,28.76,22.76,61.19,1.66,103.3,17.39
2015,10,12,38.36,98.34,22.95,26.22,20.27,83.91,1.59,107.2,10.08
2015,10,13,44.51,98.02,22.09,25.48,19.32,80.94,1.54,95.5,9.61
2015,10,14,16.02,98.8,22.85,26.72,19.68,73.5,2.09,125.9,13.72
2015,10,15,9.17,99.25,23.66,27.13,20.82,69.55,1.93,106.3,14.64
2015,10,16,16.26,98.93,24.37,28.03,21.37,70.05,2.07,141.5,15.63
2015,10,17,0.0,99.04,24.73,28.42,21.71,60.52,2.06,87.1,13.97
2015,10,18,0.0,99.58,24.21,27.65,21.39,58.71,1.54,73.5,11.98
2015,10,19,0.0,99.48,24.63,28.32,21.61,59.14,2.34,107.8,14.7
2015,10,20,0.0,99.57,26.14,30.04,22.95,61.46,1.75,55.7,14.33
2015,10,21,5.81,99.33,25.53,29.17,22.55,66.33,2.38,127.0,14.2
2015,10,22,0.0,99.1,26.24,30.12,23.07,63.41,1.81,87.4,13.01
2015,10,23,4.88,99.21,24.38,27.9,21.5,70.55,1.48,123.7,11.38
2015,10,24,0.0,99.38,25.66,29.35,22.64,61.68,1.58,108.9,16.02
2015,10,25,0.0,99.03,25.63,29.27,22.65,61.52,2.35,98.1,14.56
2015,10,26,2.63,99.0,26.1,30.0,22.91,64.52,2.2,108.9,15.61
2015,10,27,0.0,99.41,25.22,28.94,22.18,60.86,1.72,60.3,12.11
2015,10,28,11.26,99.14,24.26,27.68,21.46,73.98,2.09,89.3,12.7
2015,10,29,0.0,99.7,24.67,28.4,21.62,68.59,2.38,123.6,14.44
2015,10,30,0.0,99.23,25.34,28.67,22.62,65.84,2.63,64.1,14.63
2015,10,31,0.0,98.98,25.45,29.15,22.42,66.26,2.08,118.0,15.04
2015,11,1,47.45,98.07,23.73,27.31,20.8,85.21,2.14,125.8,7.86
2015,11,2,31.74,98.64,23.24,26.87,20.27,83.0,1.96,83.5,10.26
2015,11,3,10.06,98.97,26.04,29.62,23.11,72.67,2.02,138.6,13.13
2015,11,4,1.37,99.28,24.59,28.02,21.79,63.45,2.23,123.9,13.21
2015,11,5,0.0,99.18,26.55,29.94,23.77,67.54,1.6,139.5,10.5
2015,11,6,0.0,99.51,25.47,29.37,22.28,63.38,2.25,110.7,13.79
2015,11,7,77.51,97.94,25.04,29.16,21.67,85.08,1.85,88.4,8.58
2015,11,8,8.48,98.95,24.25,27.93,21.24,65.44,1.71,132.0,11.64
2015,11,9,0.0,99.22,26.69,30.32,23.72,63.71,1.7,98.9,13.19
2015,11,10,0.0,99.2,25.2,28.49,22.51,66.07,2.7,124.0,10.46
2015,11,11,0.0,98.99,25.21,28.36,22.63,56.43,2.45,84.2,14.98
2015,11,12,0.0,99.19,27.2,30.4,24.58,63.53,1.62,80.5,13.0
2015,11,13,0.0,99.02,26.63,30.43,23.52,64.39,2.04,73.9,12.05
2015,11,14,8.93,99.29,24.77,27.94,22.17,67.39,2.01,133.1,14.26
2015,11,15,0.0,99.53,26.37,30.22,23.22,56.39,2.56,110.6,11.0
2015,11,16,0.0,99.3,27.28,30.66,24.51,57.85,1.72,49.5,12.34
2015,11,17,34.63,98.53,25.36,29.1,22.3,80.21,1.02,80.9,11.4
2015,11,18,29.31,98.83,25.27,28.86,22.33,72.56,1.8,94.4,9.22
2015,11,19,15.34,99.13,26.68,30.11,23.88,76.79,1.73,129.0,10.91
2015,11,20,16.19,99.34,26.16,29.51,23.42,73.09,1.98,77.2,11.71
2015,11,21,0.0,99.44,25.46,28.73,22.78,57.35,2.12,113.2,13.83
2015,11,22,0.0,99.66,26.75,30.21,23.92,62.39,2.21,129.5,13.15
2015,11,23,0.43,99.41,27.07,31.46,23.48,61.76,2.17,45.6,13.49
2015,11,24,0.0,99.39,26.97,31.12,23.58,58.32,1.98,80.5,13.34
2015,11,25,0.0,99.54,26.6,30.45,23.45,61.78,2.11,59.0,13.2
2015,11,26,0.0,99.52,27.27,30.99,24.23,52.87,1.17,116.3,13.15
2015,11,27,0.0,99.32,27.14,30.81,24.14,57.45,1.57,89.9,13.19
2015,11,28,16.08,98.89,25.04,28.92,21.87,65.48,1.65,60.0,11.67
2015,11,29,0.0,99.46,26.21,29.91,23.18,62.82,1.8,43.3,11.05
2015,11,30,0.0,99.11,27.42,31.13,24.38,54.8,1.36,51.5,15.7
2015,12,1,0.0,99.41,27.79,31.81,24.5,59.11,1.33,41.0,12.06
2015,12,2,1.18,99.26,26.73,30.35,23.77,55.63,1.43,50.3,12.76
2015,12,3,8.2,99.17,27.57,30.8,24.93,64.11,1.71,47.0,14.3
2015,12,4,31.96,98.54,26.52,30.28,23.44,72.72,0.25,78.1,13.04
2015,12,5,0.0,99.63,27.37,31.71,23.82,52.68,1.5,39.4,15.01
2015,12,6,0.0,99.57,27.86,31.36,24.99,55.74,1.22,74.4,14.46
2015,12,7,0.0,99.51,27.9,31.52,24.94,57.94,1.15,39.9,14.17
2015,12,8,0.0,99.44,28.29,32.09,25.18,56.8,1.58,24.7,13.43
2015,12,9,0.0,99.7,28.37,31.91,25.47,50.92,1.5,49.4,14.61
2015,12,10,0.0,99.68,27.05,31.46,23.44,50.41,1.51,37.6,15.21
2015,12,11,0.0,99.5,27.32,31.35,24.02,52.87,1.48,21.9,15.16
2015,12,12,0.0,99.77,28.92,32.44,26.04,51.72,1.93,35.9,15.29
2015,12,13,0.0,99.5,28.55,32.54,25.29,51.76,1.83,96.4,13.38
2015,12,14,0.0,99.57,28.43,32.45,25.14,52.81,0.85,39.6,14.07
2015,12,15,23.22,98.86,27.65,31.62,24.4,68.36,1.18,58.4,9.75
2015,12,16,0.0,99.47,28.87,32.87,25.6,53.0,1.21,30.3,15.69
2015,12,17,0.0,99.43,28.21,32.22,24.93,50.31,0.77,70.5,14.03
2015,12,18,0.0,99.68,27.89,32.03,24.5,50.92,2.37,11.0,12.03
2015,12,19,0.0,99.62,28.59,32.76,25.18,54.6,1.36,79.3,14.49
2015,12,20,0.0,99.37,28.22,31.88,25.23,52.92,0.87,72.1,15.57
2015,12,21,0.0,99.66,29.36,33.45,26.01,51.13,1.72,42.6,14.14
2015,12,22,0.0,99.89,29.39,33.52,26.01,54.79,1.35,90.6,14.84
2015,12,23,0.0,99.45,28.98,32.9,25.78,55.18,1.01,67.3,13.68
2015,12,24,0.0,99.44,27.49,32.05,23.76,54.97,1.56,110.2,13.22
2015,12,25,0.0,99.57,27.65,31.72,24.32,52.47,1.63,65.6,14.86
2015,12,26,0.0,99.82,27.53,31.76,24.07,50.15,1.54,12.9,13.36
2015,12,27,0.0,99.5,28.62,32.59,25.37,51.97,1.48,25.2,14.47
2015,12,28,0.0,99.91,29.16,33.18,25.87,50.55,1.0,68.6,12.93
2015,12,29,0.0,99.39,28.33,32.53,24.9,45.11,0.64,0.9,14.29
2015,12,30,0.0,99.62,28.12,31.84,25.07,51.77,0.81,40.5,15.4
2015,12,31,0.07,99.28,28.67,32.98,25.14,46.41,1.08,318.2,12.92
2016,1,1,0.0,99.42,28.11,31.9,25.01,49.97,0.58,66.3,14.09
2016,1,2,0.0,99.55,28.87,33.24,25.3,50.37,1.92,36.9,13.64
2016,1,3,0.0,99.64,28.53,32.58,25.22,56.33,0.86,28.0,15.9
2016,1,4,0.0,99.82,28.26,32.95,24.42,48.68,1.17,37.8,14.66
2016,1,5,0.0,99.47,28.83,33.23,25.23,52.65,1.29,20.1,14.59
2016,1,6,0.0,99.67,29.39,33.79,25.79,51.12,1.66,9.3,14.47
2016,1,7,0.0,99.36,27.72,31.88,24.31,53.29,1.43,41.3,13.98
2016,1,8,0.0,99.78,28.92,33.32,25.32,50.15,1.31,28.4,12.82
2016,1,9,0.0,99.83,27.35,31.68,23.8,47.58,2.13,12.3,14.4
2016,1,10,0.0,99.78,28.66,32.25,25.72,52.3,1.85,93.3,15.91
2016,1,11,0.0,99.78,29.34,33.23,26.16,52.05,1.39,37.3,14.16
2016,1,12,0.0,99.58,29.58,33.45,26.41,52.53,1.35,28.1,15.53
2016,1,13,0.0,99.65,28.51,32.42,25.31,51.16,1.19,38.9,13.14
2016,1,14,5.6,99.44,28.3,32.35,24.98,54.09,1.52,37.4,16.12
2016,1,15,1.94,99.54,28.67,32.94,25.18,55.32,1.1,34.2,16.76
2016,1,16,0.0,99.47,28.15,32.6,24.51,54.0,0.96,0.2,15.64
2016,1,17,0.0,99.65,29.04,33.33,25.53,49.75,1.77,77.2,15.16
2016,1,18,0.0,99.68,28.24,32.71,24.59,51.59,0.95,17.1,13.98
2016,1,19,4.51,99.66,29.16,32.99,26.02,51.12,1.23,84.4,12.27
2016,1,20,0.0,99.67,28.46,32.45,25.2,53.6,1.1,7.2,15.75
2016,1,21,0.0,99.76,28.74,32.79,25.42,53.3,1.22,65.8,16.56
2016,1,22,0.0,99.47,29.32,33.26,26.1,55.97,1.32,69.1,15.0
2016,1,23,0.0,99.86,29.42,33.24,26.3,54.07,1.25,42.2,15.51
2016,1,24,0.0,99.56,29.4,33.63,25.94,52.51,0.91,350.2,14.13
2016,1,25,0.0,99.23,29.17,33.1,25.95,59.24,1.09,43.1,15.82
2016,1,26,0.0,99.53,28.23,32.58,24.67,52.99,1.5,76.8,16.61
2016,1,27,0.0,99.7,28.97,32.76,25.87,53.57,1.33,1.5,16.13
2016,1,28,0.0,99.61,28.88,33.24,25.31,46.95,1.4,29.4,14.45
2016,1,29,0.0,99.25,28.7,32.88,25.28,54.29,1.59,14.1,14.91
2016,1,30,0.0,99.64,29.05,33.23,25.63,58.79,1.45,55.0,16.42
2016,1,31,0.0,99.62,28.39,32.58,24.96,52.83,1.02,86.0,14.93
2016,2,1,0.0,99.42,28.97,33.07,25.61,54.22,1.37,40.0,17.83
2016,2,2,0.0,99.7,28.78,32.89,25.42,55.13,1.37,19.6,18.51
2016,2,3,0.0,99.57,28.67,32.72,25.36,57.08,0.65,93.1,15.47
2016,2,4,0.0,99.24,28.21,32.42,24.77,53.74,0.62,46.6,19.11
2016,2,5,0.0,99.72,28.18,32.46,24.68,47.61,1.42,39.3,15.93
2016,2,6,0.0,99.62,29.92,33.92,26.65,52.68,1.04,34.4,17.31
2016,2,7,0.0,99.86,29.05,33.55,25.36,54.22,1.08,9.2,16.36
2016,2,8,0.0,99.44,30.23,34.25,26.94,54.0,1.36,59.6,16.14
2016,2,9,0.0,99.55,30.26,34.19,27.04,51.62,1.26,65.6,14.52
2016,2,10,0.0,99.78,29.81,33.89,26.47,51.03,1.23,32.9,15.96
2016,2,11,0.0,99.42,28.04,31.95,24.84,51.05,1.83,59.9,18.36
2016,2,12,0.0,99.77,29.91,34.16,26.43,51.65,1.16,341.2,16.96
2016,2,13,0.0,99.78,28.83,32.91,25.49,52.44,1.36,33.0,16.43
2016,2,14,0.0,99.64,28.71,33.03,25.17,53.6,1.03,23.0,16.39
2016,2,15,0.0,99.55,28.59,32.69,25.23,53.14,1.65,45.8,17.23
2016,2,16,0.0,99.47,28.63,32.72,25.28,50.88,1.39,9.3,16.58
2016,2,17,0.0,99.45,29.14,33.15,25.86,48.77,1.93,353.1,17.19
2016,2,18,0.0,99.64,30.45,34.8,26.89,53.17,1.32,32.5,16.54
2016,2,19,0.0,99.06,27.68,31.73,24.36,51.31,1.38,38.4,16.5
2016,2,20,0.0,99.48,30.17,34.36,26.74,56.63,1.25,74.4,15.6
2016,2,21,0.0,99.45,29.85,34.26,26.24,54.69,1.86,55.7,19.03
2016,2,22,0.0,99.4,28.65,32.74,25.3,53.11,1.41,60.6,15.72
2016,2,23,0.0,99.61,28.41,32.5,25.06,50.05,1.24,347.0,17.37
2016,2,24,0.0,99.31,27.79,31.84,24.47,48.39,0.93,71.4,16.54
2016,2,25,0.0,99.79,28.08,32.25,24.67,52.2,0.43,68.3,16.5
2016,2,26,0.0,99.73,28.26,32.6,24.71,52.61,1.31,54.7,16.71
2016,2,27,0.0,99.81,28.59,32.92,25.05,47.36,1.16,326.7,16.55
2016,2,28,0.0,99.47,28.62,32.87,25.14,53.57,0.2,44.2,17.75
2016,2,29,0.0,99.6,29.15,33.6,25.51,52.4,1.12,24.7,18.4
2016,3,1,0.0,99.71,29.05,33.18,25.67,44.8,0.88,31.2,18.3
2016,3,2,0.0,99.53,28.73,33.23,25.05,49.9,1.91,20.0,15.4
2016,3,3,0.0,99.45,28.51,32.91,24.91,50.11,1.26,51.6,18.86
2016,3,4,0.0,99.57,29.31,33.24,26.1,48.93,1.75,8.3,18.53
2016,3,5,0.0,99.51,29.07,33.39,25.53,53.46,1.46,44.9,17.05
2016,3,6,0.0,99.36,28.76,32.36,25.82,57.41,1.67,78.4,18.68
2016,3,7,0.0,99.12,28.14,32.58,24.51,53.73,2.16,27.3,19.14
2016,3,8,0.0,99.38,29.16,33.24,25.82,54.23,1.6,31.0,17.6
2016,3,9,0.0,99.12,28.94,32.83,25.76,50.32,2.51,7.3,17.21
2016,3,10,0.0,99.38,28.15,31.77,25.19,53.96,1.53,65.4,20.04
2016,3,11,0.0,99.79,26.95,31.01,23.63,52.06,1.76,16.7,20.36
2016,3,12,0.0,99.2,28.32,32.75,24.69,52.61,1.18,24.4,19.25
2016,3,13,0.0,99.61,27.74,31.9,24.33,50.96,0.76,64.4,19.8
2016,3,14,0.0,99.75,28.69,32.67,25.43,48.28,0.36,55.8,18.56
2016,3,15,0.0,99.24,28.3,32.34,25.0,55.32,1.65,357.4,19.72
2016,3,16,0.0,99.85,26.94,31.39,23.3,53.25,1.13,59.4,15.91
2016,3,17,0.0,99.51,28.28,32.56,24.78,52.21,1.19,37.2,19.42
2016,3,18,0.0,99.76,29.24,33.31,25.91,58.03,1.19,41.8,19.46
2016,3,19,0.0,99.56,27.89,32.23,24.34,50.19,1.08,85.9,19.52
2016,3,20,0.0,99.43,27.95,32.25,24.44,54.84,1.96,69.4,19.3
2016,3,21,0.0,98.98,27.67,31.5,24.54,58.86,1.01,79.9,19.37
2016,3,22,0.0,99.3,27.92,31.9,24.67,54.36,1.53,19.3,18.24
2016,3,23,0.0,99.62,28.9,33.36,25.25,50.02,1.54,88.0,21.37
2016,3,24,0.0,99.77,28.52,32.77,25.04,56.09,0.79,25.0,20.97
2016,3,25,0.0,99.24,27.33,31.88,23.61,51.91,1.58,27.4,21.9
2016,3,26,0.0,99.48,27.64,31.86,24.19,51.81,0.93,45.4,18.44
2016,3,27,21.24,98.87,26.79,30.64,23.64,62.79,1.34,63.8,18.16
2016,3,28,0.0,99.55,27.89,31.93,24.58,58.3,1.24,84.3,20.23
2016,3,29,0.0,99.49,27.85,32.11,24.37,52.72,1.41,48.4,16.82
2016,3,30,0.0,99.4,27.43,31.46,24.13,51.39,1.63,99.4,19.3
2016,3,31,0.0,99.58,26.58,30.63,23.27,57.59,1.08,108.9,19.77
2016,4,1,0.0,99.34,27.32,31.9,23.57,49.78,1.2,18.8,19.84
2016,4,2,0.0,99.46,27.09,31.04,23.86,54.55,0.81,90.3,18.48
2016,4,3,0.0,99.59,26.66,30.76,23.31,52.62,1.03,56.8,20.75
2016,4,4,0.0,99.32,27.79,31.86,24.46,56.38,1.74,82.7,19.94
2016,4,5,0.0,99.38,27.2,31.45,23.73,53.66,1.32,25.1,19.02
2016,4,6,0.0,99.34,26.4,30.46,23.08,51.07,1.82,90.5,20.36
2016,4,7,0.0,99.51,28.46,32.47,25.18,55.62,1.13,41.8,18.51
2016,4,8,20.71,98.97,26.47,30.99,22.77,65.52,1.21,89.1,18.24
2016,4,9,6.3,99.17,27.25,31.18,24.03,61.45,1.94,57.9,19.0
2016,4,10,0.0,99.47,27.63,31.78,24.23,56.03,1.62,56.7,19.73
2016,4,11,0.0,98.9,26.52,30.1,23.59,62.08,0.98,61.5,18.91
2016,4,12,0.0,99.55,27.15,31.08,23.94,54.77,1.35,83.8,18.42
2016,4,13,9.88,99.31,24.96,28.85,21.78,65.31,1.91,64.2,17.46
2016,4,14,0.0,99.29,27.31,31.19,24.13,55.88,1.54,82.6,18.25
2016,4,15,0.0,99.25,26.52,29.94,23.73,56.82,2.09,67.4,19.86
2016,4,16,0.85,99.34,26.84,30.62,23.75,60.04,1.16,34.8,20.16
2016,4,17,35.97,98.3,24.95,28.57,21.99,74.93,2.13,79.6,16.94
2016,4,18,5.12,99.09,27.43,31.57,24.04,64.26,1.24,83.9,18.42
2016,4,19,0.0,99.4,27.15,30.74,24.21,60.4,1.81,34.5,18.26
2016,4,20,11.11,99.2,23.95,27.93,20.69,67.16,2.1,67.0,19.21
2016,4,21,0.0,99.39,26.53,30.51,23.27,61.83,1.82,98.0,20.14
2016,4,22,0.0,99.84,25.87,29.48,22.91,61.23,2.01,83.9,20.95
2016,4,23,0.0,99.53,26.41,29.93,23.53,61.93,2.22,94.0,18.19
2016,4,24,0.0,99.43,26.32,29.98,23.33,64.14,2.04,73.2,19.36
2016,4,25,0.0,99.42,25.32,28.93,22.37,60.92,1.77,68.4,20.05
2016,4,26,0.0,99.29,25.68,29.11,22.88,60.87,1.83,98.6,17.67
2016,4,27,0.0,99.36,24.96,28.55,22.02,63.2,1.63,7.0,19.22
2016,4,28,0.0,99.29,26.63,30.37,23.57,62.62,1.53,108.4,17.31
2016,4,29,0.0,99.44,25.74,29.04,23.04,65.46,2.52,126.2,18.67
2016,4,30,0.0,99.19,25.73,29.28,22.82,68.58,2.29,120.0,20.9
2016,5,1,0.0,99.16,25.55,28.99,22.74,61.24,2.65,103.0,21.61
2016,5,2,0.0,99.42,24.51,28.09,21.58,64.71,2.36,136.7,19.27
2016,5,3,25.34,98.48,24.6,28.65,21.29,75.94,2.04,139.1,17.17
2016,5,4,17.97,98.57,25.61,28.7,23.08,74.84,1.77,69.7,17.39
2016,5,5,10.54,98.78,23.48,26.93,20.66,71.49,2.06,103.6,19.03
2016,5,6,0.0,99.3,24.96,28.49,22.07,65.59,2.55,120.3,19.81
2016,5,7,5.69,99.49,25.12,28.41,22.43,72.93,2.06,125.5,16.39
2016,5,8,0.0,98.98,24.21,27.71,21.35,68.85,2.87,138.7,19.3
2016,5,9,0.0,99.24,25.15,28.12,22.72,66.75,2.27,141.2,17.08
2016,5,10,62.9,97.64,22.59,25.84,19.93,93.56,1.99,134.4,14.9
2016,5,11,0.0,99.31,23.97,26.55,21.86,69.28,2.37,150.9,19.72
2016,5,12,30.21,98.45,21.41,24.63,18.77,85.31,2.62,131.0,13.65
2016,5,13,57.19,97.86,22.22,25.15,19.83,89.91,3.22,177.8,14.44
2016,5,14,0.0,99.12,24.15,27.47,21.43,67.24,2.66,193.7,16.77
2016,5,15,0.0,98.91,25.04,28.64,22.09,70.61,2.42,180.6,17.79
2016,5,16,0.0,98.92,24.27,27.53,21.6,72.63,3.23,168.4,16.4
2016,5,17,8.71,98.85,23.23,26.37,20.66,80.41,3.17,161.1,17.64
2016,5,18,0.0,99.11,22.76,25.75,20.31,67.84,2.73,152.6,19.62
2016,5,19,14.58,98.58,23.81,26.85,21.33,87.33,2.19,175.5,16.11
2016,5,20,16.37,98.95,23.13,26.15,20.66,81.46,2.62,166.6,15.44
2016,5,21,15.09,98.78,22.74,25.81,20.23,82.34,3.15,192.6,16.08
2016,5,22,23.7,98.01,22.21,25.38,19.61,87.68,3.39,152.5,17.02
2016,5,23,0.0,98.95,24.33,27.14,22.03,74.33,3.0,198.7,18.53
2016,5,24,0.0,98.77,24.36,27.67,21.65,75.72,2.95,180.7,18.91
2016,5,25,0.0,99.29,22.87,25.79,20.48,76.36,2.82,188.4,17.13
2016,5,26,74.71,97.5,19.62,22.58,17.2,99.0,3.32,167.6,9.56
2016,5,27,23.7,98.41,22.06,25.35,19.37,95.38,2.68,175.4,12.75
2016,5,28,7.86,98.75,22.93,25.26,21.02,80.59,2.89,201.5,16.02
2016,5,29,12.55,98.74,22.57,24.77,20.77,90.76,3.65,220.8,14.07
2016,5,30,8.76,98.74,21.5,24.49,19.05,85.47,3.53,130.5,16.89
2016,5,31,25.8,98.62,22.92,25.79,20.57,89.34,3.75,184.6,14.16
2016,6,1,34.43,98.19,20.13,23.39,17.47,96.48,2.96,147.1,11.41
2016,6,2,0.0,98.55,22.22,24.74,20.16,77.57,2.76,181.4,17.05
2016,6,3,7.28,98.94,21.68,24.63,19.27,84.52,3.82,213.1,15.03
2016,6,4,26.1,98.25,20.82,23.52,18.61,98.97,3.56,213.2,13.92
2016,6,5,64.95,97.61,19.03,22.07,16.54,99.0,3.69,233.8,12.76
2016,6,6,14.76,98.42,21.95,24.12,20.18,86.85,3.61,202.4,16.59
2016,6,7,13.03,98.33,22.9,25.58,20.71,92.46,4.05,150.3,16.72
2016,6,8,14.77,98.24,21.67,24.61,19.26,87.41,3.64,204.4,15.79
2016,6,9,22.88,98.45,20.69,23.2,18.64,92.6,3.47,233.2,16.31
2016,6,10,0.0,98.97,23.24,25.94,21.03,85.74,3.54,231.0,15.8
2016,6,11,42.87,97.64,21.07,23.78,18.85,99.0,3.52,224.5,12.04
2016,6,12,15.2,97.95,20.95,23.73,18.68,94.03,4.05,198.0,13.88
2016,6,13,101.08,97.5,20.31,22.68,18.37,99.0,3.95,244.0,11.13
2016,6,14,42.65,97.5,21.08,23.61,19.01,99.0,4.09,212.4,12.1
2016,6,15,0.0,99.18,21.35,24.13,19.07,80.94,2.75,172.3,16.09
2016,6,16,0.0,98.52,22.01,24.85,19.69,84.45,3.44,196.1,15.79
2016,6,17,0.0,98.78,21.61,24.28,19.42,82.85,3.21,224.0,16.89
2016,6,18,71.8,97.5,18.99,21.51,16.93,99.0,4.28,183.5,10.84
2016,6,19,32.89,98.01,20.58,23.21,18.43,99.0,3.31,199.9,12.6
2016,6,20,33.63,97.98,20.69,23.51,18.38,99.0,3.84,191.1,13.05
2016,6,21,54.92,97.5,19.71,22.34,17.55,99.0,4.38,228.3,9.09
2016,6,22,172.0,97.5,19.07,21.31,17.23,99.0,3.77,200.7,9.09
2016,6,23,71.19,97.5,21.06,23.31,19.22,99.0,3.52,238.1,10.19
2016,6,24,45.56,97.5,19.38,21.94,17.29,99.0,3.75,222.5,12.01
2016,6,25,40.89,97.74,20.26,22.34,18.56,99.0,3.17,163.9,11.69
2016,6,26,40.59,97.5,20.41,23.16,18.16,99.0,3.13,222.2,11.26
2016,6,27,0.0,98.79,19.68,21.95,17.83,83.44,3.92,198.1,15.39
2016,6,28,11.42,98.42,21.51,23.71,19.71,97.79,2.79,241.1,15.53
2016,6,29,18.73,98.41,20.61,23.58,18.18,97.95,3.71,213.6,12.1
2016,6,30,10.33,98.41,20.72,23.08,18.79,89.3,3.69,253.9,14.27
2016,7,1,0.0,98.82,21.2,23.77,19.1,92.22,4.5,262.9,13.65
2016,7,2,46.07,97.66,19.82,22.47,17.65,99.0,3.96,208.6,9.78
2016,7,3,66.25,97.5,18.0,20.88,15.64,99.0,3.66,256.1,10.09
2016,7,4,146.31,97.5,19.22,21.54,17.32,99.0,4.13,205.6,10.94
2016,7,5,48.51,97.5,19.53,22.05,17.46,99.0,3.85,227.2,10.74
2016,7,6,62.43,97.5,20.66,23.1,18.66,99.0,3.36,224.4,10.66
2016,7,7,36.44,97.69,18.73,21.86,16.17,99.0,3.89,215.9,11.8
2016,7,8,59.83,97.5,19.42,21.34,17.85,99.0,3.84,240.2,11.5
2016,7,9,105.96,97.5,18.75,21.18,16.76,99.0,3.81,263.6,10.55
2016,7,10,35.51,97.68,19.99,22.46,17.97,99.0,3.95,243.0,11.41
2016,7,11,86.6,97.5,19.66,22.1,17.66,99.0,4.18,227.9,10.9
2016,7,12,0.0,98.73,20.53,22.61,18.83,86.96,3.92,192.2,14.74
2016,7,13,78.3,97.5,20.4,22.37,18.79,99.0,3.29,159.6,10.41
2016,7,14,79.13,97.5,19.95,22.01,18.27,99.0,3.19,220.7,10.82
2016,7,15,26.61,98.04,20.5,23.22,18.27,99.0,3.62,183.0,14.11
2016,7,16,103.06,97.5,18.76,21.25,16.73,99.0,3.58,196.7,11.8
2016,7,17,41.82,97.7,18.95,20.96,17.3,99.0,3.88,234.0,13.18
2016,7,18,43.86,97.65,19.56,22.46,17.19,99.0,4.24,195.7,11.88
2016,7,19,42.67,97.5,19.03,22.08,16.53,99.0,4.32,206.8,10.69
2016,7,20,39.8,97.67,19.06,21.66,16.93,99.0,3.46,231.7,11.48
2016,7,21,29.33,98.01,21.19,23.84,19.02,99.0,3.02,231.0,11.22
2016,7,22,24.29,98.11,20.44,23.0,18.34,99.0,3.7,211.8,11.94
2016,7,23,22.95,98.08,20.7,23.08,18.75,97.61,4.07,178.3,12.81
2016,7,24,0.0,98.64,22.37,24.43,20.68,84.31,3.47,208.2,15.47
2016,7,25,22.92,98.24,20.21,22.49,18.35,99.0,3.64,222.2,11.86
2016,7,26,0.0,98.83,20.64,23.22,18.53,86.15,3.53,217.6,15.24
2016,7,27,55.43,97.54,18.35,21.11,16.09,99.0,4.18,243.9,8.04
2016,7,28,77.43,97.5,20.07,22.63,17.98,99.0,4.43,198.9,9.49
2016,7,29,0.0,98.39,20.88,23.49,18.75,83.22,3.78,173.2,15.8
2016,7,30,78.25,97.69,18.0,20.66,15.82,99.0,3.77,200.8,9.78
2016,7,31,34.19,97.92,18.0,20.7,15.79,99.0,2.95,197.3,13.49
2016,8,1,54.47,97.5,18.19,20.71,16.12,99.0,3.29,208.9,10.86
2016,8,2,0.0,98.78,20.99,23.81,18.68,86.56,3.76,241.1,12.76
2016,8,3,0.0,98.72,21.12,23.54,19.14,81.04,3.55,170.7,15.42
2016,8,4,75.18,97.5,19.68,22.51,17.37,99.0,3.56,208.6,10.14
2016,8,5,30.25,98.16,19.34,21.69,17.42,94.55,2.68,208.6,13.92
2016,8,6,4.63,98.68,21.35,23.8,19.34,84.51,2.49,188.3,13.19
2016,8,7,10.48,98.55,21.62,24.23,19.49,91.69,4.01,193.9,15.44
2016,8,8,24.34,97.78,20.38,23.26,18.03,93.36,3.18,188.5,14.84
2016,8,9,0.0,98.8,21.17,24.08,18.79,82.03,2.57,188.3,17.11
2016,8,10,31.15,97.88,19.69,22.32,17.53,97.43,3.13,244.0,12.43
2016,8,11,51.11,97.5,20.38,22.88,18.33,99.0,2.59,196.7,11.92
2016,8,12,20.43,98.4,19.85,23.09,17.2,85.04,2.67,152.4,14.11
2016,8,13,9.36,98.53,22.4,25.35,19.98,83.57,2.79,179.1,16.93
2016,8,14,0.0,98.8,21.7,24.62,19.31,79.7,2.49,245.2,16.64
2016,8,15,29.55,98.18,19.86,22.94,17.34,94.47,1.71,166.9,13.23
2016,8,16,60.02,97.5,20.4,23.14,18.16,97.49,3.25,81.8,11.06
2016,8,17,28.53,98.01,21.08,24.4,18.36,90.14,2.71,146.5,11.94
2016,8,18,6.77,98.45,21.93,25.14,19.3,77.36,3.25,157.6,14.57
2016,8,19,7.32,98.81,22.16,25.16,19.71,77.08,2.87,155.9,15.17
2016,8,20,24.39,98.24,21.15,24.23,18.63,87.93,2.13,200.8,14.63
2016,8,21,48.57,97.5,20.45,23.51,17.95,95.43,2.77,168.7,9.88
2016,8,22,0.0,99.19,23.07,26.58,20.2,74.78,3.29,137.8,16.54
2016,8,23,57.76,97.59,20.32,23.61,17.63,92.13,2.68,161.6,10.26
2016,8,24,3.18,98.69,22.68,26.02,19.95,74.01,2.4,139.9,14.2
2016,8,25,0.0,98.87,20.75,23.99,18.1,71.73,2.09,137.8,15.06
2016,8,26,40.21,98.19,20.96,24.2,18.31,91.9,2.39,181.8,12.75
2016,8,27,23.41,98.4,23.23,27.01,20.14,84.56,2.13,185.8,14.66
2016,8,28,21.93,98.4,20.33,23.52,17.72,79.9,2.36,151.9,14.84
2016,8,29,0.0,99.17,23.91,27.28,21.15,73.18,1.67,117.2,16.08
2016,8,30,0.0,99.02,23.07,26.97,19.88,70.55,2.01,178.1,16.04
2016,8,31,4.63,99.16,21.25,24.97,18.21,72.96,2.66,142.0,16.22
2016,9,1,0.0,98.99,22.71,26.19,19.87,68.22,2.46,132.3,14.49
2016,9,2,1.46,98.93,22.96,25.94,20.52,67.84,2.25,104.9,16.56
2016,9,3,0.0,99.09,23.44,27.45,20.16,65.48,1.86,117.6,17.05
2016,9,4,0.0,99.27,22.55,25.92,19.79,64.73,2.93,183.6,15.17
2016,9,5,18.54,98.68,22.66,26.14,19.81,72.55,3.11,63.6,16.13
2016,9,6,23.78,98.53,22.99,26.75,19.92,79.55,1.78,194.1,12.97
2016,9,7,30.54,98.21,22.43,25.87,19.62,84.55,2.55,159.8,14.53
2016,9,8,0.0,98.96,23.92,27.49,21.0,61.98,1.74,152.0,15.48
2016,9,9,1.42,99.27,22.78,26.33,19.88,69.5,2.37,120.4,17.47
2016,9,10,0.0,99.34,23.68,27.13,20.86,60.24,1.22,93.5,16.7
2016,9,11,1.02,99.31,24.83,28.49,21.84,67.23,1.88,90.7,16.2
2016,9,12,0.0,99.3,22.56,25.96,19.78,61.57,2.16,67.1,17.8
2016,9,13,0.0,99.25,23.67,26.95,20.99,66.63,2.22,93.2,14.96
2016,9,14,0.0,99.25,22.65,26.41,19.58,65.43,1.66,93.8,17.59
2016,9,15,0.0,99.21,24.36,28.33,21.12,70.41,2.25,112.0,17.39
2016,9,16,0.0,99.29,22.15,25.58,19.34,60.96,1.97,60.4,16.72
2016,9,17,8.64,98.97,22.85,26.35,19.98,60.93,1.43,67.9,16.3
2016,9,18,17.88,98.86,24.54,28.2,21.55,66.73,1.54,58.3,13.07
2016,9,19,0.0,99.37,23.35,27.02,20.35,61.38,2.58,102.1,16.48
2016,9,20,24.53,98.37,22.72,25.86,20.15,75.7,2.01,110.2,14.24
2016,9,21,60.28,97.92,22.67,26.24,19.75,81.54,1.76,127.3,13.62
2016,9,22,0.0,99.21,23.75,27.94,20.32,62.39,1.33,66.5,15.65
2016,9,23,0.0,99.49,22.48,26.57,19.14,63.71,1.68,82.2,14.26
2016,9,24,0.0,99.46,23.2,27.38,19.78,62.71,1.96,61.7,16.66
2016,9,25,0.0,99.05,24.92,28.8,21.74,60.84,2.03,63.2,16.34
2016,9,26,0.0,99.24,25.07,28.64,22.15,58.48,1.92,99.8,15.81
2016,9,27,0.0,98.91,22.68,26.47,19.58,63.09,1.61,161.0,14.58
2016,9,28,0.0,99.18,23.47,27.36,20.29,64.57,1.14,71.1,15.14
2016,9,29,0.0,99.32,23.71,27.35,20.73,58.97,1.82,38.7,15.52
2016,9,30,0.0,99.41,23.96,27.22,21.3,57.35,1.84,139.7,15.97
2016,10,1,0.0,99.27,23.61,27.59,20.35,63.85,1.52,38.6,13.73
2016,10,2,0.0,99.34,24.38,27.99,21.43,61.52,1.78,75.8,17.57
2016,10,3,16.45,98.73,23.29,27.19,20.1,70.54,1.9,86.8,16.21
2016,10,4,4.33,99.15,23.92,27.21,21.23,67.88,1.98,113.3,14.09
2016,10,5,24.28,98.55,22.66,26.21,19.76,69.08,2.17,125.0,11.88
2016,10,6,9.8,99.07,24.62,28.45,21.49,65.61,0.94,79.6,13.51
2016,10,7,0.0,99.52,23.53,27.42,20.35,61.96,2.05,140.8,16.29
2016,10,8,0.0,99.26,24.81,28.73,21.6,66.64,1.26,81.3,15.22
2016,10,9,0.0,99.02,25.28,28.97,22.26,60.97,1.49,50.8,15.17
2016,10,10,0.0,99.31,26.01,29.77,22.94,59.87,2.31,86.9,17.3
2016,10,11,17.4,98.96,24.31,28.11,21.2,71.53,1.43,82.0,13.84
2016,10,12,11.36,98.82,24.39,28.17,21.3,69.79,2.25,77.2,15.25
2016,10,13,0.0,99.5,23.54,27.38,20.4,64.98,1.7,118.0,15.93
2016,10,14,0.0,99.16,25.79,29.15,23.04,65.9,2.51,48.9,15.16
2016,10,15,0.0,99.13,24.9,29.08,21.48,56.58,1.42,108.9,13.25
2016,10,16,20.01,98.45,24.25,27.86,21.29,70.95,1.92,95.1,12.82
2016,10,17,5.69,99.18,24.92,28.55,21.95,67.8,0.89,62.9,13.29
2016,10,18,16.79,99.18,24.31,27.88,21.39,72.37,2.01,99.2,13.31
2016,10,19,0.0,99.34,24.95,28.65,21.92,63.78,1.35,138.4,15.45
2016,10,20,0.0,99.14,24.72,27.96,22.07,60.96,1.9,114.1,12.86
2016,10,21,0.0,99.36,25.53,29.02,22.67,63.52,1.67,81.2,14.04
2016,10,22,0.0,99.42,24.01,27.11,21.48,62.34,2.7,121.6,15.24
2016,10,23,0.0,99.48,24.03,27.52,21.18,64.44,1.85,62.3,15.86
2016,10,24,0.0,99.05,24.54,28.19,21.55,64.65,2.67,112.2,11.9
2016,10,25,0.32,99.55,26.04,29.8,22.96,64.42,1.66,146.1,13.37
2016,10,26,0.0,99.31,25.53,29.11,22.6,64.2,0.78,65.1,13.97
2016,10,27,0.0,99.59,24.82,28.5,21.81,63.03,2.34,128.4,13.54
2016,10,28,10.29,99.05,24.33,27.46,21.77,73.68,1.59,71.7,11.77
2016,10,29,0.0,99.38,25.29,28.93,22.32,66.75,2.48,100.1,11.3
2016,10,30,0.0,99.11,25.67,29.61,22.45,63.81,2.0,58.6,13.14
2016,10,31,0.0,99.46,26.39,30.11,23.35,66.07,2.29,134.0,11.7
2016,11,1,0.0,99.09,26.93,30.32,24.16,69.34,2.4,70.0,13.02
2016,11,2,0.0,99.34,25.45,29.09,22.47,61.11,2.9,94.1,14.25
2016,11,3,0.0,99.22,27.13,31.1,23.88,61.64,2.46,136.2,14.4
2016,11,4,20.37,98.77,24.88,28.63,21.81,74.98,2.12,116.2,11.82
2016,11,5,4.26,99.39,25.74,29.5,22.66,66.67,2.37,126.1,15.11
2016,11,6,16.89,98.82,25.76,29.15,22.99,71.14,2.33,128.6,13.54
2016,11,7,98.11,98.01,24.59,28.1,21.72,87.21,2.22,110.6,6.74
2016,11,8,14.73,98.87,26.38,29.98,23.44,70.96,2.79,152.8,11.71
2016,11,9,0.0,99.34,25.02,29.14,21.65,66.0,1.92,113.4,14.59
2016,11,10,54.41,98.35,24.07,27.45,21.3,82.89,2.05,92.5,9.04
2016,11,11,3.45,99.27,26.78,30.49,23.74,62.06,1.76,87.4,14.09
2016,11,12,4.37,99.21,25.18,29.02,22.04,64.22,3.02,85.6,12.72
2016,11,13,0.0,99.37,24.86,28.72,21.7,61.72,1.83,91.8,9.97
2016,11,14,10.36,99.03,24.77,28.37,21.82,65.09,2.07,118.5,13.52
2016,11,15,0.0,99.17,26.21,29.8,23.27,61.95,1.55,53.5,13.46
2016,11,16,7.61,99.54,27.47,31.69,24.01,63.74,1.74,36.0,11.33
2016,11,17,0.0,99.29,25.37,29.0,22.4,66.44,2.26,37.5,12.65
2016,11,18,0.0,99.1,25.67,29.27,22.72,60.67,1.81,60.6,13.49
2016,11,19,0.0,99.35,26.2,30.19,22.94,61.58,2.29,86.1,11.41
2016,11,20,13.91,99.11,25.37,29.15,22.28,64.41,2.13,122.1,13.8
2016,11,21,12.73,99.04,25.35,28.75,22.57,68.49,1.76,82.2,11.61
2016,11,22,21.68,98.85,24.46,28.5,21.15,69.31,1.44,87.8,10.02
2016,11,23,0.0,99.38,26.45,30.13,23.44,61.89,1.87,94.7,15.39
2016,11,24,1.47,99.46,28.2,31.89,25.18,55.52,1.84,97.8,11.69
2016,11,25,0.0,99.57,27.34,31.89,23.62,58.62,1.71,112.7,12.51
2016,11,26,0.0,99.4,27.84,31.61,24.76,61.3,1.8,61.0,13.52
2016,11,27,0.0,99.91,26.65,30.51,23.49,58.59,1.4,61.0,13.42
2016,11,28,0.0,99.63,26.55,30.66,23.19,57.4,1.9,57.5,13.28
2016,11,29,0.0,99.45,27.57,31.19,24.61,61.23,1.78,110.5,13.76
2016,11,30,0.0,99.22,27.32,31.36,24.01,54.9,1.31,90.7,13.18
2016,12,1,0.0,99.49,27.29,31.44,23.89,53.63,1.4,70.0,12.54
2016,12,2,0.0,99.62,28.56,32.84,25.06,53.7,1.54,126.7,16.61
2016,12,3,0.0,99.63,26.88,30.99,23.52,53.53,1.37,53.4,16.03
2016,12,4,13.53,98.82,26.3,29.93,23.33,64.69,1.23,34.4,11.91
2016,12,5,0.0,99.51,28.16,32.23,24.83,54.98,1.9,22.0,12.77
2016,12,6,15.26,99.03,27.51,31.1,24.57,66.72,1.83,73.5,13.14
2016,12,7,0.0,99.77,26.94,31.25,23.41,56.62,1.7,22.0,14.06
2016,12,8,0.0,99.53,27.78,32.06,24.28,56.13,1.01,74.8,10.75
2016,12,9,0.0,99.1,26.52,30.57,23.2,50.02,2.14,47.1,13.14
2016,12,10,0.0,99.59,28.04,32.09,24.72,56.28,1.54,35.6,11.25
2016,12,11,0.0,99.17,27.55,31.56,24.27,57.97,1.36,76.2,13.21
2016,12,12,0.0,99.61,27.76,31.77,24.48,54.57,1.71,35.1,14.82
2016,12,13,0.0,100.0,27.18,31.47,23.67,51.4,1.34,30.4,14.4
2016,12,14,0.0,99.78,28.86,32.81,25.63,49.59,0.28,49.4,11.63
2016,12,15,0.0,99.59,28.25,32.9,24.45,56.56,1.46,33.0,13.71
2016,12,16,0.0,99.43,28.81,32.91,25.46,53.91,1.76,71.0,14.59
2016,12,17,0.0,99.78,28.08,32.48,24.48,49.68,1.48,87.5,15.43
2016,12,18,0.0,99.67,29.03,32.64,26.08,54.43,0.62,111.9,14.26
2016,12,19,0.0,99.51,26.93,30.84,23.73,53.17,1.64,34.2,14.61
2016,12,20,0.0,99.46,28.28,32.61,24.74,57.57,1.42,27.8,13.53
2016,12,21,0.0,99.4,29.15,33.32,25.74,50.76,1.44,5.8,13.54
2016,12,22,0.0,99.63,26.96,31.05,23.61,53.96,0.72,55.6,13.68
2016,12,23,0.0,99.49,28.48,32.86,24.9,56.15,1.08,79.6,14.34
2016,12,24,0.0,99.6,28.83,33.5,25.01,54.04,0.87,8.4,12.42
2016,12,25,0.0,99.74,28.18,31.96,25.09,52.23,1.62,2.5,12.86
2016,12,26,0.0,99.5,29.18,33.55,25.6,51.66,1.45,124.1,14.9
2016,12,27,0.0,99.7,29.22,33.2,25.96,51.67,1.03,6.3,14.27
2016,12,28,0.0,99.8,28.11,32.45,24.56,51.06,0.98,22.9,13.26
2016,12,29,0.0,99.65,28.3,32.28,25.04,50.47,1.14,339.0,14.54
2016,12,30,0.0,99.71,27.79,32.04,24.31,55.57,1.37,325.5,13.67
2016,12,31,0.0,99.66,28.85,33.13,25.35,55.28,1.59,35.9,14.94
2017,1,1,0.0,99.59,28.8,32.73,25.58,54.04,0.89,76.3,14.78
2017,1,2,0.0,99.74,28.68,32.67,25.41,52.62,1.37,39.6,14.37
2017,1,3,0.0,99.88,28.77,32.84,25.44,52.53,1.09,340.8,13.3
2017,1,4,0.0,99.75,28.12,31.8,25.11,47.62,0.2,38.1,13.67
2017,1,5,0.0,99.56,27.74,31.99,24.26,53.95,1.03,352.9,13.83
2017,1,6,0.0,99.57,29.08,33.61,25.37,52.04,1.38,10.6,13.31
2017,1,7,0.0,99.57,28.64,32.42,25.55,48.65,0.92,42.3,14.8
2017,1,8,0.0,99.77,28.08,32.39,24.56,54.94,1.36,35.6,15.05
2017,1,9,0.0,99.5,28.31,32.53,24.86,51.55,1.49,46.7,16.07
2017,1,10,0.0,99.41,29.48,33.42,26.26,54.1,1.67,69.5,14.65
2017,1,11,0.0,99.68,29.45,34.14,25.62,53.23,0.82,38.8,14.88
2017,1,12,0.0,99.6,29.33,33.77,25.7,49.47,1.67,18.3,13.91
2017,1,13,0.0,99.87,28.85,33.32,25.2,54.09,1.24,55.8,14.6
2017,1,14,0.0,99.19,28.42,32.56,25.04,50.13,0.63,352.9,15.39
2017,1,15,0.0,99.64,29.83,33.54,26.8,47.35,1.14,41.5,14.84
2017,1,16,0.0,99.53,28.69,32.86,25.28,54.09,1.11,76.2,17.63
2017,1,17,0.0,99.75,29.12,33.21,25.77,52.57,1.02,20.6,13.97
2017,1,18,0.0,99.55,28.34,32.75,24.74,52.32,0.76,23.1,13.04
2017,1,19,0.0,99.5,28.78,32.74,25.54,54.13,1.32,92.0,14.09
2017,1,20,0.0,99.77,27.09,31.58,23.42,48.8,1.2,46.4,17.0
2017,1,21,0.0,99.83,28.53,32.48,25.3,49.34,1.02,42.9,16.89
2017,1,22,0.0,99.58,27.91,32.23,24.38,48.9,0.86,47.7,14.84
2017,1,23,0.0,99.59,29.13,33.05,25.92,50.69,0.53,13.9,15.35
2017,1,24,0.0,99.83,28.57,32.68,25.2,52.95,1.81,72.3,16.58
2017,1,25,0.0,99.81,28.78,32.54,25.71,57.72,1.12,83.7,16.78
2017,1,26,0.0,99.78,30.48,34.62,27.09,51.34,1.53,32.1,12.72
2017,1,27,0.0,99.53,28.28,32.13,25.13,52.47,1.65,51.5,15.83
2017,1,28,0.0,99.48,29.08,33.36,25.58,48.02,1.62,67.1,17.29
2017,1,29,0.0,99.89,29.15,33.47,25.62,50.48,1.48,68.4,16.06
2017,1,30,0.0,99.71,28.33,32.45,24.96,46.26,1.31,72.2,13.34
2017,1,31,0.0,99.46,29.77,33.71,26.54,58.4,0.58,358.8,18.26
2017,2,1,0.0,99.58,30.15,34.39,26.68,46.73,1.82,59.1,16.53
2017,2,2,0.0,99.61,29.83,34.22,26.24,50.58,0.79,83.0,14.01
2017,2,3,0.0,99.58,28.32,32.4,24.98,51.63,1.79,56.6,15.14
2017,2,4,0.0,99.54,28.5,32.51,25.22,56.99,1.11,83.4,16.74
2017,2,5,0.0,99.82,27.56,31.34,24.47,52.66,1.6,40.0,15.43
2017,2,6,0.0,99.69,28.85,33.03,25.43,48.11,1.55,50.9,17.61
2017,2,7,0.0,100.0,28.89,33.3,25.28,51.2,1.36,39.2,17.09
2017,2,8,0.0,99.82,29.51,34.03,25.82,52.22,1.36,55.3,16.64
2017,2,9,0.0,99.61,30.19,34.38,26.76,50.24,1.16,62.5,15.12
2017,2,10,0.0,99.84,28.06,31.8,25.0,49.98,1.24,7.1,16.6
2017,2,11,0.0,99.65,29.03,33.02,25.76,49.78,1.24,42.4,18.83
2017,2,12,0.0,100.02,28.77,33.21,25.13,49.87,1.29,41.1,17.11
2017,2,13,2.33,99.47,28.71,33.06,25.15,50.75,1.17,25.2,17.06
2017,2,14,0.0,99.67,30.0,33.84,26.86,49.57,0.72,49.4,14.79
2017,2,15,0.0,99.48,28.96,33.62,25.14,51.12,1.06,15.9,16.05
2017,2,16,0.0,99.51,29.26,33.08,26.13,54.15,1.39,15.7,16.62
2017,2,17,0.0,99.52,29.19,33.2,25.91,48.49,1.17,22.5,16.73
2017,2,18,0.0,99.8,29.0,33.26,25.52,49.79,1.23,5.8,17.91
2017,2,19,0.0,99.62,28.29,32.39,24.94,52.23,0.99,20.7,15.41
2017,2,20,0.0,99.13,30.12,34.15,26.82,53.54,1.44,91.6,17.14
2017,2,21,0.0,99.59,28.77,32.89,25.4,56.24,1.46,9.6,17.06
2017,2,22,0.0,99.4,29.15,33.55,25.55,54.07,0.34,15.5,18.62
2017,2,23,0.0,99.49,28.93,33.58,25.13,52.54,0.63,44.5,17.33
2017,2,24,0.0,99.78,27.25,31.45,23.81,52.04,1.16,11.5,16.44
2017,2,25,0.0,99.33,27.98,31.92,24.75,51.79,1.42,15.7,14.63
2017,2,26,0.0,99.35,28.77,32.91,25.38,48.89,1.34,7.1,17.05
2017,2,27,0.0,99.27,28.07,32.73,24.26,53.27,1.18,41.6,17.34
2017,2,28,0.0,99.49,28.92,33.26,25.37,50.96,1.55,34.7,17.23
2017,3,1,0.0,99.26,27.98,32.46,24.31,52.63,1.46,53.9,18.97
2017,3,2,0.0,99.27,28.6,32.94,25.05,49.6,1.16,47.2,18.32
2017,3,3,0.0,99.52,27.37,31.74,23.79,51.98,1.18,74.1,16.95
2017,3,4,0.0,99.61,29.12,33.24,25.75,49.67,0.74,26.8,16.95
2017,3,5,0.0,99.39,28.83,33.34,25.14,53.78,1.27,9.1,17.92
2017,3,6,0.0,99.62,28.83,32.16,26.11,51.59,1.45,18.1,16.47
2017,3,7,0.0,99.57,28.39,32.65,24.9,52.83,0.97,92.7,17.57
2017,3,8,0.0,99.64,27.93,32.17,24.46,51.14,1.26,346.3,17.89
2017,3,9,0.0,99.36,29.5,33.37,26.34,54.33,1.37,73.6,17.09
2017,3,10,0.0,99.9,29.53,33.73,26.1,53.43,1.58,73.6,17.76
2017,3,11,0.0,99.33,28.28,32.54,24.79,50.13,1.13,50.2,17.09
2017,3,12,0.0,99.42,27.89,31.51,24.93,49.94,0.92,17.5,21.22
2017,3,13,0.0,99.63,27.05,31.25,23.62,54.98,1.12,57.9,20.27
2017,3,14,0.0,99.55,28.38,32.83,24.74,46.17,1.37,20.4,17.95
2017,3,15,0.0,99.68,27.72,32.28,23.99,56.49,1.35,30.0,17.16
2017,3,16,0.0,99.47,27.81,32.07,24.32,50.65,0.68,50.2,14.88
2017,3,17,0.0,99.3,28.79,32.86,25.46,54.55,1.14,30.1,16.79
2017,3,18,0.0,99.24,27.4,31.75,23.84,53.84,0.88,13.8,19.71
2017,3,19,0.0,99.84,29.38,33.23,26.23,51.83,1.28,39.4,18.47
2017,3,20,0.0,99.46,27.28,31.58,23.76,53.76,1.41,59.1,19.01
2017,3,21,0.0,99.48,26.52,30.59,23.19,53.15,1.67,77.6,19.44
2017,3,22,0.0,99.83,27.45,31.85,23.85,55.19,1.76,64.5,18.29
2017,3,23,0.0,99.41,28.12,32.06,24.89,50.96,1.48,89.6,20.24
2017,3,24,0.0,99.5,27.92,32.46,24.2,55.07,1.14,53.7,19.54
2017,3,25,0.0,99.31,27.91,32.31,24.31,47.86,1.11,42.0,18.76
2017,3,26,0.0,99.26,27.54,31.7,24.13,55.01,1.48,97.4,18.93
2017,3,27,0.0,99.83,27.34,31.48,23.96,53.46,1.6,37.5,20.44
2017,3,28,0.0,99.83,26.78,31.3,23.08,54.89,0.86,73.1,20.12
2017,3,29,0.0,99.66,27.69,32.33,23.89,55.36,2.23,84.4,17.44
2017,3,30,0.0,99.65,28.29,32.24,25.06,57.86,1.5,343.9,20.76
2017,3,31,0.0,99.61,27.51,31.47,24.27,54.24,1.66,51.7,19.66
2017,4,1,0.0,99.33,26.92,31.31,23.33,51.58,1.53,20.3,18.85
2017,4,2,0.0,99.51,27.5,30.88,24.73,59.23,0.96,19.4,18.33
2017,4,3,0.0,99.37,28.37,31.69,25.65,55.3,1.2,29.1,19.16
2017,4,4,0.0,98.99,27.15,30.96,24.03,56.86,1.09,2.7,19.46
2017,4,5,0.0,99.65,26.37,30.47,23.02,53.52,0.75,77.0,18.42
2017,4,6,0.0,99.54,27.34,31.04,24.31,53.67,0.94,47.4,19.93
2017,4,7,0.0,99.2,27.54,31.19,24.55,55.34,2.08,86.2,18.16
2017,4,8,0.0,99.37,27.68,31.54,24.52,56.72,1.34,64.9,16.69
2017,4,9,0.0,99.61,27.5,31.86,23.94,56.18,1.77,56.6,19.72
2017,4,10,0.0,99.44,27.07,30.93,23.91,52.83,1.24,35.0,20.3
2017,4,11,0.0,99.11,26.31,30.58,22.82,60.1,1.2,49.9,20.74
2017,4,12,0.0,99.19,26.14,30.12,22.88,52.74,2.05,72.9,21.12
2017,4,13,0.0,99.73,26.53,30.9,22.96,57.25,1.43,54.7,17.75
2017,4,14,0.0,99.4,27.13,30.99,23.97,56.66,1.44,47.4,19.99
2017,4,15,0.0,99.58,26.18,30.21,22.88,63.94,1.64,65.5,20.81
2017,4,16,0.0,99.71,26.23,30.2,22.99,55.94,1.8,100.0,19.8
2017,4,17,0.0,99.29,25.88,29.73,22.73,54.03,1.38,73.4,19.65
2017,4,18,0.0,99.43,27.53,31.63,24.18,59.6,0.77,100.5,20.31
2017,4,19,0.0,99.0,26.21,30.26,22.9,56.71,2.07,11.4,21.04
2017,4,20,12.09,98.93,26.28,30.19,23.08,68.09,1.81,77.5,18.63
2017,4,21,0.0,99.44,27.33,30.63,24.63,61.28,1.34,72.5,20.01
2017,4,22,0.0,99.29,25.48,28.97,22.63,61.19,1.64,52.2,18.82
2017,4,23,0.0,99.4,26.6,30.14,23.71,57.44,2.23,85.1,18.66
2017,4,24,0.0,99.48,25.93,29.77,22.79,62.45,2.36,105.1,17.77
2017,4,25,33.58,98.56,25.56,29.3,22.5,85.38,1.66,87.1,14.33
2017,4,26,17.97,98.9,24.56,28.09,21.67,69.73,2.39,52.2,18.56
2017,4,27,0.0,99.31,25.91,29.4,23.06,60.82,1.85,102.4,19.29
2017,4,28,0.0,99.17,26.12,30.0,22.94,61.45,1.6,124.4,19.23
2017,4,29,0.0,99.09,25.11,28.58,22.27,61.49,1.72,98.8,20.22
2017,4,30,2.97,99.42,25.25,28.22,22.82,64.86,2.63,95.6,21.24
2017,5,1,22.76,98.81,24.42,28.08,21.42,75.93,2.21,81.0,17.3
2017,5,2,7.87,98.89,25.79,29.24,22.97,68.06,1.66,113.4,17.02
2017,5,3,0.0,99.22,26.81,30.59,23.72,61.95,2.45,95.4,19.17
2017,5,4,0.0,98.95,26.27,29.61,23.54,68.32,2.51,212.6,20.06
2017,5,5,16.37,98.69,25.43,28.89,22.6,75.6,1.98,143.2,15.38
2017,5,6,0.0,99.27,22.06,25.63,19.14,68.83,2.35,121.7,20.29
2017,5,7,38.21,98.26,23.47,26.33,21.13,89.37,2.76,130.8,14.25
2017,5,8,48.91,97.95,22.91,26.18,20.23,81.82,1.82,116.7,16.01
2017,5,9,3.14,98.9,25.17,28.37,22.55,72.11,1.61,136.7,18.17
2017,5,10,5.09,98.81,23.43,26.68,20.77,73.5,2.08,143.4,16.94
2017,5,11,1.77,99.24,24.99,28.21,22.36,70.67,1.71,107.7,18.96
2017,5,12,0.0,99.41,23.01,26.34,20.28,75.68,1.95,126.0,17.53
2017,5,13,0.0,99.19,25.1,28.46,22.35,73.11,2.89,145.0,15.45
2017,5,14,0.0,99.05,23.14,26.59,20.32,73.59,2.18,150.7,17.84
2017,5,15,11.46,99.0,24.6,27.99,21.83,72.88,2.51,134.8,19.03
2017,5,16,13.56,98.57,24.4,27.95,21.49,83.13,2.85,133.8,15.83
2017,5,17,51.43,97.95,21.8,25.27,18.96,96.37,3.07,164.3,11.21
2017,5,18,0.0,98.93,24.25,27.81,21.34,69.27,2.79,166.5,16.54
2017,5,19,0.0,98.92,23.86,27.35,21.01,74.46,1.88,141.4,17.03
2017,5,20,0.0,98.95,22.75,25.73,20.31,69.37,2.71,98.3,19.46
2017,5,21,33.54,98.14,22.75,25.77,20.28,94.98,3.06,175.8,12.44
2017,5,22,15.01,98.78,23.85,26.86,21.38,83.89,2.86,186.6,15.75
2017,5,23,16.81,98.32,22.64,26.02,19.88,83.19,3.04,181.6,14.3
2017,5,24,74.47,97.5,21.91,24.88,19.48,99.0,2.61,216.3,12.92
2017,5,25,0.0,99.0,22.77,26.0,20.13,74.45,2.94,192.4,18.52
2017,5,26,0.0,99.05,23.95,26.42,21.93,77.37,3.18,179.4,17.67
2017,5,27,53.76,97.5,21.24,23.64,19.28,99.0,3.5,148.9,12.46
2017,5,28,49.63,97.55,21.16,24.47,18.45,98.95,2.75,174.8,11.16
2017,5,29,3.16,98.53,23.29,26.37,20.77,77.4,2.77,173.2,16.15
2017,5,30,0.0,98.79,24.09,27.34,21.43,81.78,3.65,187.6,16.94
2017,5,31,60.22,97.5,21.32,23.8,19.29,99.0,2.95,148.1,13.55
2017,6,1,61.55,97.5,20.12,23.05,17.72,99.0,3.19,200.8,10.33
2017,6,2,13.97,98.13,21.75,24.21,19.74,89.01,3.23,170.4,14.54
2017,6,3,39.94,98.0,21.1,24.2,18.56,99.0,3.15,198.3,13.35
2017,6,4,46.55,97.62,21.17,24.02,18.84,99.0,3.91,177.2,13.92
2017,6,5,36.41,97.89,20.35,23.14,18.07,99.0,3.11,189.0,12.43
2017,6,6,10.86,98.76,22.37,25.42,19.87,88.93,3.52,169.0,18.14
2017,6,7,19.51,98.6,22.34,25.11,20.07,94.21,3.09,172.3,13.87
2017,6,8,12.32,98.42,21.59,24.34,19.34,85.54,3.98,211.7,13.88
2017,6,9,64.27,97.5,21.75,24.12,19.81,99.0,2.98,225.4,10.9
2017,6,10,8.25,98.56,21.46,24.58,18.9,88.9,3.54,199.5,14.46
2017,6,11,7.04,98.53,22.12,24.89,19.85,86.94,2.44,237.6,15.71
2017,6,12,0.0,98.56,20.74,23.61,18.39,80.96,3.24,232.5,17.1
2017,6,13,0.0,98.8,21.92,24.26,20.01,84.23,3.58,212.3,16.96
2017,6,14,61.54,97.5,19.99,23.07,17.47,99.0,2.84,179.4,11.98
2017,6,15,41.18,97.78,20.09,22.82,17.86,99.0,3.27,215.5,11.8
2017,6,16,32.58,98.28,20.16,23.3,17.59,99.0,4.64,219.8,13.06
2017,6,17,0.0,98.77,21.57,24.5,19.17,85.75,3.04,226.4,13.97
2017,6,18,0.0,98.64,22.32,24.29,20.71,83.03,3.57,202.8,14.52
2017,6,19,0.0,98.72,20.49,23.34,18.16,84.85,2.92,194.2,16.89
2017,6,20,53.1,97.5,18.48,21.35,16.13,99.0,3.09,169.5,10.63
2017,6,21,21.12,98.2,20.54,23.32,18.26,94.46,3.68,220.0,13.63
2017,6,22,16.7,98.24,20.93,23.58,18.76,94.69,3.45,215.3,14.47
2017,6,23,57.58,97.5,19.09,21.62,17.02,99.0,3.24,253.1,7.96
2017,6,24,41.34,97.83,19.98,22.55,17.88,99.0,3.38,192.8,12.07
2017,6,25,11.17,98.3,21.54,24.49,19.13,91.7,4.0,220.5,13.82
2017,6,26,4.08,98.9,22.03,24.99,19.61,92.54,3.5,192.1,15.89
2017,6,27,42.67,97.6,20.69,23.19,18.65,99.0,3.82,269.3,11.29
2017,6,28,12.05,98.34,20.02,22.34,18.12,93.44,2.95,214.5,12.95
2017,6,29,55.22,97.5,18.85,21.73,16.5,99.0,3.42,186.9,9.89
2017,6,30,109.18,97.5,18.74,21.52,16.47,99.0,3.48,227.7,8.68
2017,7,1,100.67,97.5,20.03,22.6,17.93,99.0,3.37,232.2,11.68
2017,7,2,15.82,98.2,20.21,22.45,18.38,97.47,3.61,209.9,14.03
2017,7,3,16.68,98.41,20.8,22.84,19.13,92.98,3.55,227.9,14.77
2017,7,4,0.0,98.53,20.23,22.93,18.02,89.26,3.95,200.5,15.97
2017,7,5,81.03,97.5,18.74,21.08,16.83,99.0,4.1,213.9,9.01
2017,7,6,79.98,97.5,18.54,20.87,16.64,99.0,3.45,214.3,10.09
2017,7,7,68.1,97.5,19.63,22.23,17.5,99.0,4.14,305.3,10.3
2017,7,8,87.68,97.5,18.26,20.6,16.35,99.0,3.41,261.3,10.68
2017,7,9,0.0,98.38,22.36,24.71,20.44,87.11,3.73,230.0,15.61
2017,7,10,94.02,97.5,19.24,21.53,17.37,99.0,3.18,225.3,9.25
2017,7,11,28.08,97.76,19.44,22.11,17.26,99.0,3.58,264.1,12.93
2017,7,12,54.31,97.5,19.3,21.52,17.49,99.0,4.27,262.5,10.22
2017,7,13,0.0,98.71,20.47,22.54,18.78,85.1,3.74,220.3,13.6
2017,7,14,91.78,97.5,18.29,20.5,16.48,99.0,3.59,295.3,8.95
2017,7,15,35.58,97.78,20.09,22.97,17.74,99.0,2.92,219.8,12.16
2017,7,16,22.81,98.26,21.06,23.38,19.16,99.0,3.65,221.3,12.46
2017,7,17,76.1,97.5,19.28,21.91,17.13,99.0,3.7,244.1,9.55
2017,7,18,18.78,98.09,19.4,21.81,17.43,99.0,3.47,231.4,12.09
2017,7,19,0.0,98.92,20.44,22.89,18.44,91.1,3.52,212.2,15.87
2017,7,20,71.22,97.5,20.08,22.97,17.72,99.0,3.59,217.8,11.26
2017,7,21,24.3,98.17,20.6,23.15,18.51,99.0,3.63,207.5,11.71
2017,7,22,15.25,98.56,19.62,22.61,17.18,89.47,3.53,225.7,14.24
2017,7,23,22.4,97.95,19.63,22.7,17.12,98.31,4.03,217.8,13.4
2017,7,24,7.4,98.34,20.88,23.87,18.44,95.33,3.18,233.8,13.37
2017,7,25,5.89,98.54,20.72,23.14,18.74,88.35,4.14,227.1,13.5
2017,7,26,15.72,98.36,21.9,24.52,19.75,97.72,3.43,193.8,14.13
2017,7,27,0.0,98.63,20.57,23.57,18.12,82.74,3.71,203.2,12.66
2017,7,28,31.38,98.32,20.27,23.09,17.96,99.0,3.89,245.9,9.38
2017,7,29,15.4,98.47,20.71,23.65,18.3,94.4,3.54,210.3,14.91
2017,7,30,0.0,98.62,19.98,22.96,17.54,86.36,3.43,183.3,14.88
2017,7,31,30.08,97.77,18.29,21.3,15.83,99.0,3.47,202.1,12.67
2017,8,1,22.79,98.19,20.01,22.41,18.05,95.15,2.65,207.5,15.79
2017,8,2,9.88,98.61,21.12,23.79,18.93,86.22,2.36,266.3,14.31
2017,8,3,27.93,98.42,21.25,23.78,19.18,99.0,3.62,193.1,12.98
2017,8,4,129.01,97.5,18.73,21.42,16.53,99.0,3.18,192.2,9.81
2017,8,5,0.0,98.76,21.65,24.45,19.36,85.25,2.95,205.3,14.53
2017,8,6,0.0,98.63,21.14,23.93,18.86,84.49,3.33,215.4,13.71
2017,8,7,15.75,98.49,21.96,24.58,19.81,88.62,3.16,250.2,14.45
2017,8,8,41.28,97.98,19.74,22.2,17.73,99.0,2.69,185.4,11.63
2017,8,9,46.17,97.5,19.3,21.71,17.33,99.0,3.51,184.2,9.96
2017,8,10,0.0,98.86,21.62,24.97,18.88,82.06,3.55,154.1,16.48
2017,8,11,0.0,98.67,21.68,24.89,19.05,78.98,3.17,149.3,14.75
2017,8,12,125.29,97.5,20.56,23.54,18.12,99.0,3.12,183.0,10.6
2017,8,13,0.0,99.18,21.63,23.76,19.89,73.95,3.02,154.9,16.16
2017,8,14,101.16,97.54,19.97,22.68,17.75,99.0,3.03,133.6,10.87
2017,8,15,7.32,98.6,20.27,23.37,17.74,88.61,3.08,153.6,14.72
2017,8,16,63.64,97.5,18.96,22.17,16.33,96.9,2.74,137.3,9.1
2017,8,17,81.29,97.5,19.55,22.47,17.16,98.89,3.18,167.2,11.04
2017,8,18,5.93,98.57,21.7,24.88,19.1,78.21,2.91,130.9,16.42
2017,8,19,108.7,97.5,19.38,22.41,16.9,99.0,3.1,152.9,9.5
2017,8,20,44.98,97.95,20.36,23.75,17.59,91.3,3.25,174.1,10.23
2017,8,21,0.0,98.85,21.65,24.74,19.12,71.02,2.75,152.0,17.7
2017,8,22,9.12,98.81,22.89,25.99,20.35,76.12,2.83,153.0,13.97
2017,8,23,0.0,98.87,21.98,24.99,19.52,75.83,2.91,119.7,15.36
2017,8,24,0.0,98.76,22.48,25.86,19.72,72.35,2.66,167.4,15.72
2017,8,25,0.0,99.2,22.08,25.39,19.37,70.56,2.46,154.0,17.12
2017,8,26,0.0,98.61,22.22,25.12,19.85,72.98,2.63,141.2,14.47
2017,8,27,16.58,98.91,22.06,25.41,19.32,81.08,3.02,147.8,14.4
2017,8,28,0.0,99.2,22.49,25.8,19.78,70.28,1.57,134.8,14.89
2017,8,29,0.0,99.06,22.09,25.64,19.19,68.94,2.74,148.8,18.79
2017,8,30,0.0,98.96,22.75,26.03,20.06,67.31,2.48,154.1,15.63
2017,8,31,0.0,98.98,22.46,25.52,19.96,73.36,2.19,120.9,15.22
2017,9,1,57.0,97.67,21.03,24.26,18.39,95.07,2.68,116.3,10.63
2017,9,2,22.28,98.54,22.6,26.48,19.43,77.0,1.86,110.8,14.24
2017,9,3,40.97,97.88,21.8,25.14,19.07,88.87,2.14,104.5,13.0
2017,9,4,0.0,99.1,22.06,25.76,19.03,68.77,2.76,96.9,17.39
2017,9,5,0.0,99.14,20.74,23.8,18.24,64.54,1.51,118.1,15.61
2017,9,6,17.66,98.61,23.79,27.35,20.87,78.42,2.39,108.3,14.09
2017,9,7,4.76,99.39,23.15,26.2,20.65,69.44,2.71,113.7,13.71
2017,9,8,3.56,99.01,23.15,26.66,20.28,70.09,2.56,124.3,15.02
2017,9,9,0.0,98.81,22.59,25.9,19.88,71.89,2.26,119.0,15.92
2017,9,10,0.0,98.95,21.71,24.98,19.03,60.34,1.72,145.0,18.52
2017,9,11,8.8,99.05,21.45,24.71,18.78,73.58,2.4,107.9,15.98
2017,9,12,0.0,99.02,23.02,26.52,20.15,62.82,1.8,98.1,16.27
2017,9,13,18.57,98.52,22.68,25.74,20.18,76.12,1.95,105.2,16.87
2017,9,14,63.7,97.92,22.55,25.75,19.93,87.18,1.97,119.4,11.43
2017,9,15,13.83,98.86,23.04,26.67,20.07,74.86,1.5,156.6,14.44
2017,9,16,0.0,99.07,23.95,27.09,21.38,63.29,2.44,107.4,15.71
2017,9,17,0.0,98.69,23.16,26.38,20.53,60.54,1.89,101.6,15.34
2017,9,18,0.0,99.31,23.27,27.41,19.88,63.25,1.88,124.5,15.7
2017,9,19,0.0,99.2,22.61,26.7,19.26,67.04,1.66,80.7,16.7
2017,9,20,0.0,99.44,22.84,26.28,20.03,63.07,1.6,89.9,16.39
2017,9,21,0.0,99.02,22.88,26.65,19.8,60.28,2.09,100.0,17.85
2017,9,22,0.0,99.15,23.54,27.0,20.71,61.25,2.09,68.0,16.96
2017,9,23,0.0,99.28,22.68,26.16,19.83,62.21,2.96,51.5,17.71
2017,9,24,0.0,99.46,23.33,26.17,21.01,61.68,1.7,105.9,18.15
2017,9,25,7.85,99.08,23.61,27.74,20.23,65.47,1.65,60.5,16.66
2017,9,26,13.61,98.77,21.77,25.64,18.61,71.32,2.22,114.5,14.14
2017,9,27,18.2,99.02,24.35,28.27,21.14,76.66,2.12,76.4,14.49
2017,9,28,0.0,99.19,25.34,29.21,22.17,63.56,1.68,81.7,17.64
2017,9,29,0.0,99.28,24.86,28.53,21.86,62.58,1.92,36.3,17.99
2017,9,30,0.0,99.39,24.45,28.04,21.51,63.68,2.37,97.4,16.41
2017,10,1,28.86,98.82,23.3,27.02,20.26,78.45,1.33,99.4,15.93
2017,10,2,38.1,98.37,23.11,27.24,19.73,82.12,1.5,100.2,12.08
2017,10,3,0.0,99.73,24.37,28.11,21.31,59.14,1.94,107.8,16.43
2017,10,4,0.0,99.25,24.48,28.74,20.99,59.16,1.52,36.3,14.2
2017,10,5,0.0,99.32,23.23,26.74,20.36,60.79,1.55,50.6,15.98
2017,10,6,0.0,99.15,24.51,27.82,21.8,61.7,2.25,49.1,16.58
2017,10,7,0.0,99.33,24.82,28.29,21.98,64.14,1.95,75.3,17.21
2017,10,8,0.0,99.32,24.74,28.41,21.73,60.74,1.78,62.3,12.23
2017,10,9,0.0,99.46,25.35,29.44,22.0,60.16,1.51,97.0,13.67
2017,10,10,0.0,99.35,25.61,29.18,22.69,62.01,1.95,87.5,14.75
2017,10,11,35.76,98.28,22.82,26.12,20.12,82.23,2.27,100.9,9.25
2017,10,12,0.0,99.32,23.86,27.56,20.83,59.87,1.34,103.5,15.34
2017,10,13,30.94,98.38,24.33,28.36,21.04,76.64,1.38,33.9,14.3
2017,10,14,0.0,99.37,25.19,28.87,22.18,63.58,2.11,114.9,14.52
2017,10,15,16.48,98.76,23.7,27.43,20.65,70.65,1.65,80.6,14.34
2017,10,16,2.75,98.95,24.53,28.19,21.53,66.9,1.56,118.4,14.46
2017,10,17,0.0,99.07,24.62,28.22,21.67,63.01,1.62,51.0,13.57
2017,10,18,6.22,98.9,24.81,29.13,21.28,65.61,2.18,110.3,12.51
2017,10,19,37.78,98.23,24.4,28.41,21.12,80.03,2.18,97.2,11.79
2017,10,20,0.0,99.12,24.32,28.48,20.92,62.73,2.06,138.7,15.07
2017,10,21,17.38,98.83,24.49,28.92,20.87,69.66,1.76,101.0,12.67
2017,10,22,54.3,97.84,23.2,27.18,19.94,81.4,1.62,123.2,9.44
2017,10,23,11.94,99.07,23.19,26.68,20.33,73.93,1.71,51.3,15.12
2017,10,24,0.0,99.34,26.85,30.71,23.69,61.89,1.61,99.0,15.72
2017,10,25,0.0,99.22,25.28,29.42,21.9,65.87,1.81,77.3,12.23
2017,10,26,0.0,99.5,25.98,29.73,22.91,60.38,1.98,89.9,11.82
2017,10,27,0.0,99.11,24.08,27.59,21.21,61.58,2.25,97.8,14.43
2017,10,28,4.11,99.35,26.44,30.42,23.19,63.67,1.99,79.0,11.27
2017,10,29,0.0,99.31,25.06,28.3,22.41,65.63,1.92,118.3,13.94
2017,10,30,0.0,99.21,23.74,27.37,20.77,65.01,2.63,126.5,14.63
2017,10,31,0.0,99.48,24.4,28.2,21.29,60.09,0.67,74.3,12.43
2017,11,1,0.0,99.38,24.58,28.14,21.67,59.84,2.23,108.2,13.19
2017,11,2,13.23,98.76,24.42,28.18,21.34,72.43,2.19,49.2,12.77
2017,11,3,0.0,99.35,24.64,28.41,21.55,67.44,2.19,128.2,12.58
2017,11,4,0.0,99.36,26.16,29.91,23.09,67.26,2.34,103.3,14.2
2017,11,5,0.0,99.48,25.77,29.31,22.87,61.5,1.53,98.1,12.76
2017,11,6,10.48,99.14,25.63,29.12,22.78,68.14,2.34,146.3,12.61
2017,11,7,6.36,99.26,25.8,29.37,22.88,68.32,2.11,108.6,10.6
2017,11,8,3.56,99.14,25.49,28.72,22.84,66.86,1.81,176.4,12.73
2017,11,9,0.0,99.28,24.77,28.77,21.5,63.79,2.19,68.0,13.57
2017,11,10,10.73,99.0,24.44,28.21,21.35,67.82,2.01,70.1,11.19
2017,11,11,20.22,98.53,24.15,27.83,21.14,75.21,1.57,120.0,10.27
2017,11,12,22.33,99.0,24.39,27.84,21.56,75.31,1.15,88.5,12.14
2017,11,13,10.21,98.88,26.88,30.57,23.86,68.54,1.4,126.5,12.84
2017,11,14,5.57,99.25,24.9,28.59,21.88,67.7,1.61,65.5,12.62
2017,11,15,0.0,99.29,27.26,30.81,24.35,65.02,2.02,125.9,13.64
2017,11,16,0.0,99.31,25.56,29.53,22.31,62.63,1.3,89.1,11.0
2017,11,17,0.0,99.48,25.41,28.79,22.64,62.22,1.99,90.4,13.06
2017,11,18,0.0,99.23,26.72,30.18,23.89,60.68,1.93,53.2,11.97
2017,11,19,0.0,99.46,27.38,31.41,24.09,61.21,2.58,119.3,12.99
2017,11,20,15.67,99.07,24.79,28.94,21.4,71.29,1.91,98.0,9.85
2017,11,21,21.38,98.71,25.7,29.52,22.57,73.39,0.97,100.0,11.87
2017,11,22,0.0,99.56,27.52,31.01,24.67,58.43,2.17,43.2,11.81
2017,11,23,0.0,99.65,27.39,31.53,24.0,57.98,1.36,74.3,16.31
2017,11,24,0.0,99.78,25.74,29.59,22.59,57.58,1.32,77.4,13.11
2017,11,25,0.0,99.37,26.74,30.58,23.6,62.24,1.59,40.3,12.65
2017,11,26,0.0,99.46,25.82,30.06,22.35,54.07,1.86,95.2,13.08
2017,11,27,0.0,99.48,27.27,31.33,23.95,54.61,1.52,99.9,11.27
2017,11,28,0.0,99.56,27.19,30.93,24.13,56.37,1.61,31.6,13.23
2017,11,29,0.0,99.76,27.54,30.97,24.74,59.9,1.24,69.7,14.5
2017,11,30,0.0,99.54,26.53,30.32,23.43,56.74,1.12,93.5,14.02
2017,12,1,0.0,99.55,26.78,30.8,23.49,54.88,1.62,115.8,12.89
2017,12,2,8.03,99.07,27.7,31.78,24.37,62.32,0.94,88.9,14.52
2017,12,3,0.0,99.84,28.11,31.69,25.18,57.76,1.23,36.3,12.86
2017,12,4,0.0,99.4,28.62,32.37,25.55,58.55,1.36,37.2,13.16
2017,12,5,0.0,99.01,28.5,31.63,25.94,59.9,1.55,69.3,12.62
2017,12,6,0.0,99.08,26.41,30.46,23.1,59.27,1.35,80.1,12.12
2017,12,7,0.0,99.56,28.48,31.97,25.62,57.13,1.31,58.8,14.91
2017,12,8,0.0,99.28,27.65,31.5,24.5,55.1,0.95,44.7,12.94
2017,12,9,0.0,99.52,28.24,31.98,25.18,56.31,1.24,78.9,14.06
2017,12,10,9.35,99.01,27.17,31.35,23.75,58.88,1.29,84.9,12.38
2017,12,11,0.0,99.58,27.19,31.3,23.83,57.17,1.53,45.4,15.31
2017,12,12,0.0,99.63,27.68,31.49,24.56,53.08,1.05,53.1,15.09
2017,12,13,0.0,99.56,27.98,32.04,24.66,52.16,1.0,70.6,12.22
2017,12,14,4.93,99.29,27.98,32.19,24.53,59.48,0.87,40.4,13.91
2017,12,15,0.0,99.7,28.71,32.83,25.34,49.9,1.37,75.6,14.1
2017,12,16,0.0,99.47,27.34,30.46,24.79,52.1,1.17,36.8,15.22
2017,12,17,0.0,99.51,27.33,32.02,23.5,55.31,1.24,76.5,14.41
2017,12,18,0.0,99.46,27.02,31.22,23.58,53.25,1.1,28.7,15.41
2017,12,19,0.0,99.51,28.04,32.41,24.46,53.0,1.11,112.8,15.11
2017,12,20,0.0,99.9,27.63,31.5,24.46,50.29,1.04,45.0,14.79
2017,12,21,0.0,99.56,28.05,31.87,24.93,50.4,1.45,64.0,15.33
2017,12,22,0.0,99.34,28.33,32.26,25.11,52.51,1.27,81.6,13.74
2017,12,23,0.0,99.39,27.1,31.73,23.31,48.71,1.8,42.8,13.91
2017,12,24,0.0,99.52,28.0,32.0,24.73,52.8,1.12,54.1,16.08
2017,12,25,0.0,99.43,28.67,32.74,25.34,55.93,1.83,47.5,15.63
2017,12,26,0.0,99.75,28.5,33.1,24.73,55.61,1.12,104.0,15.31
2017,12,27,0.0,99.32,28.22,32.22,24.95,54.1,1.42,91.2,14.97
2017,12,28,0.03,99.56,28.49,32.59,25.13,53.09,0.99,24.3,12.33
2017,12,29,0.0,99.76,28.36,32.1,25.3,52.25,1.4,14.6,14.99
2017,12,30,0.0,99.47,27.88,32.52,24.08,52.59,0.33,58.4,14.22
2017,12,31,0.0,99.66,27.79,31.69,24.6,50.01,0.73,46.6,15.82
2018,1,1,0.0,99.58,30.54,34.62,27.2,50.42,0.81,86.1,14.21
2018,1,2,0.0,99.59,29.12,32.33,26.5,47.79,1.96,52.6,11.22
2018,1,3,0.0,99.69,29.46,33.54,26.12,54.36,1.58,41.4,15.28
2018,1,4,0.0,99.26,29.15,33.25,25.79,51.71,1.28,14.6,14.32
2018,1,5,0.0,99.81,29.72,33.73,26.44,57.05,1.02,27.4,14.44
2018,1,6,0.0,99.25,29.17,32.82,26.19,50.51,0.96,21.5,14.71
2018,1,7,0.0,99.8,27.31,31.58,23.81,51.98,0.95,30.5,16.31
2018,1,8,0.0,99.67,28.21,31.81,25.26,53.79,1.44,30.5,17.4
2018,1,9,0.0,99.68,28.98,32.65,25.98,53.06,1.22,30.1,14.83
2018,1,10,0.0,99.89,28.98,33.03,25.66,51.8,1.52,41.4,13.71
2018,1,11,0.0,99.81,28.94,33.4,25.29,56.48,1.4,56.6,11.96
2018,1,12,0.0,99.75,28.09,32.2,24.73,49.66,1.34,68.2,17.09
2018,1,13,0.0,99.55,28.49,32.7,25.05,53.61,0.88,62.5,17.53
2018,1,14,0.0,99.53,29.07,33.01,25.85,50.91,0.88,0.6,13.31
2018,1,15,0.0,99.75,28.93,32.87,25.71,51.66,1.23,6.1,15.25
2018,1,16,0.0,99.68,29.46,33.83,25.89,52.66,1.33,30.5,15.09
2018,1,17,0.0,99.65,28.18,32.64,24.53,51.69,1.11,9.2,12.99
2018,1,18,0.0,99.59,29.28,33.71,25.66,51.59,0.71,52.5,15.45
2018,1,19,0.0,99.53,28.55,32.84,25.04,48.14,1.27,39.6,15.85
2018,1,20,0.0,99.35,28.71,32.92,25.26,54.26,1.47,43.8,14.79
2018,1,21,0.0,99.72,28.93,32.66,25.88,48.12,0.76,76.4,15.37
2018,1,22,0.0,99.57,27.76,31.73,24.51,55.61,1.07,30.7,15.81
2018,1,23,0.0,99.56,29.07,33.0,25.86,51.75,0.82,9.0,15.22
2018,1,24,0.0,99.27,29.86,34.0,26.47,54.34,1.55,34.8,14.94
2018,1,25,0.0,99.62,28.14,32.48,24.59,45.9,1.94,340.9,14.96
2018,1,26,0.0,99.35,30.29,34.32,26.99,51.92,1.68,36.0,16.12
2018,1,27,0.0,99.52,28.54,31.98,25.73,51.98,0.58,331.0,16.06
2018,1,28,0.0,99.74,29.41,33.88,25.75,49.79,1.31,41.3,16.66
2018,1,29,0.0,99.61,28.07,31.95,24.9,54.19,1.39,71.6,15.87
2018,1,30,0.0,99.58,30.51,34.4,27.33,50.46,1.84,55.5,16.55
2018,1,31,0.0,99.47,28.26,32.56,24.74,49.81,0.96,49.2,17.4
2018,2,1,0.0,99.5,29.14,33.12,25.88,51.12,1.14,54.6,14.05
2018,2,2,0.0,99.88,28.62,32.75,25.24,54.43,0.74,19.8,16.17
2018,2,3,0.0,99.74,28.96,33.18,25.51,52.71,0.67,342.9,16.18
2018,2,4,0.0,99.51,29.07,33.23,25.66,53.02,1.21,6.1,14.87
2018,2,5,0.0,99.57,28.75,32.8,25.43,53.94,1.74,57.4,16.79
2018,2,6,0.0,99.64,28.5,32.66,25.1,51.5,1.2,67.9,15.75
2018,2,7,0.0,99.67,28.94,33.7,25.04,54.65,1.2,77.5,15.78
2018,2,8,0.0,99.59,28.91,33.39,25.25,52.99,0.7,4.1,13.99
2018,2,9,0.0,99.27,29.18,33.57,25.59,54.15,1.24,74.2,16.14
2018,2,10,0.0,99.58,29.29,33.54,25.81,50.1,0.98,4.7,16.33
2018,2,11,0.0,99.57,29.5,34.09,25.75,52.3,1.01,52.3,17.49
2018,2,12,0.0,99.96,29.32,33.71,25.73,54.45,1.84,56.6,17.59
2018,2,13,0.0,100.07,29.01,33.51,25.32,56.67,1.02,21.6,16.2
2018,2,14,0.0,99.7,28.72,33.23,25.03,54.73,1.06,63.1,17.17
2018,2,15,0.0,99.46,27.82,32.15,24.27,54.85,1.27,339.2,17.69
2018,2,16,0.0,99.7,28.98,33.27,25.47,48.17,0.2,12.7,15.94
2018,2,17,0.0,99.28,29.63,33.69,26.31,51.35,0.89,18.7,15.72
2018,2,18,0.0,99.48,28.31,32.99,24.48,53.67,0.51,59.1,15.83
2018,2,19,0.0,99.29,28.36,32.49,24.98,48.67,0.98,58.2,16.99
2018,2,20,0.0,99.68,29.72,33.56,26.58,53.25,1.92,46.9,16.21
2018,2,21,0.0,99.36,29.93,34.17,26.46,51.22,0.2,46.6,16.24
2018,2,22,0.0,99.52,28.19,32.28,24.85,51.37,0.56,76.6,15.53
2018,2,23,0.0,99.56,30.54,34.4,27.38,52.34,1.71,30.6,18.59
2018,2,24,0.0,99.57,29.03,32.9,25.86,53.16,1.13,28.5,17.21
2018,2,25,0.0,99.48,29.36,33.5,25.97,54.24,1.36,36.7,16.08
2018,2,26,0.0,99.63,28.44,32.6,25.04,49.19,1.23,13.4,18.84
2018,2,27,0.0,99.34,28.85,32.59,25.79,54.87,1.25,58.6,18.18
2018,2,28,0.0,99.88,28.94,32.96,25.65,54.01,1.07,6.8,15.24
2018,3,1,0.0,99.38,27.99,32.38,24.4,51.56,0.2,36.4,17.4
2018,3,2,0.0,99.57,29.75,33.16,26.96,54.95,1.19,66.9,18.64
2018,3,3,0.0,99.67,28.54,32.58,25.23,47.63,1.62,34.4,15.97
2018,3,4,0.0,99.68,28.19,32.31,24.82,52.78,1.59,12.4,16.22
2018,3,5,0.0,99.69,27.7,31.99,24.19,50.79,1.43,51.3,17.39
2018,3,6,0.0,99.26,28.88,32.93,25.57,49.45,1.17,62.3,18.68
2018,3,7,0.0,99.38,28.63,32.63,25.36,48.25,1.27,55.3,19.25
2018,3,8,0.0,99.57,27.74,32.01,24.24,54.2,1.54,56.7,17.75
2018,3,9,0.0,99.63,28.49,32.58,25.14,53.89,0.63,22.7,16.89
2018,3,10,0.0,99.77,28.7,33.29,24.95,55.85,1.9,104.0,17.93
2018,3,11,0.0,99.45,28.05,32.32,24.56,54.39,1.6,71.7,16.71
2018,3,12,0.0,99.37,28.55,32.87,25.01,51.75,1.92,24.2,18.57
2018,3,13,0.0,99.44,28.26,32.38,24.89,60.21,1.34,49.5,17.38
2018,3,14,0.0,99.94,28.07,32.68,24.3,55.5,1.03,49.6,16.45
2018,3,15,0.0,99.8,27.51,31.45,24.29,49.48,1.41,48.2,19.02
2018,3,16,0.0,99.49,28.29,32.06,25.2,52.39,1.52,56.1,17.45
2018,3,17,0.0,99.75,26.66,30.72,23.34,53.44,1.97,44.2,16.9
2018,3,18,0.0,99.42,29.08,33.09,25.8,52.12,1.13,61.2,18.96
2018,3,19,0.0,99.69,28.87,32.92,25.56,58.66,1.09,69.3,16.99
2018,3,20,0.0,99.26,27.28,31.9,23.5,52.17,1.65,56.4,17.21
2018,3,21,0.0,99.57,26.95,30.81,23.79,51.96,1.17,28.2,17.48
2018,3,22,0.0,99.69,28.73,32.79,25.41,55.19,1.03,78.7,20.24
2018,3,23,0.0,99.44,27.75,31.37,24.79,53.52,1.06,44.9,18.49
2018,3,24,0.0,99.61,27.87,32.46,24.12,52.64,0.5,52.4,19.49
2018,3,25,0.0,99.39,27.8,31.22,25.0,59.41,1.01,35.5,20.13
2018,3,26,0.0,99.55,26.82,30.92,23.47,57.74,1.44,83.9,18.72
2018,3,27,0.0,99.4,28.24,31.93,25.22,49.58,1.29,31.9,19.15
2018,3,28,0.0,99.63,27.96,31.63,24.96,58.88,1.47,45.6,19.85
2018,3,29,0.0,99.25,27.61,31.41,24.5,53.24,1.81,119.6,19.31
2018,3,30,0.0,99.29,25.96,29.7,22.9,57.03,2.22,359.4,19.01
2018,3,31,0.0,99.71,27.85,31.96,24.49,59.52,1.22,26.4,19.54
2018,4,1,0.0,99.02,27.71,31.39,24.7,56.36,0.89,81.5,18.9
2018,4,2,0.0,99.35,27.33,31.64,23.8,60.62,1.17,55.1,18.59
2018,4,3,0.0,99.43,28.02,32.4,24.43,56.76,1.64,68.7,18.98
2018,4,4,0.0,99.52,28.08,32.54,24.43,56.28,2.29,16.4,18.88
2018,4,5,0.0,99.36,27.47,31.05,24.54,57.51,1.43,48.9,20.47
2018,4,6,0.0,99.24,26.12,29.9,23.03,51.38,1.56,51.7,17.54
2018,4,7,0.0,99.66,26.24,30.09,23.09,54.45,1.3,56.4,20.42
2018,4,8,0.0,99.62,26.58,30.4,23.45,52.21,1.46,59.4,22.37
2018,4,9,22.96,98.78,25.92,30.11,22.49,67.54,1.89,358.7,17.76
2018,4,10,18.41,98.64,26.8,30.85,23.49,67.01,1.74,55.3,17.92
2018,4,11,0.0,99.47,27.12,30.81,24.1,55.43,1.43,102.2,18.75
2018,4,12,0.0,99.44,26.71,30.57,23.55,55.68,1.56,53.9,17.78
2018,4,13,0.0,99.28,27.21,31.13,24.0,52.53,1.34,37.0,19.28
2018,4,14,0.0,99.04,26.16,30.03,23.0,55.12,1.95,47.6,19.65
2018,4,15,0.0,99.34,27.08,30.78,24.05,61.54,2.23,99.1,17.49
2018,4,16,0.0,99.52,26.73,30.31,23.8,55.6,1.21,356.6,18.74
2018,4,17,0.0,99.54,26.87,30.95,23.53,56.49,1.26,86.7,18.51
2018,4,18,0.0,99.35,27.03,30.56,24.14,58.43,1.45,81.0,20.91
2018,4,19,0.0,99.24,26.33,30.37,23.03,59.15,1.93,49.7,20.22
2018,4,20,0.0,99.48,24.9,28.79,21.71,58.08,1.47,158.6,19.39
2018,4,21,4.17,99.03,25.59,29.17,22.66,57.22,2.01,102.6,19.61
2018,4,22,0.0,99.08,26.69,30.62,23.47,60.73,1.09,83.3,19.39
2018,4,23,0.0,99.3,25.67,29.25,22.74,64.99,1.68,113.0,21.43
2018,4,24,0.0,99.59,25.53,29.44,22.33,65.17,1.79,99.3,19.86
2018,4,25,12.93,99.26,25.44,28.96,22.56,65.56,1.41,95.4,18.19
2018,4,26,0.0,99.05,26.6,30.35,23.53,62.03,1.75,92.6,18.49
2018,4,27,2.78,99.13,25.97,29.65,22.96,69.98,2.25,74.7,20.28
2018,4,28,0.0,99.71,26.89,30.39,24.02,61.83,1.81,121.3,15.96
2018,4,29,0.0,99.13,25.87,29.43,22.95,63.05,2.06,91.6,17.72
2018,4,30,0.0,99.54,25.76,29.21,22.94,58.66,2.47,129.7,21.19
2018,5,1,0.0,99.41,25.26,29.19,22.05,66.28,1.62,131.8,16.73
2018,5,2,0.0,99.44,24.26,27.65,21.49,64.67,2.1,129.7,18.15
2018,5,3,0.0,99.13,25.36,28.9,22.47,61.93,0.96,93.9,19.77
2018,5,4,0.0,99.13,25.2,28.16,22.78,66.92,1.55,84.7,19.35
2018,5,5,42.11,97.97,23.86,27.18,21.15,90.28,2.41,110.5,14.75
2018,5,6,0.0,99.32,25.21,28.86,22.22,64.17,1.96,114.6,18.12
2018,5,7,0.0,98.87,25.1,28.68,22.17,62.03,2.31,106.7,17.51
2018,5,8,0.0,99.12,25.61,29.16,22.71,67.65,1.67,149.2,19.04
2018,5,9,51.26,98.15,22.55,25.94,19.78,91.79,1.25,149.4,13.26
2018,5,10,0.0,99.24,25.23,28.67,22.41,69.18,2.05,148.1,15.63
2018,5,11,0.0,99.3,25.46,29.2,22.4,72.26,2.14,170.1,16.92
2018,5,12,0.0,98.81,24.08,27.14,21.57,64.81,2.27,139.6,19.01
2018,5,13,0.0,98.91,24.09,27.72,21.12,67.35,3.0,105.9,19.97
2018,5,14,0.0,99.29,23.75,26.77,21.28,71.39,1.7,178.2,18.19
2018,5,15,0.0,99.09,23.25,26.57,20.53,66.98,2.25,155.6,17.2
2018,5,16,55.96,97.5,23.41,26.39,20.97,91.79,2.42,176.5,13.4
2018,5,17,75.96,97.66,24.26,27.68,21.46,92.99,2.55,161.0,12.65
2018,5,18,0.0,98.94,24.09,26.9,21.79,75.87,3.02,134.8,18.6
2018,5,19,0.0,99.48,23.63,26.49,21.29,77.22,2.65,120.6,19.83
2018,5,20,0.0,99.12,25.0,28.08,22.48,76.12,3.02,183.8,16.82
2018,5,21,40.72,97.82,22.49,25.36,20.14,99.0,3.2,148.5,16.72
2018,5,22,88.68,97.65,21.09,23.96,18.74,99.0,2.26,191.6,11.29
2018,5,23,25.78,98.62,21.89,24.9,19.43,92.01,3.25,108.8,12.76
2018,5,24,26.04,98.32,22.99,25.67,20.8,92.55,2.78,186.0,14.71
2018,5,25,36.87,97.9,22.18,25.21,19.7,95.21,2.9,186.1,11.72
2018,5,26,80.17,97.5,22.09,25.17,19.57,95.12,2.97,217.4,11.53
2018,5,27,7.02,98.65,23.45,25.97,21.38,79.34,3.11,163.3,14.79
2018,5,28,141.14,97.5,20.31,23.31,17.85,99.0,2.42,176.0,11.79
2018,5,29,66.33,97.5,20.55,23.52,18.12,99.0,2.41,223.6,12.2
2018,5,30,32.87,98.25,21.09,24.11,18.62,98.52,2.84,220.2,13.52
2018,5,31,60.53,97.5,21.1,24.01,18.72,96.0,3.29,168.2,12.05
2018,6,1,35.75,98.11,21.36,24.32,18.94,99.0,3.58,156.8,13.34
2018,6,2,37.02,97.91,21.01,23.95,18.6,97.84,2.85,190.8,11.79
2018,6,3,0.0,98.92,22.53,25.43,20.16,78.19,3.46,217.8,15.78
2018,6,4,0.0,98.79,23.15,26.07,20.76,85.25,3.08,210.5,15.25
2018,6,5,41.08,97.87,20.85,24.07,18.21,99.0,3.31,189.7,12.48
2018,6,6,29.83,98.19,20.89,24.03,18.32,94.65,2.98,256.0,13.46
2018,6,7,121.69,97.5,19.58,22.32,17.34,99.0,3.28,188.2,11.78
2018,6,8,29.61,97.79,20.62,23.2,18.51,97.83,2.9,209.8,12.17
2018,6,9,20.66,98.38,22.29,25.38,19.76,95.63,3.31,167.4,14.4
2018,6,10,38.12,97.95,20.32,23.68,17.57,99.0,3.63,182.8,11.84
2018,6,11,0.0,98.56,23.53,26.24,21.32,80.55,3.16,203.6,16.3
2018,6,12,42.8,97.57,20.93,23.77,18.61,99.0,3.43,219.6,11.97
2018,6,13,10.06,98.49,21.17,23.77,19.05,89.14,3.5,145.4,16.2
2018,6,14,0.0,98.39,21.66,24.48,19.35,86.1,3.8,185.6,15.77
2018,6,15,48.65,97.71,18.61,20.73,16.88,99.0,2.69,147.9,8.25
2018,6,16,67.0,97.5,19.67,22.17,17.62,99.0,3.68,164.1,11.26
2018,6,17,35.4,97.95,21.88,24.72,19.56,99.0,3.02,254.9,10.84
2018,6,18,0.0,98.59,23.02,25.4,21.07,84.57,3.0,194.5,16.58
2018,6,19,71.27,97.64,20.95,23.72,18.69,99.0,3.22,277.4,10.16
2018,6,20,15.88,98.11,21.57,24.31,19.32,98.53,3.13,180.4,14.11
2018,6,21,27.32,97.99,20.51,23.26,18.26,99.0,3.58,239.9,14.69
2018,6,22,44.7,97.86,19.96,22.4,17.96,99.0,3.15,225.2,11.78
2018,6,23,35.6,97.66,20.6,23.38,18.33,99.0,3.75,220.7,12.29
2018,6,24,35.38,97.88,20.17,23.24,17.66,99.0,2.74,181.6,12.66
2018,6,25,59.15,97.5,19.0,21.41,17.02,99.0,3.97,210.7,8.99
2018,6,26,61.86,97.5,19.46,21.82,17.53,99.0,2.99,222.8,11.79
2018,6,27,33.6,97.77,19.18,21.66,17.15,99.0,3.74,214.5,11.63
2018,6,28,48.6,97.55,19.9,22.5,17.77,99.0,3.3,237.1,10.79
2018,6,29,37.44,97.87,19.26,21.49,17.43,99.0,3.45,212.3,11.46
2018,6,30,44.59,97.5,19.97,22.35,18.02,99.0,3.29,213.2,9.4
2018,7,1,0.0,99.05,20.56,23.46,18.19,85.49,2.83,227.1,12.67
2018,7,2,48.32,97.59,19.24,22.05,16.94,99.0,3.47,254.4,10.38
2018,7,3,11.91,98.55,20.97,23.19,19.16,95.97,3.19,286.0,15.01
2018,7,4,31.64,98.05,19.84,22.84,17.39,99.0,3.12,209.2,12.72
2018,7,5,46.84,97.5,19.77,22.13,17.84,99.0,3.51,166.9,12.1
2018,7,6,94.84,97.5,19.48,22.05,17.38,99.0,3.57,253.1,12.23
2018,7,7,53.16,97.5,18.85,21.34,16.82,99.0,3.71,266.9,9.88
2018,7,8,64.53,97.5,18.72,21.45,16.49,99.0,3.86,195.7,9.21
2018,7,9,72.23,97.5,18.65,20.81,16.88,99.0,3.22,266.4,9.34
2018,7,10,0.0,98.32,20.53,22.86,18.62,85.58,3.14,247.5,14.63
2018,7,11,0.0,98.73,22.54,24.76,20.72,83.27,3.96,197.1,15.2
2018,7,12,17.66,98.21,19.91,22.09,18.12,99.0,3.55,155.8,11.81
2018,7,13,11.26,98.04,21.36,23.63,19.5,96.92,4.42,210.9,12.57
2018,7,14,28.87,98.06,19.99,22.24,18.15,99.0,2.89,260.6,11.77
2018,7,15,76.58,97.5,18.77,21.43,16.6,99.0,3.79,214.5,10.73
2018,7,16,0.0,98.64,21.15,23.53,19.2,91.49,3.35,231.4,14.49
2018,7,17,111.53,97.5,19.19,21.61,17.21,99.0,3.35,181.1,10.8
2018,7,18,13.05,98.05,19.26,21.25,17.63,93.61,3.43,251.1,13.72
2018,7,19,69.1,97.5,18.95,21.73,16.68,99.0,4.14,217.0,9.48
2018,7,20,53.17,97.5,19.02,21.06,17.35,99.0,2.98,253.0,10.14
2018,7,21,38.79,97.64,19.23,21.78,17.15,99.0,2.96,193.1,11.07
2018,7,22,21.2,98.12,18.69,21.59,16.32,92.46,3.82,175.2,12.49
2018,7,23,0.0,98.74,20.8,23.76,18.38,82.84,4.22,247.6,16.05
2018,7,24,62.28,97.5,20.17,22.34,18.39,99.0,3.28,242.9,10.95
2018,7,25,107.74,97.5,19.44,21.95,17.38,99.0,3.95,202.3,9.57
2018,7,26,21.14,98.19,19.48,22.27,17.2,95.13,3.85,286.5,12.51
2018,7,27,22.4,98.5,20.81,23.29,18.78,97.95,3.6,223.2,14.13
2018,7,28,78.87,97.5,18.33,21.23,15.96,99.0,3.54,212.3,9.58
2018,7,29,90.79,97.5,19.31,21.37,17.63,99.0,3.31,226.2,10.67
2018,7,30,0.0,98.76,21.34,24.02,19.15,79.98,3.77,225.4,15.78
2018,7,31,0.0,98.56,20.91,23.69,18.64,85.29,3.65,241.0,16.14
2018,8,1,0.0,98.66,21.92,24.27,19.99,86.72,3.16,190.9,16.25
2018,8,2,0.0,98.94,21.75,24.66,19.37,81.66,2.75,209.2,14.83
2018,8,3,20.31,98.42,19.9,22.32,17.92,93.08,3.02,200.1,14.65
2018,8,4,0.0,98.7,21.08,24.25,18.49,84.86,2.89,206.7,15.99
2018,8,5,25.29,98.23,19.7,22.35,17.53,99.0,3.24,245.1,12.22
2018,8,6,23.35,98.04,20.01,22.73,17.79,93.29,3.42,192.0,13.69
2018,8,7,31.47,98.0,20.58,23.08,18.54,98.3,3.35,189.6,13.53
2018,8,8,35.0,97.87,20.01,22.72,17.79,99.0,3.35,192.4,11.08
2018,8,9,21.57,98.46,21.32,23.95,19.17,94.69,3.21,186.4,13.73
2018,8,10,0.0,98.93,20.39,23.32,17.99,76.71,3.1,182.2,16.72
2018,8,11,14.17,98.38,21.17,24.11,18.77,82.41,3.05,195.4,13.33
2018,8,12,46.23,97.6,20.32,23.19,17.98,99.0,3.51,184.4,12.15
2018,8,13,20.78,98.35,20.87,23.83,18.45,87.17,2.82,185.8,12.2
2018,8,14,16.4,98.44,20.06,22.69,17.9,88.28,2.89,194.3,12.37
2018,8,15,26.81,98.17,19.91,22.58,17.72,94.2,2.11,198.9,13.47
2018,8,16,9.0,98.61,22.04,25.35,19.33,82.61,2.69,199.7,14.29
2018,8,17,22.01,98.61,20.56,23.36,18.27,86.29,2.75,196.1,15.84
2018,8,18,38.13,97.88,19.79,22.9,17.25,93.34,3.28,182.5,10.76
2018,8,19,0.0,98.98,21.68,24.1,19.7,77.27,2.28,131.3,15.64
2018,8,20,0.0,99.37,21.79,24.98,19.18,77.22,2.71,142.3,15.42
2018,8,21,24.29,98.19,21.87,25.29,19.07,90.85,2.66,146.5,13.37
2018,8,22,7.21,98.81,20.56,23.72,17.98,77.03,2.93,151.5,17.87
2018,8,23,23.27,98.43,21.59,24.78,18.98,85.9,2.47,133.4,13.06
2018,8,24,0.0,98.97,23.2,26.8,20.25,75.12,2.84,127.3,15.16
2018,8,25,44.22,97.89,21.12,24.39,18.44,94.37,2.68,108.9,13.42
2018,8,26,45.9,97.69,22.08,25.11,19.6,92.23,2.25,134.9,9.62
2018,8,27,0.0,99.07,22.02,25.14,19.47,68.98,2.08,144.8,16.34
2018,8,28,0.0,98.69,23.02,26.11,20.49,72.84,3.27,131.8,14.28
2018,8,29,40.65,98.33,20.77,24.32,17.86,91.52,2.23,128.0,10.32
2018,8,30,8.62,99.13,21.8,25.46,18.8,73.06,1.76,140.4,15.3
2018,8,31,0.0,98.99,21.01,24.63,18.05,70.62,2.2,147.5,13.99
2018,9,1,0.0,99.24,22.3,25.45,19.72,66.89,2.08,135.4,15.08
2018,9,2,0.0,99.01,23.43,26.82,20.65,66.8,1.86,136.8,15.56
2018,9,3,0.0,99.08,21.54,25.13,18.61,68.07,2.26,144.6,17.77
2018,9,4,0.0,98.96,24.27,27.36,21.74,66.2,2.31,107.6,16.84
2018,9,5,0.0,99.24,23.14,26.82,20.13,71.02,1.44,150.4,16.3
2018,9,6,0.0,99.0,22.14,25.83,19.12,68.12,2.23,102.8,17.85
2018,9,7,3.33,99.17,23.0,26.64,20.02,68.39,2.43,105.2,12.54
2018,9,8,0.0,99.11,23.51,27.23,20.47,69.73,1.75,49.6,14.53
2018,9,9,29.53,98.39,21.56,25.05,18.71,81.86,1.58,95.7,12.14
2018,9,10,7.64,98.68,22.4,25.7,19.7,72.24,1.67,71.6,17.25
2018,9,11,0.0,99.15,24.58,28.45,21.42,61.86,1.84,139.5,17.63
2018,9,12,0.0,98.95,23.02,26.59,20.1,62.51,1.99,128.8,16.84
2018,9,13,0.0,99.17,23.21,26.64,20.4,61.25,1.55,85.9,18.46
2018,9,14,36.95,98.59,22.82,26.45,19.85,85.34,1.8,88.7,14.56
2018,9,15,3.13,98.85,23.25,26.89,20.27,60.69,1.85,58.4,17.28
2018,9,16,0.0,99.16,24.02,27.51,21.16,63.88,1.97,74.5,15.49
2018,9,17,0.0,99.07,23.21,26.99,20.11,61.32,1.33,111.1,17.39
2018,9,18,3.12,98.93,22.98,27.15,19.57,64.52,1.56,129.4,17.5
2018,9,19,0.0,99.06,23.91,27.23,21.2,62.14,1.57,90.6,18.24
2018,9,20,0.0,99.47,23.01,26.34,20.28,63.51,2.43,94.5,16.94
2018,9,21,10.22,99.27,23.62,27.64,20.33,73.63,2.2,94.2,14.79
2018,9,22,3.81,98.94,23.0,26.9,19.81,69.3,1.76,75.5,15.94
2018,9,23,0.0,99.3,24.13,28.28,20.73,63.66,1.2,96.6,17.72
2018,9,24,15.31,98.68,24.15,28.37,20.7,68.67,2.09,80.2,15.47
2018,9,25,0.18,99.11,22.54,26.46,19.33,61.7,2.19,105.2,15.24
2018,9,26,17.78,98.43,23.0,26.4,20.22,69.62,1.71,85.4,15.12
2018,9,27,0.0,99.63,22.67,26.49,19.55,58.79,1.55,45.2,14.46
2018,9,28,25.46,98.81,22.86,26.49,19.89,69.3,1.46,99.9,14.14
2018,9,29,0.0,99.13,24.37,28.23,21.21,60.06,1.98,89.3,18.71
2018,9,30,0.0,99.3,23.94,27.47,21.05,61.43,1.95,72.4,17.13
2018,10,1,0.0,99.18,22.72,26.6,19.54,62.34,1.31,84.2,15.57
2018,10,2,1.97,99.38,24.82,28.75,21.6,62.01,1.39,58.9,19.45
2018,10,3,0.0,99.2,23.28,27.09,20.16,58.68,1.31,55.4,14.71
2018,10,4,0.0,99.23,24.93,28.78,21.78,59.25,2.38,74.5,14.36
2018,10,5,0.0,99.15,23.87,27.8,20.65,63.27,1.82,94.2,14.69
2018,10,6,0.0,99.37,23.82,27.34,20.94,55.96,2.14,97.5,14.78
2018,10,7,2.67,99.6,24.37,28.18,21.25,60.86,1.77,54.3,16.98
2018,10,8,0.0,99.22,25.25,28.95,22.22,60.96,1.88,86.6,15.38
2018,10,9,0.0,99.22,25.91,29.94,22.62,59.85,1.62,56.7,14.14
2018,10,10,0.0,99.27,24.29,28.22,21.07,56.85,2.29,90.0,14.18
2018,10,11,0.0,99.32,23.71,27.26,20.81,63.84,1.87,83.2,16.53
2018,10,12,0.0,99.22,24.9,28.8,21.71,64.61,1.73,93.7,14.65
2018,10,13,13.78,98.86,23.2,27.28,19.87,66.31,1.06,69.8,12.72
2018,10,14,0.0,99.29,25.25,29.05,22.14,52.65,1.97,126.3,13.77
2018,10,15,0.0,98.96,25.07,28.66,22.13,67.39,1.98,145.7,14.91
2018,10,16,14.61,98.81,25.16,28.54,22.4,68.81,2.28,85.3,12.46
2018,10,17,0.0,98.91,25.57,28.69,23.02,59.37,1.69,72.7,14.43
2018,10,18,0.0,99.18,24.97,28.93,21.73,61.94,1.55,63.0,13.95
2018,10,19,0.0,99.1,24.93,28.21,22.25,63.3,2.52,58.7,14.12
2018,10,20,6.09,99.23,24.08,27.44,21.33,64.15,1.31,123.7,14.36
2018,10,21,0.0,99.14,24.35,28.01,21.35,63.07,1.54,82.1,12.82
2018,10,22,0.0,99.21,24.99,28.7,21.95,62.52,2.45,59.3,14.78
2018,10,23,0.0,98.89,24.3,28.33,21.01,61.06,2.24,65.2,11.94
2018,10,24,27.17,98.78,23.82,27.54,20.78,73.48,1.79,63.4,12.56
2018,10,25,0.0,99.08,24.81,28.35,21.92,66.96,1.81,134.8,13.51
2018,10,26,0.0,99.19,25.59,29.12,22.7,64.92,1.84,139.6,14.66
2018,10,27,0.0,99.42,25.2,28.38,22.59,61.28,2.24,93.8,14.14
2018,10,28,0.0,99.42,25.96,29.95,22.69,64.64,2.25,90.6,15.34
2018,10,29,7.76,98.88,24.78,28.62,21.64,65.41,2.16,41.8,12.87
2018,10,30,5.73,99.23,24.3,27.97,21.3,66.66,2.23,60.9,14.56
2018,10,31,0.0,99.07,25.78,29.77,22.52,65.31,2.16,75.9,14.12
2018,11,1,13.79,98.98,24.8,28.69,21.62,72.55,1.03,117.8,10.63
2018,11,2,0.0,99.15,25.3,29.04,22.24,62.52,2.08,168.0,14.46
2018,11,3,18.06,98.66,24.52,28.1,21.59,75.86,1.81,122.0,11.79
2018,11,4,0.0,99.3,25.58,29.18,22.63,63.62,2.77,96.4,12.76
2018,11,5,0.0,99.17,25.45,28.64,22.84,62.06,1.39,104.8,13.27
2018,11,6,0.0,99.66,26.06,29.96,22.87,68.14,1.48,103.3,12.16
2018,11,7,0.0,99.19,26.27,29.82,23.36,60.2,1.98,90.2,16.31
2018,11,8,14.35,98.74,24.97,28.87,21.78,72.24,1.46,94.4,11.47
2018,11,9,0.0,99.15,27.26,31.08,24.14,67.06,2.88,49.8,11.87
2018,11,10,4.26,99.21,25.35,29.0,22.36,60.51,2.12,76.6,10.11
2018,11,11,0.0,99.34,25.99,29.85,22.83,67.34,1.67,84.9,14.04
2018,11,12,0.0,99.39,24.91,28.34,22.11,67.3,2.03,64.2,13.32
2018,11,13,0.0,99.5,26.03,29.27,23.38,61.05,1.95,100.0,13.0
2018,11,14,0.0,99.04,26.02,29.64,23.06,62.95,1.6,108.1,13.68
2018,11,15,0.0,99.52,26.19,29.98,23.09,59.84,1.35,128.2,13.8
2018,11,16,0.0,99.19,26.98,30.9,23.77,59.34,1.39,78.8,13.98
2018,11,17,0.0,99.43,27.53,31.25,24.49,58.22,1.63,36.1,12.69
2018,11,18,0.0,99.68,27.2,30.66,24.37,65.86,2.15,132.5,11.07
2018,11,19,12.03,98.93,25.93,30.01,22.59,66.8,1.99,58.7,11.02
2018,11,20,0.0,99.23,26.69,30.32,23.72,56.67,2.57,142.2,13.53
2018,11,21,0.0,99.2,27.69,31.54,24.54,63.16,1.39,126.1,12.81
2018,11,22,0.0,99.34,25.98,29.88,22.79,61.83,1.24,72.1,14.26
2018,11,23,0.0,99.63,27.3,31.09,24.2,60.7,1.61,71.4,14.46
2018,11,24,1.41,99.17,26.14,29.39,23.48,58.27,1.82,43.9,12.92
2018,11,25,0.0,99.33,27.68,31.3,24.72,57.89,1.81,12.1,12.34
2018,11,26,0.0,99.6,26.85,30.8,23.62,64.52,1.75,89.8,12.73
2018,11,27,7.28,99.36,26.11,30.37,22.62,63.49,1.67,68.8,12.72
2018,11,28,0.0,99.35,26.62,30.65,23.32,56.62,1.36,103.3,13.71
2018,11,29,0.0,99.41,26.79,30.78,23.52,59.87,1.39,105.8,15.09
2018,11,30,0.0,99.62,27.87,31.2,25.15,59.85,2.12,18.4,13.83
2018,12,1,0.0,99.75,28.2,32.38,24.78,62.27,1.05,68.6,13.7
2018,12,2,0.0,99.77,27.05,31.2,23.65,57.09,1.58,125.3,11.52
2018,12,3,0.0,99.72,26.78,30.85,23.45,58.67,1.9,35.7,14.61
2018,12,4,0.0,99.36,28.87,32.87,25.6,57.84,1.06,94.9,13.49
2018,12,5,0.0,99.81,28.08,32.16,24.74,54.08,1.04,71.0,11.6
2018,12,6,0.0,99.36,27.02,31.31,23.51,52.0,1.52,68.0,11.18
2018,12,7,0.0,99.2,27.87,31.82,24.64,57.31,1.55,56.5,13.27
2018,12,8,0.0,99.53,27.39,31.47,24.06,57.27,1.25,21.6,14.65
2018,12,9,0.0,99.78,26.83,30.73,23.64,48.29,1.53,10.7,12.33
2018,12,10,0.0,99.64,27.56,31.56,24.29,56.37,0.72,36.6,13.84
2018,12,11,0.0,99.51,26.87,30.9,23.57,54.45,1.08,21.9,12.0
2018,12,12,0.0,99.58,27.55,31.73,24.13,55.69,1.75,66.8,13.21
2018,12,13,15.06,99.25,27.06,30.94,23.88,61.22,0.6,110.2,11.61
2018,12,14,0.75,99.54,27.57,31.57,24.3,58.59,2.07,92.9,12.98
2018,12,15,0.0,99.49,28.66,32.79,25.28,56.82,1.22,35.7,15.0
2018,12,16,0.0,99.41,28.35,32.36,25.07,49.89,1.87,81.5,13.79
2018,12,17,6.46,99.41,27.41,31.5,24.06,54.44,1.69,71.9,14.28
2018,12,18,0.0,99.53,28.38,32.11,25.33,53.66,1.33,53.7,14.55
2018,12,19,0.0,99.56,29.11,33.32,25.66,51.62,1.33,94.3,14.69
2018,12,20,0.0,99.75,27.66,31.56,24.47,56.26,1.94,355.1,13.77
2018,12,21,0.0,99.52,27.36,31.05,24.34,50.29,0.81,26.8,14.63
2018,12,22,0.0,99.53,27.56,31.72,24.16,56.02,1.17,67.4,14.2
2018,12,23,0.0,99.6,28.62,32.8,25.2,46.12,0.98,53.5,13.87
2018,12,24,0.0,100.04,29.43,33.64,25.99,51.7,0.88,25.6,17.38
2018,12,25,0.0,99.38,29.01,33.22,25.56,56.64,1.63,5.3,14.11
2018,12,26,0.0,99.77,29.35,33.56,25.91,52.51,1.33,1.3,15.18
2018,12,27,0.0,99.52,26.95,31.45,23.27,52.68,1.31,39.0,14.18
2018,12,28,0.0,99.57,27.93,32.26,24.39,54.72,1.31,62.5,16.4
2018,12,29,0.0,99.34,27.76,32.12,24.19,53.96,1.47,78.8,13.34
2018,12,30,0.0,99.92,28.97,33.23,25.48,52.12,1.09,12.7,15.61
2018,12,31,0.0,99.62,28.46,32.81,24.9,56.08,1.57,34.0,12.42
2019,1,1,0.0,99.71,26.56,30.57,23.28,52.36,1.1,13.4,13.35
2019,1,2,0.0,99.32,29.21,33.51,25.69,53.52,1.14,52.1,15.54
2019,1,3,0.0,99.48,29.52,33.96,25.88,54.65,0.99,56.3,15.31
2019,1,4,0.0,99.67,30.13,34.2,26.8,45.2,1.07,15.2,13.49
2019,1,5,0.0,99.57,28.86,33.36,25.18,49.99,1.25,2.3,14.19
2019,1,6,0.0,99.68,29.2,33.23,25.9,50.35,1.12,89.2,15.95
2019,1,7,0.0,99.97,27.98,32.24,24.5,53.85,0.82,41.1,16.42
2019,1,8,0.0,99.69,27.65,31.5,24.5,56.88,1.05,42.7,15.21
2019,1,9,0.0,99.52,29.69,34.04,26.13,46.78,1.01,6.6,14.5
2019,1,10,0.0,99.48,29.22,33.68,25.57,50.84,1.07,35.3,16.13
2019,1,11,0.0,99.46,29.73,33.85,26.36,55.07,0.42,20.3,14.23
2019,1,12,0.0,99.52,28.69,32.45,25.61,47.13,1.41,23.4,14.38
2019,1,13,0.0,99.53,30.54,34.67,27.16,53.08,1.06,13.1,14.07
2019,1,14,4.91,99.5,28.92,32.8,25.74,55.98,1.25,71.9,12.82
2019,1,15,0.0,99.69,28.38,32.53,24.98,53.51,1.32,20.1,15.69
2019,1,16,0.0,99.68,28.7,33.05,25.14,48.86,0.71,63.9,15.06
2019,1,17,0.0,99.62,27.81,32.06,24.33,51.89,1.36,5.7,15.72
2019,1,18,0.0,99.64,28.28,31.98,25.25,48.64,0.73,79.0,15.59
2019,1,19,0.0,100.06,28.68,32.72,25.38,55.11,1.25,44.3,17.09
2019,1,20,0.0,99.47,30.04,34.22,26.62,49.03,0.44,58.5,16.59
2019,1,21,0.0,99.59,28.92,33.43,25.23,52.11,0.28,352.7,14.75
2019,1,22,0.0,99.28,29.73,33.81,26.39,57.86,1.47,57.7,15.15
2019,1,23,0.0,99.53,28.91,33.17,25.42,55.17,1.32,101.2,14.82
2019,1,24,0.0,99.44,28.27,32.44,24.86,47.06,1.05,44.7,15.16
2019,1,25,0.0,99.47,29.37,33.33,26.13,51.16,1.1,111.5,15.89
2019,1,26,0.0,99.39,28.4,32.4,25.13,52.2,0.5,349.5,16.2
2019,1,27,0.0,99.36,28.72,32.79,25.39,51.48,1.1,12.9,17.06
2019,1,28,0.0,99.62,30.42,34.89,26.76,53.1,1.14,51.8,17.12
2019,1,29,0.0,99.73,29.42,33.33,26.22,53.74,0.94,12.9,15.5
2019,1,30,0.0,99.46,28.42,32.49,25.09,57.15,1.04,100.5,14.75
2019,1,31,0.0,99.23,29.51,33.47,26.27,50.72,0.73,10.2,15.94
2019,2,1,0.0,99.62,28.34,32.82,24.67,54.11,0.54,61.0,15.09
2019,2,2,0.0,99.68,27.77,32.0,24.31,51.52,1.17,20.5,16.64
2019,2,3,0.0,99.72,29.76,34.26,26.08,56.42,0.63,345.2,17.31
2019,2,4,0.0,99.41,29.19,32.58,26.42,53.13,1.27,36.1,16.58
2019,2,5,0.0,99.48,28.84,33.22,25.26,52.15,1.23,30.3,16.16
2019,2,6,0.0,99.39,27.81,31.69,24.64,51.31,1.49,51.4,16.66
2019,2,7,0.0,99.46,28.75,32.71,25.51,49.61,1.22,63.8,15.78
2019,2,8,0.0,99.45,29.1,33.17,25.77,54.47,2.25,19.8,15.16
2019,2,9,0.0,99.5,28.14,32.26,24.77,49.75,0.98,64.3,16.63
2019,2,10,0.0,99.54,28.98,33.1,25.61,46.83,1.24,41.5,17.79
2019,2,11,0.0,99.61,30.02,33.95,26.81,49.37,0.86,16.5,15.69
2019,2,12,0.0,99.44,29.08,33.17,25.73,52.49,1.49,21.0,15.92
2019,2,13,0.0,99.56,29.32,33.42,25.97,48.65,1.16,41.0,17.41
2019,2,14,0.0,99.42,28.59,32.26,25.59,49.82,0.43,52.9,16.35
2019,2,15,0.0,99.27,28.15,32.37,24.7,46.79,0.78,37.1,16.43
2019,2,16,0.0,99.68,28.48,32.6,25.11,49.78,1.03,33.9,15.77
2019,2,17,0.0,99.46,29.6,33.77,26.19,56.89,0.62,18.7,17.25
2019,2,18,0.0,99.27,28.78,32.76,25.52,50.34,1.3,42.3,16.54
2019,2,19,0.0,99.68,28.69,32.82,25.31,51.82,0.56,46.9,15.04
2019,2,20,0.0,99.53,28.46,31.98,25.58,58.4,1.02,94.8,17.52
2019,2,21,0.0,99.66,27.9,31.87,24.65,53.07,0.98,13.7,17.78
2019,2,22,0.0,99.65,29.73,33.72,26.46,52.97,1.48,76.7,16.66
2019,2,23,0.0,99.38,28.61,32.71,25.25,49.49,1.01,61.3,18.13
2019,2,24,0.0,99.74,28.36,32.47,25.0,52.81,1.42,37.1,15.63
2019,2,25,0.0,99.24,28.77,33.15,25.19,57.04,1.25,93.7,16.09
2019,2,26,0.0,99.5,28.32,32.13,25.2,48.82,0.66,37.9,16.69
2019,2,27,0.0,99.48,28.89,33.2,25.36,51.7,1.94,48.2,17.37
2019,2,28,0.0,99.42,28.16,32.82,24.34,48.95,1.51,30.7,17.79
2019,3,1,0.0,99.78,28.7,32.68,25.44,56.78,0.74,59.9,16.83
2019,3,2,0.0,99.61,28.56,32.87,25.03,48.97,0.7,41.4,18.29
2019,3,3,0.0,99.3,29.86,34.37,26.17,50.33,1.56,16.2,16.93
2019,3,4,0.0,99.33,29.88,34.38,26.2,49.08,1.45,52.8,14.73
2019,3,5,0.0,99.94,29.06,33.09,25.76,48.48,1.36,86.2,16.11
2019,3,6,0.0,99.47,28.42,32.83,24.82,52.63,0.74,24.9,19.72
2019,3,7,0.0,99.41,29.01,33.35,25.46,51.42,0.88,66.4,16.95
2019,3,8,0.0,99.75,28.96,33.4,25.33,53.41,1.61,25.3,17.18
2019,3,9,3.0,99.15,27.94,32.23,24.43,55.85,1.34,53.5,15.95
2019,3,10,0.0,99.79,27.2,31.62,23.58,47.79,0.84,57.7,18.72
2019,3,11,0.0,99.4,26.99,31.03,23.69,53.38,1.65,77.6,17.59
2019,3,12,0.0,99.63,28.21,32.18,24.96,50.01,1.88,20.3,18.06
2019,3,13,0.0,99.45,27.9,31.4,25.04,53.01,0.94,37.3,18.1
2019,3,14,0.0,99.25,27.84,31.82,24.58,53.59,0.87,28.0,16.28
2019,3,15,0.0,99.56,27.62,31.63,24.34,51.97,1.7,63.7,17.74
2019,3,16,0.0,99.7,27.56,31.15,24.62,56.44,1.76,62.0,19.9
2019,3,17,0.0,99.1,28.57,32.67,25.21,48.79,1.75,49.6,18.68
2019,3,18,0.0,99.31,25.95,30.33,22.37,49.7,1.3,42.4,16.31
2019,3,19,0.0,99.74,28.45,32.28,25.31,53.6,0.96,69.6,18.46
2019,3,20,0.0,99.58,27.8,32.4,24.04,58.89,1.5,10.0,18.16
2019,3,21,0.0,99.59,28.96,33.14,25.54,50.41,1.04,49.4,18.27
2019,3,22,0.0,99.67,28.1,32.41,24.58,52.93,1.02,74.6,18.1
2019,3,23,0.0,99.59,26.66,30.72,23.34,56.52,1.24,8.2,18.16
2019,3,24,0.0,99.53,26.52,30.34,23.39,55.83,1.19,35.1,18.76
2019,3,25,0.0,99.7,26.98,31.19,23.53,55.07,0.99,34.5,18.21
2019,3,26,0.0,99.42,27.92,32.19,24.43,51.42,0.79,36.4,20.08
2019,3,27,0.0,99.48,26.49,30.5,23.21,53.46,1.12,97.8,18.26
2019,3,28,2.08,99.58,27.64,31.76,24.27,54.86,0.97,349.5,17.53
2019,3,29,0.0,99.34,28.09,32.13,24.78,56.66,0.7,36.5,20.58
2019,3,30,0.0,99.73,27.18,31.04,24.02,53.48,1.29,65.0,18.68
2019,3,31,0.0,99.52,26.88,31.01,23.5,57.77,1.31,73.0,18.91
2019,4,1,0.0,99.26,25.94,29.77,22.8,53.94,1.53,80.8,17.21
2019,4,2,0.0,99.43,28.46,32.69,25.0,54.62,1.31,11.7,17.06
2019,4,3,0.0,99.21,28.62,33.27,24.81,54.01,1.24,86.0,19.42
2019,4,4,0.0,99.47,28.15,32.46,24.62,54.02,1.55,84.3,20.15
2019,4,5,0.0,99.38,27.04,30.99,23.81,54.48,1.34,32.4,21.04
2019,4,6,0.0,99.29,27.15,31.24,23.8,54.94,1.41,29.5,19.39
2019,4,7,0.0,99.12,27.61,31.91,24.09,50.49,1.52,22.2,19.66
2019,4,8,0.0,99.29,27.17,31.12,23.94,54.43,1.11,354.4,18.95
2019,4,9,0.0,99.39,24.83,28.95,21.46,60.14,1.7,113.8,20.46
2019,4,10,0.0,99.35,27.59,31.75,24.19,50.55,1.37,60.7,19.98
2019,4,11,0.0,99.16,27.74,31.76,24.45,55.16,1.33,10.2,18.88
2019,4,12,0.0,99.41,27.58,31.57,24.32,54.51,1.75,358.1,19.15
2019,4,13,0.0,99.22,27.08,31.3,23.63,57.24,1.22,34.9,18.07
2019,4,14,0.0,99.56,27.37,31.76,23.78,58.02,1.27,51.3,19.02
2019,4,15,0.0,99.58,25.65,29.53,22.48,57.27,1.63,85.5,20.09
2019,4,16,0.0,99.33,26.51,30.74,23.05,51.52,1.54,95.9,20.17
2019,4,17,0.0,99.65,26.04,29.51,23.2,51.78,2.75,76.5,18.73
2019,4,18,3.13,99.26,27.33,31.32,24.06,52.04,1.9,72.2,17.66
2019,4,19,0.0,99.12,26.49,29.73,23.84,57.73,0.63,80.1,19.39
2019,4,20,0.0,99.56,26.18,29.8,23.22,53.86,1.67,108.7,22.54
2019,4,21,0.0,99.63,25.51,29.04,22.62,52.26,0.89,78.1,20.05
2019,4,22,0.0,99.51,25.4,29.64,21.93,56.64,1.46,91.6,18.22
2019,4,23,0.0,99.18,25.28,28.98,22.25,57.7,1.71,47.8,19.21
2019,4,24,0.0,99.09,26.52,30.26,23.46,59.8,1.5,87.6,18.57
2019,4,25,0.0,99.24,26.33,30.01,23.32,60.48,0.87,70.3,19.95
2019,4,26,4.37,99.63,25.84,29.16,23.12,63.48,1.76,97.5,17.58
2019,4,27,0.0,99.07,26.31,30.08,23.22,63.66,1.55,79.3,20.49
2019,4,28,0.0,99.42,25.11,28.8,22.09,61.02,2.04,102.2,19.41
2019,4,29,0.0,99.24,24.3,27.73,21.5,64.43,1.11,72.4,19.31
2019,4,30,0.0,99.42,25.99,30.0,22.71,61.86,1.59,68.7,18.04
2019,5,1,0.0,99.01,25.39,29.37,22.14,62.24,2.22,76.7,18.35
2019,5,2,0.0,99.18,25.92,29.15,23.27,62.29,1.1,81.0,16.63
2019,5,3,0.0,99.05,25.55,28.92,22.8,64.33,2.16,113.9,19.07
2019,5,4,0.0,99.05,25.12,28.78,22.13,66.83,1.72,129.8,20.23
2019,5,5,9.27,99.09,24.86,28.24,22.1,72.43,1.97,115.2,17.17
2019,5,6,0.0,98.98,25.98,29.4,23.18,67.82,1.66,117.7,18.65
2019,5,7,76.04,97.72,22.7,25.87,20.1,89.55,2.02,120.7,12.93
2019,5,8,0.0,99.16,25.33,28.48,22.75,64.04,1.78,150.9,17.71
2019,5,9,8.93,98.75,24.59,27.85,21.93,80.48,1.75,94.0,16.64
2019,5,10,9.01,98.77,23.11,26.52,20.32,69.66,2.56,133.4,18.67
2019,5,11,36.36,98.27,22.18,25.58,19.4,89.36,2.25,134.5,15.04
2019,5,12,0.0,99.1,24.44,27.53,21.91,78.0,2.43,157.5,17.06
2019,5,13,0.0,99.1,24.03,27.01,21.6,72.66,2.4,113.7,18.93
2019,5,14,9.0,98.81,23.27,26.19,20.88,73.76,2.91,183.4,15.98
2019,5,15,39.76,98.02,23.36,26.87,20.49,96.62,2.6,139.0,14.79
2019,5,16,4.47,98.94,22.89,26.69,19.78,74.91,2.69,111.0,17.36
2019,5,17,0.0,99.3,23.89,27.2,21.19,70.18,2.81,133.5,19.06
2019,5,18,0.0,99.13,23.34,25.8,21.33,73.63,2.25,170.7,17.99
2019,5,19,0.0,99.0,24.9,28.19,22.21,72.55,3.29,148.3,18.21
2019,5,20,0.0,98.82,25.54,28.98,22.73,73.49,2.14,136.6,17.18
2019,5,21,64.7,97.5,21.48,24.39,19.1,96.73,2.8,197.8,13.09
2019,5,22,0.0,98.82,24.21,27.52,21.5,77.08,2.83,177.7,17.1
2019,5,23,32.72,98.02,23.12,26.46,20.39,96.14,3.66,158.1,14.89
2019,5,24,38.31,97.67,22.56,25.93,19.8,95.13,2.94,174.0,14.45
2019,5,25,0.0,98.96,23.94,26.78,21.62,77.58,2.53,194.9,19.53
2019,5,26,35.91,98.42,20.63,23.63,18.18,96.03,2.61,205.1,10.77
2019,5,27,50.34,97.72,22.06,25.07,19.6,99.0,2.72,158.4,11.61
2019,5,28,0.0,99.06,23.41,26.71,20.71,75.04,2.96,197.7,15.2
2019,5,29,13.77,98.75,22.38,25.19,20.08,85.84,3.02,232.1,14.64
2019,5,30,16.76,98.44,22.29,25.45,19.71,82.82,3.12,163.8,15.64
2019,5,31,11.45,98.58,22.67,25.63,20.25,87.39,3.01,194.4,15.85
2019,6,1,0.0,98.64,22.7,25.83,20.14,84.55,3.23,198.4,18.14
2019,6,2,0.0,98.92,22.56,25.62,20.06,84.2,2.62,182.8,17.62
2019,6,3,39.59,97.9,20.48,23.13,18.31,99.0,2.47,164.3,13.34
2019,6,4,49.91,97.5,21.04,23.93,18.68,99.0,3.52,166.1,14.67
2019,6,5,10.26,98.81,22.09,24.7,19.95,92.35,2.52,186.9,14.93
2019,6,6,0.0,98.72,22.0,24.78,19.73,79.7,3.11,171.5,17.64
2019,6,7,66.37,97.86,20.56,23.81,17.9,99.0,2.86,156.7,10.55
2019,6,8,54.78,97.55,20.46,23.1,18.3,99.0,3.86,163.1,9.66
2019,6,9,0.0,98.83,22.73,25.3,20.63,81.82,3.93,184.8,15.67
2019,6,10,70.16,97.68,20.29,22.97,18.1,99.0,3.24,196.0,12.31
2019,6,11,48.25,97.5,20.76,23.66,18.39,99.0,3.14,186.2,11.14
2019,6,12,0.0,98.76,22.01,24.89,19.65,80.75,3.18,178.9,16.27
2019,6,13,37.95,97.78,20.49,23.28,18.21,99.0,3.37,233.4,11.77
2019,6,14,13.62,98.43,21.74,24.19,19.73,90.87,3.64,176.4,14.63
2019,6,15,72.36,97.5,20.31,22.9,18.19,99.0,4.62,209.2,12.48
2019,6,16,26.22,98.1,21.78,24.82,19.3,98.39,2.95,243.4,13.07
2019,6,17,82.65,97.54,20.66,22.88,18.84,99.0,3.46,215.2,12.34
2019,6,18,0.0,98.86,21.85,24.55,19.64,79.54,3.33,275.8,14.16
2019,6,19,26.08,98.21,19.8,22.35,17.71,96.85,3.21,228.0,10.29
2019,6,20,66.06,97.5,20.26,22.99,18.03,99.0,3.26,208.7,9.22
2019,6,21,7.31,98.35,21.81,24.44,19.66,93.61,3.4,203.4,15.3
2019,6,22,22.84,98.22,20.92,23.09,19.15,97.96,3.53,237.5,13.18
2019,6,23,6.37,98.64,21.92,24.65,19.69,88.97,3.62,236.2,14.23
2019,6,24,30.6,97.78,20.11,22.4,18.24,99.0,3.68,234.5,10.65
2019,6,25,0.0,98.9,20.43,22.65,18.61,83.25,2.97,202.7,13.84
2019,6,26,0.0,98.37,20.9,23.45,18.81,88.04,3.26,214.4,14.32
2019,6,27,62.44,97.69,18.0,20.42,16.02,99.0,3.74,184.5,10.46
2019,6,28,20.55,98.21,20.92,23.22,19.04,96.54,4.09,221.8,14.32
2019,6,29,44.36,97.5,19.57,21.98,17.6,99.0,3.74,235.4,10.29
2019,6,30,0.0,98.83,21.96,24.27,20.07,86.99,3.46,207.5,14.13
2019,7,1,19.14,98.35,21.08,24.01,18.69,95.84,3.76,216.4,12.15
2019,7,2,7.1,98.91,20.66,23.24,18.55,94.03,3.69,219.3,15.71
2019,7,3,0.0,99.03,20.68,23.12,18.68,83.17,3.2,237.9,14.64
2019,7,4,14.11,98.12,20.11,22.8,17.91,91.59,3.54,196.3,13.91
2019,7,5,69.56,97.5,20.54,22.97,18.55,99.0,3.68,213.5,9.47
2019,7,6,61.42,97.5,19.06,21.46,17.09,99.0,3.89,193.7,8.0
2019,7,7,20.01,98.34,20.16,22.89,17.93,99.0,4.16,221.7,12.58
2019,7,8,110.35,97.5,19.33,21.61,17.46,99.0,4.3,238.9,10.61
2019,7,9,0.0,98.47,20.0,22.19,18.21,80.89,2.98,244.4,14.36
2019,7,10,44.16,97.59,19.05,21.71,16.88,99.0,3.55,247.0,10.38
2019,7,11,29.32,97.86,19.3,21.82,17.24,99.0,4.19,216.8,10.27
2019,7,12,101.8,97.5,18.31,20.83,16.25,99.0,3.91,258.5,11.57
2019,7,13,53.55,97.5,18.86,21.24,16.91,99.0,3.93,281.9,9.79
2019,7,14,78.27,97.5,19.06,21.7,16.9,99.0,3.34,223.0,11.04
2019,7,15,72.92,97.5,18.14,20.24,16.42,99.0,3.35,232.0,9.09
2019,7,16,0.0,98.68,20.76,22.71,19.16,90.83,3.86,221.7,15.38
2019,7,17,44.76,97.66,19.28,21.66,17.33,99.0,3.42,218.1,10.81
2019,7,18,21.76,98.12,20.45,23.12,18.27,99.0,3.16,209.3,13.38
2019,7,19,54.44,97.5,18.82,21.67,16.49,99.0,3.62,240.8,12.67
2019,7,20,14.53,98.58,20.66,23.32,18.48,92.63,3.49,257.9,13.46
2019,7,21,62.94,97.6,18.77,21.04,16.92,99.0,3.88,188.1,9.38
2019,7,22,68.33,97.5,19.92,22.2,18.06,99.0,3.69,240.0,10.44
2019,7,23,56.17,97.71,19.41,22.28,17.06,99.0,4.26,199.1,8.72
2019,7,24,0.0,98.64,20.57,23.37,18.28,84.99,3.13,231.9,13.69
2019,7,25,7.29,98.71,20.41,23.12,18.19,91.49,3.5,229.3,14.01
2019,7,26,3.84,98.55,21.19,24.02,18.87,86.92,3.68,231.9,14.39
2019,7,27,52.09,97.5,18.72,21.36,16.56,99.0,3.65,224.9,12.39
2019,7,28,26.11,98.32,18.71,21.26,16.63,95.61,3.52,206.5,11.03
2019,7,29,50.13,97.5,19.33,21.91,17.22,99.0,2.74,208.6,10.35
2019,7,30,0.0,98.99,20.88,23.69,18.58,81.41,2.63,249.6,15.01
2019,7,31,23.26,98.32,20.71,23.43,18.49,96.9,2.95,212.8,11.46
2019,8,1,0.0,98.85,21.22,23.35,19.48,77.56,3.52,224.7,15.51
2019,8,2,0.0,98.88,21.67,24.6,19.27,84.68,2.58,197.8,15.74
2019,8,3,73.89,97.5,21.01,23.88,18.67,99.0,3.53,202.6,10.25
2019,8,4,0.0,98.96,22.18,24.99,19.88,77.69,3.13,230.6,16.0
2019,8,5,4.08,98.63,20.9,24.03,18.34,83.26,3.09,173.2,12.82
2019,8,6,110.31,97.5,19.64,22.18,17.56,99.0,3.93,197.3,11.31
2019,8,7,120.9,97.59,19.47,21.96,17.43,99.0,3.84,189.9,9.09
2019,8,8,73.42,97.5,19.61,22.55,17.2,99.0,2.87,225.9,8.19
2019,8,9,0.0,98.75,20.36,22.98,18.22,79.32,3.39,236.1,15.39
2019,8,10,90.2,97.5,20.24,23.54,17.54,99.0,3.08,207.5,7.71
2019,8,11,50.84,97.73,18.0,20.68,15.81,98.21,3.36,224.9,10.85
2019,8,12,0.0,98.82,21.57,24.26,19.37,80.48,2.85,154.2,16.08
2019,8,13,0.0,98.94,20.4,23.2,18.11,79.63,2.46,103.6,13.69
2019,8,14,5.73,98.68,20.95,23.8,18.62,81.07,2.91,188.8,13.86
2019,8,15,0.0,99.1,21.86,24.72,19.52,76.39,3.2,196.6,16.02
2019,8,16,28.98,98.2,21.21,24.12,18.83,95.48,2.81,161.5,11.95
2019,8,17,92.59,97.66,20.53,23.44,18.15,95.25,3.14,152.7,9.21
2019,8,18,28.01,98.47,20.61,23.21,18.48,92.46,3.27,175.7,12.75
2019,8,19,17.61,98.47,21.9,25.09,19.29,80.76,3.2,202.6,15.42
2019,8,20,0.0,99.18,21.92,24.88,19.5,77.6,2.9,169.9,17.57
2019,8,21,51.53,97.6,19.52,22.58,17.02,98.51,2.18,184.5,10.05
2019,8,22,10.38,98.75,21.91,24.7,19.63,78.41,1.9,180.1,16.17
2019,8,23,11.2,98.55,21.03,23.76,18.8,78.87,2.84,167.8,16.24
2019,8,24,13.04,98.76,21.56,24.7,18.99,81.36,2.87,183.3,17.11
2019,8,25,0.0,99.04,21.9,25.52,18.94,68.54,2.55,130.2,15.78
2019,8,26,0.0,99.09,21.2,24.83,18.23,71.0,2.61,128.2,17.37
2019,8,27,15.55,98.37,21.95,24.94,19.5,79.87,2.44,126.2,15.05
2019,8,28,0.0,98.66,22.5,25.56,20.0,66.05,2.46,146.9,15.41
2019,8,29,2.79,98.75,23.15,26.48,20.42,74.38,2.55,173.7,16.6
2019,8,30,8.22,98.92,20.87,23.44,18.76,80.19,2.71,153.5,13.36
2019,8,31,0.0,99.17,22.07,25.24,19.48,76.09,2.38,60.7,17.6
2019,9,1,0.0,99.26,23.42,26.83,20.63,63.42,2.31,213.8,18.3
2019,9,2,23.96,98.39,22.1,25.41,19.39,84.84,2.22,140.2,14.98
2019,9,3,8.56,98.9,22.91,25.78,20.56,70.9,2.33,160.0,15.29
2019,9,4,0.0,98.96,23.81,26.72,21.43,67.19,1.45,135.9,16.13
2019,9,5,0.0,99.34,22.32,25.36,19.83,64.31,2.53,83.4,18.18
2019,9,6,0.0,98.97,22.31,25.74,19.5,68.33,2.08,134.2,14.97
2019,9,7,0.0,99.32,23.57,26.81,20.92,59.2,1.82,83.7,17.82
2019,9,8,0.0,99.07,23.47,27.39,20.26,62.44,2.61,124.4,18.56
2019,9,9,0.0,99.41,23.0,26.14,20.43,59.08,1.96,126.4,17.21
2019,9,10,0.0,99.17,23.04,26.91,19.88,63.39,1.64,138.6,17.49
2019,9,11,1.62,99.13,22.46,25.67,19.83,64.65,2.29,97.7,12.31
2019,9,12,0.0,99.02,24.36,28.61,20.88,59.87,1.81,39.4,17.83
2019,9,13,0.0,99.55,24.73,28.49,21.65,65.4,1.82,98.6,17.01
2019,9,14,29.33,98.61,22.98,25.96,20.54,80.95,2.27,121.6,14.3
2019,9,15,0.0,99.27,23.88,27.82,20.65,65.71,2.29,102.8,16.68
2019,9,16,0.0,99.23,23.89,27.38,21.03,66.93,1.39,98.9,18.12
2019,9,17,0.0,99.07,23.77,27.66,20.59,61.96,1.85,87.9,18.34
2019,9,18,0.0,99.32,22.36,26.0,19.38,63.06,1.31,119.0,17.12
2019,9,19,55.49,97.8,21.31,24.87,18.4,81.33,1.68,137.6,9.97
2019,9,20,0.0,99.22,24.27,27.87,21.33,62.15,1.53,90.0,17.12
2019,9,21,4.54,99.26,22.97,26.33,20.22,64.56,2.21,115.7,16.16
2019,9,22,0.0,99.27,23.91,27.48,20.99,65.82,1.39,119.2,17.78
2019,9,23,4.5,99.12,24.48,27.82,21.75,65.35,2.0,69.3,16.17
2019,9,24,0.0,99.49,24.72,28.29,21.8,62.77,1.67,66.1,16.9
2019,9,25,0.0,99.09,24.6,28.36,21.52,60.22,1.16,120.5,14.89
2019,9,26,0.0,98.94,24.19,28.2,20.91,51.8,1.45,68.4,15.78
2019,9,27,0.0,99.1,24.6,28.73,21.22,60.91,1.26,81.2,14.94
2019,9,28,0.0,99.27,23.92,27.64,20.88,59.43,1.44,99.0,15.51
2019,9,29,1.61,99.33,25.26,28.68,22.46,58.47,1.36,61.9,16.29
2019,9,30,0.0,99.12,23.06,26.77,20.02,62.73,1.62,83.0,17.04
2019,10,1,0.0,99.92,24.27,27.96,21.25,63.39,2.1,97.0,15.48
2019,10,2,22.34,98.73,23.04,27.13,19.69,70.08,1.42,34.6,14.68
2019,10,3,0.0,99.29,24.78,28.75,21.53,60.73,1.31,89.8,15.79
2019,10,4,0.0,99.03,24.11,27.9,21.01,60.34,1.51,48.7,15.05
2019,10,5,0.0,99.0,26.08,30.23,22.69,63.87,1.63,74.2,16.39
2019,10,6,0.0,98.95,25.07,28.66,22.14,61.97,1.45,83.0,14.78
2019,10,7,0.0,99.51,23.77,27.66,20.58,62.81,1.26,28.8,16.46
2019,10,8,0.0,99.49,22.64,26.22,19.71,59.87,2.05,77.6,14.46
2019,10,9,0.0,99.27,23.75,27.33,20.82,62.15,1.99,47.9,18.32
2019,10,10,24.54,98.44,23.99,27.13,21.42,77.04,1.74,48.3,15.09
2019,10,11,0.0,99.22,24.43,28.16,21.38,67.71,2.36,88.6,13.9
2019,10,12,0.0,99.53,24.25,27.98,21.2,59.84,2.74,118.5,14.77
2019,10,13,0.0,99.18,24.18,27.83,21.19,60.47,2.31,112.2,14.28
2019,10,14,0.0,99.11,25.31,29.12,22.19,59.57,1.02,72.2,14.24
2019,10,15,23.57,98.61,23.59,27.54,20.36,73.5,1.95,59.8,13.62
2019,10,16,0.0,99.22,24.49,28.15,21.49,65.81,1.54,87.4,15.25
2019,10,17,0.0,99.4,25.53,29.36,22.4,59.77,1.71,115.2,13.79
2019,10,18,6.49,98.71,25.7,29.46,22.63,66.91,1.25,107.3,13.26
2019,10,19,0.0,99.3,24.13,28.07,20.9,65.2,1.97,67.0,15.18
2019,10,20,71.91,97.65,23.77,27.56,20.67,87.92,2.54,83.8,8.09
2019,10,21,0.0,99.18,24.9,29.04,21.52,66.78,1.87,75.3,14.56
2019,10,22,0.0,99.41,25.66,29.36,22.63,64.17,2.29,20.4,13.11
2019,10,23,0.0,99.04,25.51,28.87,22.76,64.03,2.04,128.7,14.74
2019,10,24,0.0,99.31,25.11,29.07,21.87,61.52,2.21,114.4,13.27
2019,10,25,0.0,99.36,25.18,28.97,22.08,57.72,1.07,141.7,13.78
2019,10,26,0.0,99.38,25.64,29.38,22.58,61.67,2.1,138.3,13.16
2019,10,27,0.0,99.4,24.45,27.63,21.85,63.87,2.27,105.3,15.06
2019,10,28,0.0,99.38,24.46,28.47,21.18,66.35,2.6,129.5,14.5
2019,10,29,0.0,99.41,26.76,30.63,23.59,67.78,1.41,94.1,13.75
2019,10,30,17.18,98.69,25.48,29.16,22.47,73.09,2.58,110.5,12.79
2019,10,31,0.0,99.53,26.09,28.9,23.79,66.8,1.84,86.8,13.78
2019,11,1,0.0,99.07,25.33,28.83,22.47,64.13,2.04,102.1,12.47
2019,11,2,18.9,98.88,23.59,27.71,20.22,74.64,2.32,118.3,10.37
2019,11,3,0.0,99.17,25.17,28.89,22.12,62.8,2.31,119.7,13.22
2019,11,4,0.0,98.98,25.88,29.14,23.21,62.26,1.31,36.9,13.36
2019,11,5,32.45,98.38,25.15,28.59,22.33,79.75,2.0,125.0,9.85
2019,11,6,0.0,99.28,26.0,29.49,23.14,61.91,1.55,66.8,11.6
2019,11,7,0.0,99.55,26.07,29.99,22.87,61.46,1.97,85.3,13.26
2019,11,8,0.0,99.64,25.69,28.89,23.08,65.61,1.71,50.2,13.46
2019,11,9,26.85,98.62,25.25,29.16,22.05,81.41,1.3,80.5,12.17
2019,11,10,0.0,99.07,25.29,29.13,22.15,60.81,1.53,136.7,12.71
2019,11,11,0.0,99.09,26.07,30.32,22.59,60.26,2.12,107.4,11.44
2019,11,12,0.0,99.47,25.88,29.67,22.78,62.05,2.03,99.7,13.02
2019,11,13,10.44,99.2,26.7,30.01,23.99,65.66,1.46,148.9,12.15
2019,11,14,0.35,99.22,24.15,27.8,21.17,59.48,1.65,73.7,12.15
2019,11,15,0.0,99.14,26.12,29.52,23.34,60.93,1.94,99.0,12.3
2019,11,16,0.0,99.53,26.47,30.26,23.37,62.34,1.94,124.3,14.04
2019,11,17,0.0,99.14,25.06,29.23,21.65,62.04,2.07,115.2,12.64
2019,11,18,2.41,99.23,26.84,30.31,24.0,61.57,1.88,106.5,12.6
2019,11,19,0.0,99.46,26.4,30.38,23.15,59.37,2.0,118.3,11.75
2019,11,20,5.37,98.89,25.67,29.23,22.75,65.21,1.73,110.4,12.7
2019,11,21,0.0,99.56,27.33,30.65,24.61,61.34,1.93,101.7,12.22
2019,11,22,18.39,99.36,25.43,29.63,21.99,70.55,2.33,48.2,10.53
2019,11,23,3.98,99.32,27.16,31.0,24.02,60.25,2.29,82.3,11.11
2019,11,24,0.0,99.4,26.95,30.87,23.74,63.07,1.69,108.8,13.78
2019,11,25,0.0,99.43,26.6,30.64,23.29,55.35,1.21,58.0,12.45
2019,11,26,0.0,99.47,26.24,29.59,23.5,57.15,2.14,56.3,12.22
2019,11,27,0.0,99.3,26.51,30.27,23.43,55.64,0.72,75.7,13.01
2019,11,28,0.0,99.24,27.69,31.08,24.91,58.1,1.79,102.3,14.2
2019,11,29,0.0,99.38,27.95,31.67,24.91,55.92,1.75,47.7,13.9
2019,11,30,4.22,99.38,27.52,31.71,24.09,60.08,1.57,48.9,13.23
2019,12,1,0.0,99.28,27.24,31.25,23.96,58.66,1.68,15.6,14.67
2019,12,2,0.0,99.23,27.81,31.54,24.76,60.45,1.01,43.6,14.61
2019,12,3,0.0,99.39,27.61,31.53,24.4,57.22,1.09,86.4,13.75
2019,12,4,23.82,98.65,26.07,29.96,22.89,70.01,0.99,40.5,11.96
2019,12,5,0.0,99.61,26.86,30.88,23.57,57.29,1.01,32.1,14.48
2019,12,6,0.0,98.87,27.34,31.12,24.25,49.42,1.17,50.2,14.4
2019,12,7,0.0,99.29,27.17,31.1,23.96,55.73,1.35,48.3,14.66
2019,12,8,0.13,99.76,27.76,31.77,24.48,52.3,1.78,80.1,12.93
2019,12,9,0.0,99.47,28.85,32.95,25.5,53.29,2.13,22.0,13.41
2019,12,10,0.0,99.55,27.98,32.03,24.66,54.55,1.06,10.8,14.49
2019,12,11,0.0,99.5,28.86,32.41,25.95,57.34,1.33,85.5,14.25
2019,12,12,0.0,99.41,27.88,31.55,24.88,49.52,1.38,66.8,15.54
2019,12,13,0.0,99.73,27.81,32.0,24.38,54.95,1.0,18.4,15.83
2019,12,14,0.0,99.43,26.92,30.88,23.68,54.39,1.15,83.2,15.03
2019,12,15,0.0,99.39,28.47,32.38,25.27,55.14,1.95,354.7,11.55
2019,12,16,0.0,99.66,27.61,31.58,24.36,60.04,1.76,75.1,15.04
2019,12,17,0.0,99.2,27.51,31.49,24.25,57.99,1.79,80.0,14.02
2019,12,18,0.0,99.5,27.45,31.02,24.53,54.3,1.49,90.4,13.08
2019,12,19,0.0,99.46,28.45,32.99,24.74,54.93,1.6,13.7,13.51
2019,12,20,0.0,99.5,27.83,31.87,24.53,53.13,1.4,45.6,12.77
2019,12,21,0.0,99.47,29.43,33.51,26.09,55.25,1.87,4.4,15.4
2019,12,22,0.0,99.63,29.1,33.2,25.75,53.12,0.2,85.1,14.92
2019,12,23,0.0,99.77,27.98,32.33,24.42,54.12,0.83,63.6,12.06
2019,12,24,0.0,99.65,26.72,30.99,23.22,50.97,0.68,46.8,14.46
2019,12,25,0.0,99.51,28.5,32.57,25.17,53.39,0.97,22.1,12.86
2019,12,26,0.0,99.69,28.24,32.09,25.09,56.49,1.25,37.5,15.43
2019,12,27,0.0,99.71,29.11,33.55,25.48,54.19,1.17,44.1,13.02
2019,12,28,0.0,99.64,28.53,32.65,25.16,52.87,0.9,76.5,11.59
2019,12,29,0.0,99.77,29.35,33.62,25.86,44.36,1.28,62.6,14.86
2019,12,30,0.0,99.16,28.92,32.73,25.81,53.51,1.35,32.9,15.27
2019,12,31,0.0,99.59,27.71,32.0,24.2,52.14,1.41,20.0,15.47
2020,1,1,0.0,99.65,28.14,31.87,25.09,49.0,1.48,52.7,14.34
2020,1,2,0.0,99.33,28.36,32.38,25.07,51.81,0.95,63.7,14.6
2020,1,3,0.0,99.63,28.59,32.75,25.19,51.83,1.57,70.0,15.29
2020,1,4,0.0,99.76,28.54,33.14,24.77,52.02,1.16,15.8,15.9
2020,1,5,0.0,99.55,29.25,33.56,25.73,54.09,1.47,30.5,14.44
2020,1,6,0.0,99.71,29.12,33.64,25.42,51.41,0.95,59.3,14.25
2020,1,7,0.0,99.78,28.49,32.74,25.01,51.32,1.84,22.8,11.9
2020,1,8,0.0,99.84,29.27,33.09,26.14,51.01,1.38,47.8,14.83
2020,1,9,0.0,99.81,28.0,31.82,24.87,52.69,1.23,43.5,16.39
2020,1,10,0.0,99.84,29.33,33.66,25.78,53.52,0.73,22.1,15.66
2020,1,11,0.0,99.51,29.46,33.31,26.31,55.61,1.61,78.7,16.06
2020,1,12,0.0,99.53,29.06,32.76,26.03,53.49,0.78,39.1,15.43
2020,1,13,0.0,99.15,29.25,33.11,26.09,55.02,2.04,19.9,15.25
2020,1,14,0.0,99.41,29.35,33.55,25.91,54.37,1.47,66.4,13.79
2020,1,15,0.0,99.82,29.64,33.55,26.44,52.43,0.7,85.8,14.2
2020,1,16,0.0,99.49,29.44,33.91,25.78,49.97,1.28,42.2,13.49
2020,1,17,0.0,99.67,29.78,34.02,26.31,53.14,1.94,17.2,15.83
2020,1,18,0.0,99.64,27.84,32.02,24.42,56.37,1.19,2.1,16.47
2020,1,19,0.0,99.82,29.04,33.27,25.58,55.05,1.06,38.0,16.51
2020,1,20,0.0,99.24,28.93,33.22,25.42,55.59,1.32,108.9,13.86
2020,1,21,0.0,99.66,29.07,33.36,25.56,46.85,0.91,54.6,14.81
2020,1,22,0.0,99.66,29.6,33.5,26.41,46.51,1.71,20.7,13.34
2020,1,23,0.0,99.45,29.07,33.54,25.41,50.65,0.87,34.5,13.9
2020,1,24,0.0,99.77,29.05,33.35,25.53,53.34,1.36,17.0,13.92
2020,1,25,0.0,99.35,29.32,33.34,26.03,50.96,1.68,48.3,17.02
2020,1,26,0.0,99.79,27.94,32.28,24.39,51.46,1.22,356.3,14.98
2020,1,27,0.0,99.21,30.08,33.84,27.01,47.87,1.69,50.5,13.87
2020,1,28,0.0,99.44,28.92,33.28,25.35,50.32,1.13,40.3,14.57
2020,1,29,0.0,99.57,30.03,34.23,26.59,49.53,0.78,84.4,16.81
2020,1,30,0.0,99.64,28.4,31.93,25.51,49.62,1.49,54.6,15.76
2020,1,31,0.0,99.26,28.36,33.03,24.54,49.96,1.33,67.8,14.41
2020,2,1,0.0,99.78,28.84,32.6,25.76,48.96,0.84,60.9,17.22
2020,2,2,0.0,99.73,29.02,33.3,25.52,45.32,1.17,46.1,16.24
2020,2,3,0.0,99.94,28.64,33.15,24.95,55.98,0.84,56.6,14.85
2020,2,4,0.0,99.72,28.42,31.82,25.63,51.71,1.21,46.4,15.77
2020,2,5,0.0,99.46,29.24,33.43,25.81,50.11,2.08,7.5,16.99
2020,2,6,0.0,99.4,29.99,34.36,26.42,51.64,1.57,55.8,15.11
2020,2,7,0.0,99.52,30.13,34.56,26.51,52.98,1.45,34.6,16.57
2020,2,8,0.0,99.98,28.76,33.22,25.11,52.36,1.28,86.6,16.41
2020,2,9,0.0,99.6,28.2,32.58,24.62,49.99,1.61,17.9,15.11
2020,2,10,0.0,99.61,28.76,32.79,25.46,54.84,1.24,2.2,15.07
2020,2,11,0.0,99.84,30.13,34.38,26.65,50.4,0.53,63.1,13.49
2020,2,12,0.0,99.38,29.65,34.33,25.82,51.42,0.71,333.6,15.79
2020,2,13,0.0,99.68,29.18,33.65,25.52,56.9,1.01,66.7,14.12
2020,2,14,0.0,99.68,28.57,32.51,25.35,57.85,1.06,67.5,14.29
2020,2,15,0.0,99.76,29.53,33.94,25.92,55.3,1.23,31.1,13.94
2020,2,16,0.0,99.74,30.46,34.95,26.78,50.22,1.67,33.1,16.11
2020,2,17,0.0,99.57,28.76,32.64,25.59,50.91,1.37,10.9,17.6
2020,2,18,0.0,99.33,27.46,31.57,24.09,49.93,1.29,19.7,15.26
2020,2,19,0.0,99.48,28.11,32.15,24.8,51.45,0.8,46.8,18.03
2020,2,20,0.0,99.73,28.85,33.22,25.27,53.62,1.17,57.3,18.15
2020,2,21,0.0,99.91,28.68,32.69,25.4,46.88,0.99,30.8,15.66
2020,2,22,0.0,99.35,29.73,33.68,26.5,49.25,0.84,28.2,14.52
2020,2,23,0.0,99.34,28.34,32.76,24.73,52.47,0.2,46.5,18.2
2020,2,24,0.0,99.29,28.61,32.4,25.51,51.91,0.78,62.2,18.54
2020,2,25,0.0,99.43,28.26,32.43,24.85,50.94,1.9,43.5,17.08
2020,2,26,0.0,99.74,29.23,33.15,26.03,48.29,1.68,52.9,17.29
2020,2,27,0.0,99.8,28.06,32.47,24.45,50.55,0.91,35.4,17.33
2020,2,28,0.0,99.19,28.48,32.43,25.25,50.88,1.05,349.2,17.78
2020,2,29,0.0,99.34,27.55,31.67,24.18,48.53,2.2,65.5,18.38
2020,3,1,0.0,99.31,28.22,31.67,25.39,49.94,2.15,336.5,16.88
2020,3,2,0.0,99.4,29.73,33.84,26.37,51.76,1.33,13.9,16.19
2020,3,3,0.0,99.52,29.78,33.84,26.46,53.65,1.53,46.5,17.03
2020,3,4,0.0,99.48,28.98,33.11,25.6,54.91,1.36,23.2,17.77
2020,3,5,0.0,99.64,28.79,33.26,25.14,49.44,1.13,43.8,18.4
2020,3,6,0.0,99.2,28.01,32.28,24.52,51.42,1.36,80.2,18.94
2020,3,7,0.0,99.45,28.56,32.77,25.11,51.74,1.5,357.6,18.72
2020,3,8,0.0,99.79,28.51,32.41,25.32,51.91,1.66,48.4,18.33
2020,3,9,0.0,99.79,28.37,33.06,24.53,51.75,1.39,356.2,17.41
2020,3,10,0.0,99.84,28.89,32.49,25.95,49.25,1.38,35.0,15.87
2020,3,11,0.0,99.61,27.63,31.4,24.55,53.9,0.79,22.8,19.18
2020,3,12,0.0,99.42,30.05,33.94,26.87,51.73,0.96,1.3,20.47
2020,3,13,0.0,99.56,29.36,33.51,25.97,52.75,0.59,79.9,17.83
2020,3,14,0.0,99.98,27.62,31.72,24.26,52.92,1.46,51.7,19.6
2020,3,15,0.0,99.43,28.23,32.11,25.05,51.05,1.07,82.2,16.62
2020,3,16,0.0,99.85,27.69,31.83,24.31,54.94,1.21,21.6,17.89
2020,3,17,0.0,99.08,28.52,32.92,24.92,51.59,1.32,74.5,17.05
2020,3,18,0.0,99.62,27.97,32.07,24.62,53.39,1.41,58.0,20.55
2020,3,19,0.0,99.63,26.68,30.41,23.62,53.24,0.58,8.2,17.86
2020,3,20,0.0,99.58,27.31,31.36,24.0,53.76,1.45,15.7,18.85
2020,3,21,0.0,99.59,28.84,32.69,25.69,56.12,1.16,15.2,19.17
2020,3,22,0.0,99.6,27.72,31.41,24.7,51.17,1.65,53.7,21.1
2020,3,23,0.0,99.6,27.67,31.75,24.33,53.24,1.2,53.2,17.9
2020,3,24,0.0,99.44,28.25,32.06,25.13,53.23,1.1,89.1,20.0
2020,3,25,0.0,99.44,28.4,32.37,25.15,52.62,1.77,21.0,17.99
2020,3,26,0.0,99.24,27.63,31.8,24.22,54.9,0.98,61.4,18.94
2020,3,27,3.59,99.53,25.99,30.13,22.6,52.35,1.16,54.7,21.48
2020,3,28,0.0,99.71,27.04,31.42,23.46,57.65,1.01,27.5,19.34
2020,3,29,0.0,99.79,26.05,29.62,23.13,57.9,1.19,70.9,20.29
2020,3,30,0.0,99.32,26.52,30.5,23.26,52.2,2.02,41.2,19.56
2020,3,31,6.3,99.0,27.25,31.56,23.73,57.29,0.93,55.1,19.03
2020,4,1,0.0,99.53,27.43,30.99,24.52,49.21,1.3,55.4,20.25
2020,4,2,0.0,99.25,28.24,32.21,24.99,52.54,1.71,35.2,18.36
2020,4,3,0.0,99.55,27.27,31.33,23.94,60.99,1.33,64.4,19.89
2020,4,4,0.0,99.05,26.62,30.32,23.59,56.36,1.58,70.2,17.57
2020,4,5,5.82,99.49,27.79,31.6,24.67,59.96,1.24,85.8,17.81
2020,4,6,0.0,99.46,28.35,32.01,25.36,53.64,1.41,46.6,21.12
2020,4,7,0.0,99.08,27.71,31.76,24.39,54.93,1.37,51.2,18.57
2020,4,8,0.0,99.48,26.96,30.24,24.28,55.25,1.41,24.9,20.6
2020,4,9,0.0,99.44,26.74,30.49,23.67,51.7,1.94,44.3,15.14
2020,4,10,0.0,99.51,26.06,29.81,22.99,56.18,1.28,38.6,18.87
2020,4,11,0.0,99.55,26.28,30.47,22.85,58.18,1.65,68.4,19.08
2020,4,12,0.0,98.96,26.45,29.95,23.59,61.27,1.91,83.5,18.96
2020,4,13,0.0,99.31,25.78,30.05,22.29,57.26,1.78,92.9,19.57
2020,4,14,0.0,99.37,26.4,30.51,23.04,56.49,1.48,98.2,20.16
2020,4,15,0.0,99.32,26.37,30.55,22.95,56.78,2.12,84.2,19.27
2020,4,16,0.0,99.31,27.4,31.16,24.33,58.49,1.69,67.8,20.2
2020,4,17,0.0,99.55,25.3,29.04,22.24,59.93,1.98,28.1,19.66
2020,4,18,0.0,99.04,26.48,30.11,23.51,61.1,1.48,85.0,21.17
2020,4,19,0.0,99.29,25.34,29.33,22.08,52.52,1.92,48.1,21.5
2020,4,20,0.0,99.3,24.85,28.57,21.81,61.81,1.98,69.0,20.15
2020,4,21,0.0,99.31,25.8,29.37,22.88,55.85,1.46,74.5,20.92
2020,4,22,2.81,99.07,25.97,29.65,22.96,58.41,2.3,54.7,19.44
2020,4,23,6.83,99.52,26.61,30.47,23.45,63.2,2.24,59.9,20.27
2020,4,24,0.0,99.48,25.73,29.12,22.96,61.86,1.64,86.1,19.73
2020,4,25,8.81,99.47,25.11,28.57,22.28,62.07,1.34,81.7,18.5
2020,4,26,0.0,99.39,25.27,29.34,21.94,59.7,1.84,83.0,17.05
2020,4,27,0.0,99.41,25.31,28.73,22.51,62.65,1.9,71.3,19.83
2020,4,28,0.0,99.26,23.13,27.18,19.82,63.69,1.75,121.7,19.77
2020,4,29,0.0,99.53,24.94,28.42,22.09,64.13,1.83,53.4,17.92
2020,4,30,0.0,99.34,25.99,29.22,23.35,65.99,2.36,156.8,18.53
2020,5,1,4.86,99.07,23.43,27.39,20.19,69.76,2.69,102.5,16.86
2020,5,2,17.92,99.1,24.25,28.29,20.95,74.59,2.42,86.8,18.4
2020,5,3,0.0,98.97,24.97,28.34,22.21,64.79,2.64,64.9,18.19
2020,5,4,0.0,99.06,25.58,29.38,22.47,63.32,2.2,78.4,19.84
2020,5,5,9.06,99.46,24.71,28.22,21.84,69.47,1.66,119.7,17.46
2020,5,6,0.0,99.29,25.2,28.7,22.34,62.87,2.07,105.0,17.71
2020,5,7,17.03,98.25,23.62,27.13,20.75,80.52,2.05,82.7,18.43
2020,5,8,19.53,98.84,22.72,26.12,19.93,78.4,2.74,87.3,16.12
2020,5,9,9.64,98.7,23.89,27.29,21.11,75.82,1.61,108.1,18.89
2020,5,10,0.0,99.01,24.45,27.8,21.71,76.51,2.51,116.8,17.55
2020,5,11,60.74,98.06,23.28,26.44,20.69,97.84,2.43,153.6,13.2
2020,5,12,13.11,99.06,22.85,25.95,20.32,80.5,2.67,120.3,18.63
2020,5,13,23.82,98.84,24.8,27.75,22.39,82.81,2.21,209.5,16.37
2020,5,14,22.84,98.39,23.41,26.13,21.18,86.15,3.05,147.8,17.1
2020,5,15,0.0,99.0,23.58,26.77,20.97,71.89,2.72,163.8,20.54
2020,5,16,35.05,98.21,22.06,25.02,19.64,89.11,2.26,180.5,14.59
2020,5,17,45.4,98.05,22.02,24.73,19.8,92.47,2.36,111.6,14.84
2020,5,18,0.0,98.96,23.82,26.73,21.44,75.95,2.6,136.7,17.72
2020,5,19,68.38,97.85,21.79,24.76,19.36,98.16,3.01,149.1,12.87
2020,5,20,0.0,99.09,24.15,27.09,21.75,78.03,2.55,191.4,17.05
2020,5,21,32.65,98.44,21.85,25.3,19.03,92.42,3.11,160.7,14.7
2020,5,22,118.78,97.5,21.61,24.49,19.25,96.38,2.9,167.3,11.18
2020,5,23,0.0,98.89,23.23,26.65,20.43,73.05,3.51,191.8,18.72
2020,5,24,15.63,98.61,23.91,26.7,21.63,80.53,2.76,193.8,18.97
2020,5,25,14.16,98.51,21.48,24.59,18.94,82.45,2.99,215.5,16.19
2020,5,26,116.45,97.63,22.74,25.42,20.55,97.65,3.38,133.1,11.58
2020,5,27,35.67,98.23,21.11,24.52,18.32,94.34,2.75,160.2,15.98
2020,5,28,37.07,97.95,20.85,24.11,18.19,97.27,2.75,167.8,13.25
2020,5,29,0.0,99.03,22.81,25.92,20.27,84.04,2.69,158.1,16.37
2020,5,30,0.0,99.27,23.1,26.53,20.3,77.19,3.38,194.5,17.13
2020,5,31,18.45,98.62,21.89,24.99,19.35,84.47,2.64,204.0,14.63
2020,6,1,35.8,98.11,21.8,24.77,19.37,99.0,3.32,136.8,14.98
2020,6,2,63.24,97.61,20.43,22.89,18.42,99.0,2.97,206.9,9.71
2020,6,3,44.8,98.05,20.44,22.61,18.67,99.0,3.0,171.6,12.87
2020,6,4,11.47,98.85,21.51,23.95,19.51,89.35,2.57,193.3,17.34
2020,6,5,13.19,98.51,22.91,25.23,21.01,93.56,3.27,168.8,12.37
2020,6,6,0.0,99.01,22.76,25.31,20.67,80.93,3.05,218.2,18.35
2020,6,7,109.96,97.5,19.62,22.68,17.12,99.0,3.27,172.3,11.74
2020,6,8,35.83,97.93,20.62,23.07,18.62,99.0,3.3,198.1,15.34
2020,6,9,56.61,97.5,19.39,21.99,17.26,99.0,4.06,217.3,13.3
2020,6,10,0.0,98.56,24.17,26.9,21.94,85.35,3.07,211.3,14.51
2020,6,11,122.01,97.5,20.33,23.05,18.1,99.0,3.63,180.7,13.73
2020,6,12,31.39,97.9,19.5,22.02,17.44,98.0,3.33,203.2,11.96
2020,6,13,19.76,98.1,20.35,23.35,17.9,88.26,3.7,204.9,14.76
2020,6,14,0.0,98.94,21.16,23.83,18.98,84.47,3.43,227.0,13.04
2020,6,15,36.58,97.83,20.72,23.42,18.51,99.0,4.2,204.1,13.46
2020,6,16,18.78,98.35,19.99,23.31,17.28,90.25,3.52,204.0,14.74
2020,6,17,31.48,97.95,19.66,22.76,17.12,99.0,3.6,204.9,14.96
2020,6,18,21.61,98.12,20.79,23.41,18.65,96.5,4.03,174.5,14.56
2020,6,19,47.62,97.6,19.82,22.57,17.57,99.0,3.46,240.7,9.91
2020,6,20,69.53,97.5,19.34,21.68,17.43,99.0,4.01,249.5,11.58
2020,6,21,70.31,97.5,19.39,21.39,17.75,99.0,4.08,261.3,9.97
2020,6,22,111.75,97.61,18.63,21.39,16.37,99.0,3.44,231.3,13.02
2020,6,23,38.59,97.57,20.36,22.63,18.5,99.0,3.97,186.5,12.51
2020,6,24,3.75,98.91,20.0,22.7,17.79,90.73,3.31,166.9,14.65
2020,6,25,46.3,97.96,19.54,22.67,16.98,99.0,3.77,231.2,12.49
2020,6,26,79.71,97.5,20.71,22.72,19.06,99.0,3.46,204.0,10.42
2020,6,27,15.01,98.41,20.57,22.47,19.02,96.86,3.69,214.3,16.06
2020,6,28,27.87,97.79,19.29,21.55,17.44,99.0,3.99,219.9,11.28
2020,6,29,74.39,97.5,19.27,22.0,17.04,99.0,4.17,234.2,9.5
2020,6,30,26.79,98.08,20.03,22.87,17.7,94.21,2.87,212.8,13.85
2020,7,1,96.11,97.5,19.41,22.13,17.19,99.0,3.43,248.3,9.59
2020,7,2,26.79,97.94,20.3,22.87,18.2,99.0,4.29,207.9,13.67
2020,7,3,41.25,97.5,20.25,22.74,18.21,99.0,3.78,221.5,11.99
2020,7,4,107.62,97.5,18.84,21.35,16.78,99.0,3.78,248.8,8.96
2020,7,5,27.07,98.19,19.5,22.3,17.21,99.0,4.17,220.6,12.83
2020,7,6,71.73,97.5,18.58,20.88,16.7,99.0,2.86,268.6,9.71
2020,7,7,50.47,97.56,18.67,21.16,16.64,99.0,3.42,209.4,9.53
2020,7,8,47.11,97.5,19.43,21.59,17.66,99.0,4.17,259.0,11.35
2020,7,9,58.02,97.5,18.12,20.69,16.01,99.0,3.16,195.2,8.87
2020,7,10,61.3,97.5,18.41,20.89,16.38,99.0,3.81,216.9,9.89
2020,7,11,69.46,97.5,19.09,22.28,16.48,99.0,3.01,251.8,12.07
2020,7,12,36.57,97.69,20.42,22.49,18.73,99.0,3.59,278.4,11.64
2020,7,13,46.44,97.51,18.55,21.28,16.31,99.0,4.23,244.3,9.79
2020,7,14,5.24,98.31,21.06,23.4,19.15,87.32,3.09,250.8,12.36
2020,7,15,58.89,97.5,18.87,21.58,16.65,99.0,3.66,244.1,7.81
2020,7,16,22.38,98.52,20.47,23.17,18.26,99.0,4.12,223.1,11.33
2020,7,17,107.38,97.5,19.05,21.47,17.07,99.0,3.44,161.6,9.35
2020,7,18,33.96,98.26,19.67,21.89,17.85,99.0,3.88,204.2,8.63
2020,7,19,63.88,97.5,20.8,23.02,18.98,99.0,4.44,208.7,9.47
2020,7,20,45.76,97.5,21.24,23.79,19.15,99.0,4.01,198.1,8.82
2020,7,21,82.1,97.5,18.84,21.17,16.93,99.0,3.8,181.3,9.54
2020,7,22,46.52,97.59,18.53,21.01,16.5,99.0,4.31,268.6,10.38
2020,7,23,0.0,98.57,21.21,23.42,19.4,90.58,3.74,203.2,15.11
2020,7,24,18.06,98.62,20.75,23.45,18.54,96.41,3.62,181.7,13.06
2020,7,25,87.42,97.5,19.99,22.32,18.08,99.0,3.25,299.2,8.87
2020,7,26,86.48,97.5,18.0,20.48,15.97,99.0,3.95,244.9,8.61
2020,7,27,51.86,97.56,18.81,21.78,16.38,99.0,4.39,188.8,8.45
2020,7,28,24.55,97.91,19.78,22.44,17.6,99.0,2.77,189.8,14.17
2020,7,29,0.0,98.94,20.58,23.42,18.25,83.89,3.24,174.6,16.03
2020,7,30,50.8,97.5,18.12,20.51,16.17,99.0,3.51,168.5,9.79
2020,7,31,19.17,98.34,20.27,23.01,18.02,93.09,3.18,185.9,13.19
2020,8,1,0.0,98.84,21.71,24.51,19.42,85.73,3.79,219.9,14.84
2020,8,2,22.94,98.26,19.46,21.9,17.46,99.0,3.69,242.1,14.42
2020,8,3,76.63,97.5,19.34,22.08,17.1,96.77,3.59,234.6,9.59
2020,8,4,17.9,98.32,20.89,23.52,18.74,90.8,4.1,234.2,10.87
2020,8,5,48.42,97.85,20.56,23.4,18.24,99.0,3.5,193.4,11.38
2020,8,6,32.12,97.98,20.54,22.96,18.56,92.66,3.14,211.6,10.48
2020,8,7,18.5,98.16,20.62,23.13,18.56,94.35,2.88,202.8,14.82
2020,8,8,59.91,97.5,19.68,22.12,17.68,99.0,3.46,190.8,9.1
2020,8,9,50.72,97.5,20.03,22.56,17.96,99.0,2.82,220.5,11.17
2020,8,10,13.04,98.13,21.1,23.8,18.89,85.76,3.5,204.3,13.88
2020,8,11,18.68,98.36,21.39,24.42,18.91,89.95,3.0,187.9,13.47
2020,8,12,51.62,97.6,19.39,22.33,16.99,97.17,2.37,157.9,11.54
2020,8,13,58.2,97.55,20.51,23.47,18.09,99.0,3.5,213.7,10.73
2020,8,14,24.39,98.36,20.39,23.08,18.19,88.69,3.3,138.7,12.89
2020,8,15,147.72,97.51,19.28,22.26,16.85,97.31,3.35,131.7,10.3
2020,8,16,110.29,97.5,19.49,22.84,16.75,98.86,2.42,105.4,9.15
2020,8,17,17.5,98.86,20.48,23.59,17.94,83.36,3.48,164.1,14.35
2020,8,18,0.0,98.78,22.44,25.71,19.76,69.17,3.65,174.2,16.2
2020,8,19,0.0,98.88,20.86,23.8,18.46,75.59,2.53,125.9,19.61
2020,8,20,21.03,98.72,20.87,23.84,18.44,86.56,3.02,157.5,14.21
2020,8,21,62.19,97.5,20.3,23.57,17.63,97.95,2.69,186.3,10.87
2020,8,22,77.89,97.5,20.13,23.02,17.77,95.34,2.64,170.1,9.77
2020,8,23,13.81,98.7,21.59,24.73,19.02,77.41,2.87,134.5,14.38
2020,8,24,68.2,97.7,20.13,23.37,17.48,98.61,2.5,170.0,11.2
2020,8,25,10.73,98.75,21.97,25.08,19.43,76.78,2.63,173.6,14.03
2020,8,26,0.0,98.85,21.64,24.65,19.18,68.61,3.41,172.5,17.03
2020,8,27,15.57,98.55,21.44,24.52,18.92,83.46,2.14,158.2,14.59
2020,8,28,58.72,97.66,20.27,23.18,17.89,97.1,2.72,94.4,12.14
2020,8,29,14.71,98.61,22.24,25.62,19.47,70.19,3.43,178.0,13.99
2020,8,30,69.88,97.5,21.23,24.79,18.32,88.76,2.54,138.7,11.74
2020,8,31,45.19,97.76,20.73,23.94,18.1,90.37,2.76,116.2,12.11
2020,9,1,0.0,99.28,23.2,27.33,19.82,69.2,2.17,154.0,18.01
2020,9,2,0.0,99.05,22.8,25.99,20.19,69.79,2.09,117.4,16.55
2020,9,3,34.11,98.21,21.38,24.59,18.75,93.32,1.89,42.9,11.95
2020,9,4,1.37,99.18,23.35,27.0,20.37,64.75,2.4,150.9,16.15
2020,9,5,0.0,98.86,21.9,25.53,18.93,67.07,3.03,101.6,14.51
2020,9,6,0.0,99.12,23.28,26.94,20.29,62.08,2.55,110.1,16.97
2020,9,7,0.0,99.39,22.55,26.34,19.45,66.43,2.34,113.0,18.3
2020,9,8,75.85,97.62,21.81,25.06,19.15,92.04,2.09,102.2,11.99
2020,9,9,24.25,98.57,21.71,25.34,18.74,70.52,2.04,113.9,14.81
2020,9,10,6.43,99.02,22.73,25.89,20.14,64.15,1.88,131.1,16.56
2020,9,11,0.0,99.34,22.16,26.02,19.01,66.47,1.9,119.2,15.63
2020,9,12,0.0,99.2,23.57,27.42,20.42,66.2,2.34,74.1,15.79
2020,9,13,0.0,99.61,23.08,26.96,19.91,61.28,3.05,63.1,17.32
2020,9,14,58.65,97.75,21.05,24.64,18.11,87.58,2.43,88.7,11.47
2020,9,15,6.42,98.94,23.24,27.14,20.05,70.17,1.89,75.8,18.64
2020,9,16,0.0,99.46,22.37,26.05,19.36,64.25,1.78,74.0,18.41
2020,9,17,0.0,99.16,23.1,27.13,19.81,66.53,1.73,71.7,15.76
2020,9,18,0.0,99.09,23.51,27.08,20.59,63.1,2.9,130.8,15.78
2020,9,19,40.01,97.99,23.12,26.7,20.19,83.22,2.36,106.8,11.39
2020,9,20,0.0,99.3,23.88,27.68,20.77,62.54,2.16,82.4,15.68
2020,9,21,5.48,99.0,23.86,27.2,21.13,66.92,2.42,93.6,15.76
2020,9,22,0.0,99.08,23.89,27.52,20.92,56.86,2.24,101.1,16.87
2020,9,23,0.0,99.13,26.29,29.98,23.27,61.97,1.14,68.9,16.34
2020,9,24,12.71,98.85,24.07,27.41,21.34,67.7,1.56,90.0,17.75
2020,9,25,0.0,99.39,22.57,26.31,19.51,59.46,2.39,23.8,17.51
2020,9,26,24.15,98.73,23.23,27.09,20.08,70.95,2.77,88.0,14.76
2020,9,27,11.53,98.93,24.39,28.34,21.16,61.84,2.44,104.0,15.88
2020,9,28,10.15,99.1,22.71,26.02,20.0,64.83,1.91,101.7,12.85
2020,9,29,0.0,99.23,24.25,28.26,20.97,58.98,2.13,88.0,13.35
2020,9,30,0.0,99.29,23.85,27.01,21.27,63.26,1.57,49.9,16.06
2020,10,1,0.0,99.14,23.67,27.15,20.82,63.78,2.09,95.0,17.09
2020,10,2,0.0,99.14,25.24,29.53,21.73,58.23,2.03,113.1,15.32
2020,10,3,0.0,99.29,23.88,27.65,20.79,58.23,1.93,112.3,16.32
2020,10,4,7.56,99.1,23.63,27.07,20.82,63.27,2.19,84.6,15.98
2020,10,5,23.57,98.86,22.85,26.2,20.11,76.84,2.0,93.9,14.8
2020,10,6,0.0,99.36,23.71,27.08,20.95,58.93,0.86,79.8,14.98
2020,10,7,0.0,99.18,24.12,27.58,21.29,66.4,1.72,104.1,15.25
2020,10,8,0.0,99.04,24.13,28.11,20.87,61.35,1.7,74.8,14.96
2020,10,9,0.0,99.43,23.75,27.61,20.59,62.34,1.9,73.5,14.45
2020,10,10,0.0,99.33,24.6,28.6,21.33,59.91,2.09,86.2,15.39
2020,10,11,20.08,98.94,22.08,25.49,19.29,76.93,2.14,86.5,11.95
2020,10,12,6.38,99.19,24.51,27.65,21.94,66.22,1.91,49.2,16.02
2020,10,13,0.0,99.6,25.41,29.27,22.25,60.29,1.95,87.2,14.77
2020,10,14,0.0,99.23,24.39,28.05,21.4,58.09,1.11,58.0,14.54
2020,10,15,0.0,99.28,25.05,28.5,22.23,63.86,2.42,90.9,12.68
2020,10,16,6.38,99.25,24.4,28.34,21.18,63.81,2.1,159.8,12.49
2020,10,17,0.0,99.43,26.52,30.53,23.24,61.75,1.98,113.8,15.72
2020,10,18,7.68,99.14,25.28,29.4,21.91,64.01,1.94,65.3,18.22
2020,10,19,13.84,98.64,23.78,27.14,21.03,67.59,1.5,97.5,13.94
2020,10,20,0.0,98.95,25.88,29.85,22.63,61.0,2.82,111.3,13.83
2020,10,21,7.34,99.02,26.41,30.14,23.35,66.71,1.84,63.7,12.61
2020,10,22,14.69,98.91,24.32,27.77,21.5,67.74,1.49,108.7,11.26
2020,10,23,20.5,98.42,24.62,28.57,21.39,73.68,2.03,97.1,10.13
2020,10,24,0.0,99.27,25.84,29.21,23.09,61.21,2.12,96.6,14.18
2020,10,25,0.0,99.39,24.39,27.82,21.58,63.0,2.55,81.2,13.8
2020,10,26,41.27,98.23,22.28,26.13,19.13,88.0,2.07,100.0,8.96
2020,10,27,0.0,99.33,25.37,28.8,22.56,64.09,2.03,137.0,13.45
2020,10,28,10.32,99.13,24.31,28.02,21.28,67.54,1.84,89.5,12.78
2020,10,29,0.0,98.99,25.2,28.66,22.37,63.49,1.57,128.2,11.29
2020,10,30,0.0,99.4,26.11,29.75,23.13,65.32,1.64,101.5,14.52
2020,10,31,74.38,97.65,23.84,27.5,20.85,87.63,2.35,109.1,10.04
2020,11,1,26.65,98.58,24.81,28.14,22.09,78.9,2.31,141.3,10.82
2020,11,2,6.37,99.01,25.19,28.84,22.2,72.17,2.51,98.9,14.93
2020,11,3,9.77,99.24,24.75,28.2,21.93,66.49,2.07,103.0,12.95
2020,11,4,0.0,99.09,25.15,28.48,22.42,65.01,2.71,118.8,15.04
2020,11,5,0.02,99.55,26.92,30.21,24.23,63.27,1.78,73.7,12.8
2020,11,6,0.0,99.73,27.33,30.63,24.63,66.2,1.95,127.0,14.2
2020,11,7,24.05,98.43,25.6,29.04,22.78,76.49,2.07,90.4,11.14
2020,11,8,0.0,99.21,25.67,29.44,22.58,68.93,2.06,86.8,12.0
2020,11,9,0.0,99.43,25.14,28.39,22.48,63.18,1.78,61.3,13.85
2020,11,10,0.0,99.14,27.89,31.54,24.9,64.81,1.7,67.8,14.21
2020,11,11,0.0,99.28,26.36,30.1,23.3,62.01,1.17,106.1,13.01
2020,11,12,0.0,99.37,26.41,30.34,23.2,63.32,2.65,125.2,12.84
2020,11,13,37.33,98.28,24.26,27.77,21.39,80.96,2.04,71.3,10.95
2020,11,14,4.2,99.26,26.54,30.26,23.5,65.42,1.88,108.7,11.34
2020,11,15,0.0,99.52,26.15,29.51,23.4,56.16,1.7,84.9,12.17
2020,11,16,0.0,99.35,25.62,28.96,22.89,59.88,2.02,51.0,12.53
2020,11,17,0.0,99.18,26.19,30.0,23.08,59.19,1.91,75.3,12.62
2020,11,18,0.0,99.58,26.77,31.06,23.26,66.17,2.6,105.1,11.67
2020,11,19,0.0,99.63,27.63,31.54,24.43,58.52,1.74,56.5,11.84
2020,11,20,0.0,99.46,25.52,28.93,22.73,58.9,1.79,47.1,13.98
2020,11,21,0.0,99.22,25.82,29.27,23.0,57.82,2.18,63.7,12.67
2020,11,22,0.0,99.25,26.45,30.39,23.22,60.79,2.12,60.7,11.05
2020,11,23,0.0,98.98,26.16,30.15,22.9,58.4,1.38,127.2,13.33
2020,11,24,0.0,99.31,26.88,30.7,23.76,57.75,2.02,81.8,14.02
2020,11,25,0.0,99.62,26.6,30.36,23.52,64.7,2.26,108.6,14.21
2020,11,26,10.6,99.04,26.68,30.66,23.43,64.66,2.33,71.6,14.7
2020,11,27,0.0,99.27,27.19,30.75,24.28,59.99,1.29,80.4,12.98
2020,11,28,0.0,99.63,26.19,30.33,22.8,58.93,1.72,95.5,12.97
2020,11,29,24.98,99.04,26.06,30.03,22.81,68.88,1.3,31.4,12.02
2020,11,30,2.59,99.3,26.6,30.27,23.6,57.0,2.02,39.2,13.33
2020,12,1,0.0,99.56,28.12,32.0,24.95,53.77,1.73,80.9,13.34
2020,12,2,0.0,99.32,26.91,31.78,22.93,53.18,2.11,66.9,13.68
2020,12,3,0.0,99.42,27.1,30.95,23.95,56.44,1.84,77.8,14.24
2020,12,4,0.0,99.16,26.87,30.96,23.52,56.36,1.27,38.1,14.47
2020,12,5,0.0,99.56,27.54,31.72,24.12,55.46,1.63,56.4,13.94
2020,12,6,0.0,99.48,27.51,31.52,24.23,56.63,1.3,97.8,11.93
2020,12,7,0.0,99.38,28.71,32.57,25.55,54.87,1.16,41.1,14.33
2020,12,8,0.0,99.49,27.71,31.49,24.62,58.57,1.35,80.7,11.34
2020,12,9,0.0,99.48,28.72,32.66,25.49,53.48,1.61,66.0,13.22
2020,12,10,0.0,99.37,28.91,32.87,25.67,57.42,1.15,31.9,13.36
2020,12,11,3.14,99.52,27.51,31.87,23.94,58.32,1.55,85.9,13.02
2020,12,12,0.0,99.48,27.81,32.27,24.16,47.11,0.98,86.9,15.03
2020,12,13,16.31,99.1,26.92,31.45,23.22,58.85,0.76,13.6,11.59
2020,12,14,0.0,99.28,27.17,31.11,23.95,49.11,2.15,71.9,15.77
2020,12,15,0.0,99.52,29.72,34.05,26.18,54.62,1.3,38.2,12.89
2020,12,16,0.0,99.52,27.72,31.85,24.34,50.58,1.37,44.9,15.3
2020,12,17,0.0,99.4,27.53,31.29,24.45,56.41,1.3,350.2,16.72
2020,12,18,0.0,99.65,27.46,31.11,24.47,50.29,1.62,36.8,12.72
2020,12,19,0.0,99.18,27.8,31.78,24.54,53.73,1.48,22.1,13.72
2020,12,20,0.0,99.47,28.06,32.09,24.76,50.28,1.75,42.7,14.21
2020,12,21,9.97,99.37,28.79,32.62,25.65,60.1,1.51,17.0,13.87
2020,12,22,0.0,99.95,29.62,34.04,26.0,52.03,1.39,19.0,14.21
2020,12,23,0.0,99.32,26.93,31.43,23.25,51.57,1.77,18.1,14.46
2020,12,24,0.0,99.59,29.53,33.57,26.23,50.82,1.24,75.9,14.68
2020,12,25,0.0,99.67,29.63,34.15,25.94,49.57,1.36,38.6,13.39
2020,12,26,0.0,99.59,28.05,32.26,24.6,53.61,1.28,55.7,14.9
2020,12,27,0.0,99.36,27.88,31.44,24.97,50.64,1.89,51.4,15.52
2020,12,28,0.0,99.49,28.91,32.45,26.01,59.19,1.49,22.6,15.22
2020,12,29,0.0,99.14,28.13,32.33,24.69,56.89,1.39,52.4,16.21
2020,12,30,0.0,99.59,29.65,33.71,26.32,51.63,0.53,43.8,13.55
2020,12,31,0.0,99.33,28.97,32.82,25.82,51.19,1.49,19.9,16.01
2021,1,1,0.0,99.67,28.13,32.38,24.66,51.46,1.6,35.6,16.19
2021,1,2,0.0,99.48,28.89,33.62,25.02,56.2,1.68,89.0,13.99
2021,1,3,0.0,99.46,28.75,32.89,25.36,57.89,1.25,4.5,14.69
2021,1,4,0.0,99.62,27.38,31.39,24.1,46.49,1.58,26.2,12.96
2021,1,5,0.0,99.64,28.05,31.98,24.83,55.75,1.5,52.9,14.03
2021,1,6,0.0,99.75,28.3,32.1,25.19,51.19,0.56,358.8,14.1
2021,1,7,0.0,99.55,29.05,33.4,25.49,49.7,1.76,32.0,14.96
2021,1,8,0.0,99.58,29.2,33.21,25.92,55.13,1.27,69.9,13.45
2021,1,9,0.56,99.33,29.64,33.73,26.3,52.54,1.42,26.3,13.63
2021,1,10,0.0,99.86,28.34,32.35,25.06,55.83,1.09,68.0,14.11
2021,1,11,0.0,99.43,27.81,32.38,24.07,54.67,1.6,12.5,13.31
2021,1,12,0.0,99.73,28.27,32.0,25.21,52.93,1.47,78.1,13.9
2021,1,13,0.0,99.73,28.39,32.7,24.86,56.55,0.7,101.0,17.05
2021,1,14,0.0,99.67,28.33,32.69,24.76,51.58,1.07,349.3,14.16
2021,1,15,0.0,99.56,28.89,32.81,25.68,48.93,1.87,80.5,16.47
2021,1,16,0.0,99.53,29.41,33.7,25.9,57.38,1.63,34.8,15.34
2021,1,17,0.0,99.59,28.64,32.72,25.3,51.34,1.2,29.0,15.63
2021,1,18,0.0,99.26,29.29,33.64,25.73,52.49,1.21,12.0,14.7
2021,1,19,0.0,99.6,29.63,33.49,26.47,50.43,0.99,8.6,13.59
2021,1,20,0.0,99.87,28.95,33.15,25.51,52.29,1.01,60.1,17.21
2021,1,21,0.0,99.56,28.17,32.31,24.78,52.9,1.41,28.2,14.0
2021,1,22,0.0,99.59,28.78,33.05,25.28,48.9,1.95,344.9,15.53
2021,1,23,0.0,99.42,29.69,33.16,26.85,48.96,1.21,64.2,15.74
2021,1,24,0.0,99.63,29.43,33.36,26.22,49.54,1.34,45.4,13.0
2021,1,25,0.0,99.46,28.24,32.53,24.73,51.66,1.05,25.2,13.89
2021,1,26,0.0,99.75,29.82,34.43,26.05,53.23,1.29,72.2,16.11
2021,1,27,0.0,99.8,28.76,33.17,25.15,55.65,1.46,57.4,15.92
2021,1,28,0.0,99.84,28.25,32.49,24.78,58.88,2.05,54.0,15.57
2021,1,29,0.0,99.34,28.98,32.87,25.8,52.52,1.77,347.6,16.34
2021,1,30,0.0,99.73,27.93,32.14,24.49,50.76,1.77,45.9,15.61
2021,1,31,0.0,99.71,29.45,33.73,25.94,45.36,1.16,59.5,14.69
2021,2,1,0.0,99.52,29.8,34.41,26.03,52.75,0.98,21.4,16.53
2021,2,2,0.0,99.81,28.29,32.17,25.12,51.55,1.33,25.2,13.91
2021,2,3,0.33,99.66,28.86,32.88,25.57,51.21,1.1,341.1,15.03
2021,2,4,4.09,99.74,29.43,34.11,25.6,52.44,1.16,339.5,16.59
2021,2,5,0.0,99.37,28.05,32.12,24.72,50.28,1.43,63.3,16.83
2021,2,6,0.0,99.46,28.12,32.38,24.64,52.96,1.57,30.1,16.52
2021,2,7,0.0,99.61,28.8,32.63,25.66,53.84,1.79,16.1,18.31
2021,2,8,0.0,99.8,28.77,32.8,25.47,51.97,1.52,25.7,16.33
2021,2,9,0.13,99.67,28.98,33.19,25.53,54.33,1.38,68.7,16.07
2021,2,10,0.0,99.42,28.87,32.89,25.58,55.66,1.02,87.6,17.92
2021,2,11,0.0,99.91,28.01,32.18,24.6,51.8,1.79,64.5,16.92
2021,2,12,0.0,99.53,27.8,31.99,24.37,55.49,1.62,37.8,16.29
2021,2,13,0.0,99.42,27.99,32.13,24.6,49.41,1.17,89.3,17.08
2021,2,14,0.0,99.45,29.25,33.17,26.05,52.89,1.65,17.3,17.2
2021,2,15,0.0,99.34,29.55,33.9,25.99,51.01,1.37,6.0,16.0
2021,2,16,0.0,99.18,28.81,32.98,25.4,53.47,1.76,60.8,15.29
2021,2,17,0.0,99.56,29.36,33.3,26.14,46.06,1.24,61.7,16.42
2021,2,18,0.0,99.3,28.42,32.32,25.23,55.4,1.25,48.4,19.67
2021,2,19,0.0,99.63,28.57,32.41,25.43,51.98,0.73,50.6,19.33
2021,2,20,0.0,99.75,29.46,33.91,25.82,53.34,1.16,6.2,16.19
2021,2,21,3.51,99.56,28.98,32.9,25.77,51.87,1.96,43.3,16.09
2021,2,22,0.0,99.58,28.9,32.77,25.74,56.83,2.35,2.4,17.26
2021,2,23,0.0,99.29,28.65,32.5,25.5,53.13,1.5,46.5,16.67
2021,2,24,0.0,99.72,27.92,31.49,25.0,51.11,1.15,75.7,19.16
2021,2,25,0.0,99.92,28.77,33.49,24.91,46.32,1.23,51.7,17.16
2021,2,26,0.0,99.82,28.91,33.05,25.52,51.23,1.32,21.3,16.89
2021,2,27,0.0,99.33,30.21,34.08,27.04,45.73,1.21,42.6,15.9
2021,2,28,0.0,99.55,28.59,32.61,25.3,52.6,1.64,34.5,19.64
2021,3,1,0.0,99.51,28.36,32.13,25.28,53.91,0.81,30.5,17.38
2021,3,2,0.0,99.49,28.79,32.95,25.38,54.26,1.35,32.2,17.95
2021,3,3,2.62,99.5,29.47,33.54,26.14,51.34,2.04,7.8,18.21
2021,3,4,0.0,99.95,28.78,33.2,25.17,50.55,1.74,49.3,17.72
2021,3,5,0.0,99.57,28.39,32.31,25.19,52.09,2.12,37.7,17.28
2021,3,6,0.0,99.47,27.93,32.14,24.49,50.84,1.29,77.3,17.63
2021,3,7,0.0,99.6,27.87,31.98,24.51,47.75,1.1,54.9,18.71
2021,3,8,0.0,99.31,28.97,32.84,25.8,50.69,1.47,87.5,18.9
2021,3,9,0.0,99.42,28.19,32.39,24.75,53.58,1.06,83.5,14.97
2021,3,10,0.0,99.72,29.76,33.84,26.42,51.21,1.16,4.4,18.13
2021,3,11,0.0,99.57,28.38,32.75,24.8,51.87,1.27,25.7,18.64
2021,3,12,0.0,99.91,28.63,32.84,25.19,51.11,1.82,6.1,19.6
2021,3,13,0.0,99.58,27.87,31.84,24.63,59.17,1.72,15.9,19.43
2021,3,14,0.0,99.31,27.65,31.99,24.1,53.0,1.56,23.7,19.21
2021,3,15,0.0,99.24,28.72,32.89,25.31,53.33,1.4,92.5,19.13
2021,3,16,0.0,99.71,28.99,32.94,25.76,51.15,2.04,86.5,20.56
2021,3,17,0.0,99.33,27.42,31.77,23.86,54.13,1.54,52.1,21.34
2021,3,18,0.0,99.32,27.56,31.88,24.02,53.13,1.02,29.8,17.96
2021,3,19,0.0,99.42,27.57,31.4,24.43,48.04,1.44,360.0,19.68
2021,3,20,0.0,99.69,28.47,32.35,25.3,57.17,1.02,26.4,17.13
2021,3,21,0.0,99.44,28.21,32.32,24.85,52.74,1.19,46.3,20.09
2021,3,22,0.0,99.35,27.84,31.82,24.59,54.61,1.92,22.8,18.34
2021,3,23,0.0,99.72,27.32,31.3,24.06,51.41,1.51,75.4,20.7
2021,3,24,0.0,99.69,28.95,32.8,25.8,54.52,1.44,97.1,18.73
2021,3,25,0.0,99.8,28.47,32.58,25.11,55.22,1.51,24.5,18.26
2021,3,26,0.0,99.73,26.34,30.46,22.97,49.34,1.38,43.4,18.18
2021,3,27,0.0,99.68,28.29,31.95,25.29,54.99,0.62,38.6,20.18
2021,3,28,0.0,99.35,27.44,31.38,24.21,53.33,1.71,38.0,19.26
2021,3,29,0.0,99.6,27.18,31.07,24.0,50.86,1.69,27.1,19.76
2021,3,30,0.0,99.69,28.09,32.21,24.72,58.53,1.51,30.9,18.22
2021,3,31,0.0,99.8,27.75,31.94,24.32,51.36,1.18,16.1,19.54
2021,4,1,7.35,99.31,27.22,31.45,23.76,58.79,2.13,64.8,19.43
2021,4,2,0.0,99.37,26.77,30.69,23.56,50.76,1.28,66.7,22.23
2021,4,3,0.0,99.3,28.06,32.22,24.65,51.29,1.17,89.7,17.8
2021,4,4,0.0,99.63,26.43,30.03,23.49,57.49,1.52,18.5,19.7
2021,4,5,0.0,99.33,27.78,32.15,24.21,53.7,1.76,15.4,18.59
2021,4,6,0.0,99.46,27.25,31.05,24.14,58.89,1.69,11.8,19.64
2021,4,7,0.0,99.28,27.1,30.72,24.14,53.87,1.73,27.3,20.11
2021,4,8,0.1,99.4,26.68,30.47,23.58,53.99,1.98,100.5,21.13
2021,4,9,0.0,99.5,27.13,31.5,23.56,53.28,1.65,30.0,19.35
2021,4,10,0.0,99.47,25.99,30.12,22.61,54.25,2.07,62.7,20.69
2021,4,11,0.0,99.55,27.76,32.2,24.13,57.58,1.76,107.0,21.28
2021,4,12,0.0,99.16,26.55,30.57,23.26,56.32,1.56,69.0,18.5
2021,4,13,0.0,99.38,26.28,30.58,22.76,55.47,1.44,51.6,17.64
2021,4,14,0.0,99.31,26.57,30.39,23.45,58.52,2.15,351.8,18.1
2021,4,15,36.01,98.31,24.94,28.48,22.04,78.21,1.89,58.8,15.27
2021,4,16,5.67,99.1,27.21,31.2,23.95,59.49,1.54,78.8,19.11
2021,4,17,0.0,99.21,25.29,29.19,22.1,61.73,1.52,63.1,20.26
2021,4,18,0.0,99.43,26.38,30.38,23.11,53.46,1.32,65.1,18.18
2021,4,19,0.0,99.43,27.47,31.54,24.14,59.25,2.37,37.8,21.44
2021,4,20,0.0,99.5,26.34,30.28,23.12,58.12,1.93,126.3,21.77
2021,4,21,33.34,98.56,25.02,28.81,21.92,78.58,2.33,64.7,16.32
2021,4,22,0.0,99.36,26.13,29.91,23.04,59.51,2.6,98.7,18.01
2021,4,23,62.59,97.83,23.62,27.53,20.42,82.35,2.54,79.3,15.76
2021,4,24,0.0,99.43,26.37,29.72,23.63,55.02,1.7,71.3,19.75
2021,4,25,0.0,98.92,25.78,29.32,22.88,61.09,2.99,75.2,18.51
2021,4,26,0.0,99.28,25.94,30.23,22.43,63.82,2.21,118.0,21.59
2021,4,27,0.0,99.34,26.14,29.7,23.22,59.68,1.51,73.5,18.6
2021,4,28,28.77,98.87,24.83,28.69,21.67,80.46,2.08,103.0,18.03
2021,4,29,38.57,98.09,24.12,27.66,21.22,82.56,2.06,102.6,15.38
2021,4,30,0.0,99.04,26.14,29.71,23.22,61.18,2.22,74.7,20.36
2021,5,1,11.06,98.55,25.69,28.7,23.23,67.85,2.2,74.3,17.44
2021,5,2,25.11,98.35,24.89,28.64,21.82,74.84,2.36,114.5,17.98
2021,5,3,0.0,99.19,25.99,29.4,23.2,64.63,1.9,156.1,18.3
2021,5,4,0.0,99.07,26.12,29.09,23.69,63.24,2.32,69.4,20.94
2021,5,5,29.84,98.31,23.04,26.16,20.49,80.42,2.08,96.3,16.57
2021,5,6,0.0,99.18,26.92,30.43,24.05,64.19,2.35,114.8,17.2
2021,5,7,3.86,99.17,24.86,28.12,22.19,69.72,2.25,120.3,18.15
2021,5,8,65.24,97.66,22.65,25.85,20.03,85.72,2.2,116.4,13.59
2021,5,9,8.93,98.92,24.49,27.77,21.81,74.42,2.68,191.9,16.06
2021,5,10,2.48,99.14,23.51,26.02,21.46,71.2,2.63,119.5,19.59
2021,5,11,27.16,98.11,23.63,26.53,21.26,85.38,2.64,86.8,16.83
2021,5,12,0.0,99.13,23.91,27.4,21.05,66.86,2.35,173.2,16.46
2021,5,13,78.85,97.58,22.43,25.86,19.62,92.85,2.78,104.3,13.97
2021,5,14,36.34,98.17,22.94,26.36,20.14,94.4,2.58,136.3,13.56
2021,5,15,21.99,98.41,22.91,26.32,20.12,80.05,2.48,120.9,15.79
2021,5,16,2.13,98.97,22.77,26.1,20.04,73.59,3.06,122.6,17.06
2021,5,17,0.0,99.12,24.22,27.8,21.29,69.35,3.02,111.3,17.49
2021,5,18,11.28,99.04,23.5,26.83,20.78,78.46,1.61,169.7,16.01
2021,5,19,6.54,98.55,23.74,26.89,21.17,77.07,1.97,181.2,18.46
2021,5,20,2.81,99.04,23.37,26.91,20.48,73.87,3.42,171.4,18.3
2021,5,21,32.68,98.4,21.93,25.17,19.28,90.49,2.38,201.0,15.14
2021,5,22,26.23,98.1,22.42,25.64,19.78,90.27,2.39,140.1,14.37
2021,5,23,81.49,97.5,21.64,24.54,19.26,94.79,2.87,156.1,13.03
2021,5,24,25.27,98.39,22.92,25.95,20.44,91.45,3.06,147.5,15.05
2021,5,25,28.9,98.6,21.66,24.35,19.46,97.34,2.81,182.8,14.62
2021,5,26,102.39,97.84,21.86,24.42,19.76,95.45,1.86,177.6,12.77
2021,5,27,56.86,97.5,21.69,24.17,19.66,95.73,3.11,131.1,12.43
2021,5,28,0.0,98.88,23.52,26.4,21.17,73.66,3.77,213.5,18.66
2021,5,29,25.24,98.33,23.36,26.65,20.66,90.87,2.59,153.1,15.59
2021,5,30,62.34,97.51,19.79,22.81,17.32,99.0,3.77,136.7,13.43
2021,5,31,68.17,97.5,22.31,25.43,19.76,99.0,3.06,146.3,11.21
2021,6,1,114.04,97.5,20.42,23.05,18.27,99.0,3.87,217.7,13.97
2021,6,2,30.72,97.94,21.75,24.68,19.35,97.33,3.45,232.0,13.69
2021,6,3,11.92,98.3,22.3,25.69,19.53,90.36,3.03,183.8,17.05
2021,6,4,0.0,98.51,21.75,24.78,19.27,79.21,3.5,213.0,17.43
2021,6,5,0.0,98.58,22.99,25.69,20.78,82.49,3.79,165.8,16.99
2021,6,6,48.32,97.86,21.23,23.55,19.33,99.0,2.76,209.5,12.27
2021,6,7,50.29,97.72,20.79,23.2,18.82,99.0,3.37,207.0,14.46
2021,6,8,32.13,98.14,20.11,23.05,17.71,96.43,3.75,162.1,15.66
2021,6,9,7.38,98.61,21.21,24.01,18.92,84.64,3.24,198.1,15.92
2021,6,10,35.2,97.94,20.42,23.64,17.78,99.0,2.9,201.3,13.35
2021,6,11,105.28,97.5,21.15,23.88,18.92,99.0,4.19,178.3,10.34
2021,6,12,0.0,98.53,22.27,24.56,20.4,87.57,2.75,224.6,14.95
2021,6,13,33.98,98.08,19.38,22.0,17.23,99.0,3.34,172.4,12.6
2021,6,14,17.29,98.52,22.84,25.53,20.64,92.62,3.45,229.5,14.43
2021,6,15,73.99,97.5,21.09,23.65,19.0,99.0,4.29,256.7,12.04
2021,6,16,74.22,97.5,19.22,21.87,17.05,99.0,2.67,224.3,13.38
2021,6,17,93.76,97.5,19.64,22.38,17.4,99.0,3.52,235.7,8.39
2021,6,18,59.1,97.5,19.68,21.75,17.99,99.0,3.3,236.5,9.38
2021,6,19,78.89,97.5,20.19,22.62,18.2,99.0,3.32,238.6,11.34
2021,6,20,55.1,97.64,19.92,22.87,17.51,99.0,4.18,204.9,8.92
2021,6,21,32.74,97.75,19.94,22.97,17.46,99.0,3.23,229.1,14.16
2021,6,22,38.5,97.78,21.06,23.29,19.24,99.0,3.14,229.1,13.21
2021,6,23,82.79,97.5,20.86,23.08,19.05,99.0,3.18,179.0,11.43
2021,6,24,114.17,97.5,19.56,22.33,17.29,99.0,3.71,206.9,8.85
2021,6,25,63.81,97.5,19.15,22.26,16.61,99.0,3.65,198.7,9.2
2021,6,26,10.4,98.74,22.21,24.81,20.08,94.82,3.57,207.1,15.73
2021,6,27,110.79,97.5,18.0,20.56,15.9,99.0,3.48,252.7,8.03
2021,6,28,68.24,97.5,18.8,21.13,16.9,99.0,4.24,210.9,10.67
2021,6,29,55.0,97.5,20.07,22.86,17.78,99.0,2.96,211.1,9.4
2021,6,30,22.83,98.22,21.41,23.83,19.43,99.0,4.18,227.6,11.6
2021,7,1,37.25,97.85,19.6,22.53,17.2,99.0,3.2,219.1,11.47
2021,7,2,129.77,97.5,20.88,23.47,18.76,99.0,4.15,202.9,13.34
2021,7,3,185.51,97.5,18.0,20.56,15.91,99.0,4.05,232.3,10.43
2021,7,4,51.44,97.5,19.99,22.25,18.14,99.0,3.99,228.7,11.17
2021,7,5,25.21,98.23,20.25,22.51,18.4,96.49,3.72,211.3,12.27
2021,7,6,36.07,97.85,19.39,21.7,17.5,99.0,3.6,235.7,12.84
2021,7,7,26.65,97.78,20.7,23.15,18.7,99.0,3.84,218.2,13.94
2021,7,8,47.5,97.5,18.95,21.73,16.68,99.0,4.19,253.0,10.52
2021,7,9,28.43,98.02,19.21,21.91,17.0,99.0,3.64,178.5,11.4
2021,7,10,80.67,97.5,19.17,21.52,17.25,99.0,3.57,214.6,10.31
2021,7,11,69.47,97.5,19.04,20.94,17.49,99.0,3.75,233.5,10.85
2021,7,12,17.87,98.46,19.8,22.08,17.94,95.74,3.66,220.4,13.71
2021,7,13,32.19,97.85,19.35,21.87,17.29,99.0,3.7,189.9,11.3
2021,7,14,0.0,98.8,20.74,23.28,18.66,87.34,4.39,284.3,15.49
2021,7,15,1.42,98.96,19.83,22.81,17.39,90.26,3.46,229.8,14.23
2021,7,16,39.69,97.53,18.24,21.12,15.89,99.0,4.22,194.4,12.83
2021,7,17,66.96,97.5,19.66,22.37,17.44,99.0,4.09,250.1,9.74
2021,7,18,59.15,97.5,18.01,20.33,16.11,99.0,3.18,217.0,7.83
2021,7,19,93.64,97.5,19.0,21.58,16.89,99.0,3.44,256.5,10.64
2021,7,20,20.99,98.23,18.86,21.51,16.69,99.0,3.68,214.6,13.08
2021,7,21,0.0,98.34,22.07,24.95,19.71,84.49,3.67,248.0,14.35
2021,7,22,0.0,98.8,20.83,23.09,18.98,87.78,3.47,224.3,14.59
2021,7,23,91.07,97.5,19.81,22.6,17.53,99.0,4.04,223.0,8.16
2021,7,24,11.76,98.42,22.05,24.77,19.83,93.04,3.72,202.8,12.52
2021,7,25,29.8,97.78,18.96,21.38,16.98,99.0,3.65,207.7,11.27
2021,7,26,20.34,98.21,19.78,22.72,17.38,96.48,4.09,227.7,13.75
2021,7,27,68.59,97.54,19.69,21.76,18.0,99.0,3.3,209.0,10.51
2021,7,28,88.14,97.5,18.66,21.86,16.04,99.0,3.34,188.2,8.27
2021,7,29,53.26,97.5,19.33,22.31,16.89,99.0,3.38,192.0,9.75
2021,7,30,40.95,97.95,19.58,22.16,17.47,99.0,2.98,226.1,11.33
2021,7,31,35.11,97.99,18.12,20.66,16.05,99.0,3.47,229.2,12.72
2021,8,1,0.0,98.79,21.85,24.51,19.67,85.62,3.69,234.9,11.9
2021,8,2,54.87,97.51,19.13,21.61,17.1,99.0,2.95,196.2,8.3
2021,8,3,0.0,98.8,20.41,23.05,18.25,84.19,3.0,252.9,14.17
2021,8,4,23.12,98.51,21.44,24.39,19.03,95.7,3.39,229.0,9.99
2021,8,5,18.13,98.48,20.1,22.65,18.02,89.98,3.47,198.0,14.98
2021,8,6,32.4,97.92,19.52,22.54,17.05,99.0,3.22,198.1,12.51
2021,8,7,62.15,97.59,18.12,20.83,15.9,99.0,3.13,212.8,11.05
2021,8,8,97.9,97.65,19.84,22.94,17.3,99.0,3.76,170.4,9.52
2021,8,9,47.05,97.82,19.61,22.81,16.99,99.0,3.0,149.5,11.35
2021,8,10,0.0,98.92,20.28,22.85,18.18,78.47,3.76,191.7,15.62
2021,8,11,59.13,97.5,19.71,22.0,17.84,99.0,2.94,187.7,9.96
2021,8,12,5.24,98.85,21.95,24.89,19.55,85.83,3.31,159.7,16.2
2021,8,13,0.0,98.94,21.95,24.93,19.51,77.7,2.86,160.9,16.04
2021,8,14,0.0,98.87,22.6,25.2,20.47,79.23,2.88,203.2,15.78
2021,8,15,103.83,97.51,19.29,22.71,16.49,98.2,2.77,177.4,10.33
2021,8,16,53.22,97.58,21.0,23.88,18.64,99.0,3.25,126.4,9.99
2021,8,17,13.18,98.68,21.29,24.47,18.69,83.33,3.56,97.2,14.56
2021,8,18,82.03,97.6,20.42,23.25,18.11,99.0,2.94,103.3,11.32
2021,8,19,96.35,97.5,20.81,23.45,18.65,95.89,2.47,207.1,10.77
2021,8,20,26.93,98.08,22.74,26.14,19.96,87.83,3.07,142.7,15.18
2021,8,21,82.84,97.5,19.26,22.1,16.93,95.83,3.36,151.0,10.51
2021,8,22,43.64,98.21,19.81,23.15,17.08,97.73,3.09,222.9,12.91
2021,8,23,21.84,98.53,21.38,24.3,18.99,83.13,2.2,125.7,12.6
2021,8,24,21.51,98.57,21.06,24.17,18.52,81.37,2.45,175.0,13.41
2021,8,25,20.01,98.69,20.87,24.02,18.29,86.63,2.34,140.2,12.62
2021,8,26,14.95,98.43,20.62,23.83,17.99,73.83,2.64,168.8,14.2
2021,8,27,14.42,98.28,21.85,24.91,19.34,75.61,2.8,155.6,16.45
2021,8,28,0.0,99.0,22.95,26.41,20.12,76.89,2.97,84.0,14.97
2021,8,29,14.48,98.83,22.12,25.66,19.22,73.39,2.66,110.8,16.79
2021,8,30,0.0,99.0,21.37,25.01,18.39,68.62,3.05,108.4,15.88
2021,8,31,50.6,97.53,19.44,22.65,16.82,89.54,3.14,137.9,10.47
2021,9,1,9.53,98.65,22.29,25.33,19.8,67.7,2.95,111.8,15.49
2021,9,2,22.27,98.3,21.63,25.06,18.82,77.86,2.12,133.9,14.3
2021,9,3,0.0,98.96,22.52,26.02,19.66,68.7,2.61,140.4,16.59
2021,9,4,35.71,97.98,21.18,24.7,18.3,89.26,2.52,169.8,11.65
2021,9,5,5.9,98.97,22.27,26.13,19.11,73.4,3.0,134.9,15.93
2021,9,6,0.0,99.0,23.02,26.5,20.17,65.58,3.44,115.2,14.78
2021,9,7,0.0,99.22,23.74,27.79,20.43,61.03,2.08,120.7,16.07
2021,9,8,0.0,98.94,22.38,26.11,19.32,65.94,2.28,65.2,15.75
2021,9,9,24.87,98.55,22.41,26.17,19.33,82.93,2.22,95.3,13.38
2021,9,10,5.54,98.99,22.98,26.53,20.07,72.33,2.61,81.0,17.07
2021,9,11,24.07,98.61,20.99,24.45,18.16,80.63,2.08,137.2,16.16
2021,9,12,9.94,99.0,22.4,25.79,19.62,65.93,2.37,125.7,16.15
2021,9,13,0.0,99.28,23.32,26.95,20.35,63.39,2.09,51.3,15.48
2021,9,14,0.0,99.32,24.89,28.72,21.75,64.25,1.48,119.5,16.5
2021,9,15,0.0,99.27,22.92,26.47,20.01,64.39,2.03,124.4,18.11
2021,9,16,10.7,98.97,22.63,26.15,19.75,63.89,2.09,76.9,16.52
2021,9,17,0.17,99.06,23.82,27.17,21.08,68.56,2.1,119.4,19.45
2021,9,18,0.0,99.35,23.51,27.3,20.41,66.13,2.37,99.9,15.03
2021,9,19,0.0,99.08,22.76,26.12,20.01,62.18,1.81,57.9,15.48
2021,9,20,0.0,99.16,22.48,26.26,19.39,62.32,1.55,53.1,17.59
2021,9,21,0.0,99.06,22.44,26.2,19.37,60.35,2.48,162.7,16.87
2021,9,22,4.0,98.96,24.23,27.88,21.24,67.21,1.75,83.9,14.99
2021,9,23,0.0,99.17,23.13,27.16,19.84,58.13,1.98,99.5,15.66
2021,9,24,0.0,99.19,25.56,29.7,22.17,61.53,1.92,46.5,16.71
2021,9,25,0.0,99.09,23.58,26.71,21.02,58.73,1.31,135.8,16.77
2021,9,26,0.0,99.24,24.54,27.85,21.84,60.9,2.44,110.4,17.0
2021,9,27,0.0,99.27,23.23,27.11,20.06,64.12,1.99,91.0,18.49
2021,9,28,0.0,99.15,24.22,28.41,20.79,58.96,2.1,133.8,18.56
2021,9,29,0.0,99.66,25.12,28.47,22.38,61.21,2.34,44.0,14.99
2021,9,30,5.87,99.17,23.7,27.54,20.55,63.52,1.81,66.5,16.35
2021,10,1,0.0,99.28,23.46,26.71,20.8,58.57,2.09,86.5,15.45
2021,10,2,13.03,98.81,23.48,26.7,20.84,66.05,1.93,68.7,16.64
2021,10,3,0.0,99.29,24.16,28.46,20.64,58.92,2.16,107.9,15.35
2021,10,4,0.0,99.31,23.66,27.5,20.52,55.59,1.72,100.0,14.42
2021,10,5,0.0,99.26,25.55,28.85,22.85,60.25,2.46,119.6,17.05
2021,10,6,0.0,99.52,24.44,28.1,21.44,60.96,1.44,91.0,17.28
2021,10,7,0.0,98.96,25.36,28.87,22.49,56.57,2.4,58.5,14.63
2021,10,8,6.24,99.04,25.01,28.61,22.06,63.06,2.43,78.4,16.17
2021,10,9,0.0,99.4,25.73,29.36,22.76,60.36,2.0,103.7,14.17
2021,10,10,6.6,98.94,23.44,27.21,20.36,67.0,1.87,78.9,13.91
2021,10,11,0.0,98.99,25.07,28.9,21.94,66.06,2.42,91.9,12.93
2021,10,12,0.0,99.18,24.3,27.81,21.43,62.46,2.27,76.8,16.2
2021,10,13,0.0,99.46,24.59,28.08,21.74,57.64,1.6,104.4,15.44
2021,10,14,0.0,99.11,23.97,27.76,20.87,59.05,2.14,105.8,14.36
2021,10,15,9.97,98.96,25.99,29.49,23.13,67.47,1.84,158.6,13.49
2021,10,16,54.85,97.98,22.28,25.77,19.43,82.67,2.11,46.8,9.96
2021,10,17,0.0,99.17,25.29,28.98,22.27,61.98,2.19,102.2,14.76
2021,10,18,0.0,99.19,23.97,27.63,20.97,64.57,1.66,152.3,15.02
2021,10,19,7.17,98.97,24.44,27.97,21.56,65.87,1.44,128.4,12.44
2021,10,20,0.0,99.17,25.69,29.62,22.47,69.41,1.77,149.0,15.02
2021,10,21,0.0,99.06,25.22,28.99,22.14,58.29,2.47,66.7,14.23
2021,10,22,6.23,99.07,24.11,28.29,20.69,67.79,2.05,98.8,11.7
2021,10,23,29.17,98.73,23.39,26.94,20.48,74.36,2.5,59.1,13.63
2021,10,24,0.98,99.53,25.17,28.98,22.05,61.26,2.69,74.7,12.6
2021,10,25,0.0,99.5,25.12,29.13,21.84,65.59,2.08,138.7,12.6
2021,10,26,0.0,99.3,24.26,27.62,21.51,57.56,2.22,67.2,12.69
2021,10,27,0.0,99.57,24.95,28.45,22.08,64.26,2.37,91.7,12.79
2021,10,28,0.0,99.69,25.16,29.09,21.94,60.03,1.28,74.6,12.47
2021,10,29,14.1,98.96,25.14,28.92,22.05,71.13,1.81,109.1,11.61
2021,10,30,0.0,99.1,26.06,29.65,23.13,61.86,2.04,59.9,14.16
2021,10,31,0.0,99.52,25.86,29.07,23.23,63.69,2.47,101.6,13.5
2021,11,1,51.19,97.79,23.68,26.91,21.03,86.78,1.51,127.0,7.47
2021,11,2,0.0,99.13,25.74,29.21,22.9,66.62,2.34,91.7,13.91
2021,11,3,0.0,98.91,25.87,29.24,23.11,64.03,1.86,139.1,14.6
2021,11,4,0.0,99.42,26.26,29.64,23.5,65.32,2.26,115.4,12.71
2021,11,5,0.0,98.88,26.83,29.92,24.3,63.34,1.9,91.3,12.88
2021,11,6,5.8,99.33,24.78,28.01,22.14,62.88,1.94,80.6,12.02
2021,11,7,25.5,98.99,24.42,27.78,21.67,74.19,1.85,128.4,9.59
2021,11,8,0.0,99.62,26.51,30.15,23.53,67.41,1.88,90.5,10.34
2021,11,9,23.52,98.5,24.23,27.75,21.35,72.61,2.48,95.1,10.46
2021,11,10,0.0,98.98,25.02,28.66,22.04,63.47,1.61,156.6,16.43
2021,11,11,0.0,99.21,25.53,29.17,22.56,63.25,1.46,125.7,12.59
2021,11,12,0.0,99.49,26.09,29.26,23.49,62.9,1.53,73.6,11.52
2021,11,13,0.0,99.55,25.77,29.71,22.54,65.23,1.76,97.3,13.69
2021,11,14,0.0,99.46,26.43,30.29,23.27,60.33,1.9,121.3,12.71
2021,11,15,0.0,99.44,26.03,29.71,23.02,61.31,1.99,74.0,13.67
2021,11,16,0.0,99.78,26.05,29.59,23.16,60.7,1.87,130.9,13.44
2021,11,17,22.12,98.72,24.3,28.37,20.97,67.21,1.65,102.1,10.69
2021,11,18,0.0,99.23,26.84,30.27,24.04,58.99,2.62,152.2,13.15
2021,11,19,0.0,99.16,26.92,30.91,23.66,63.82,2.08,79.0,14.86
2021,11,20,17.98,99.01,25.7,29.19,22.84,76.1,1.54,101.4,11.28
2021,11,21,0.0,99.36,26.72,30.83,23.36,62.91,1.81,63.4,14.85
2021,11,22,6.3,99.39,26.54,30.43,23.36,64.5,2.2,79.5,13.19
2021,11,23,0.0,99.32,27.49,31.51,24.2,55.79,1.56,63.8,14.27
2021,11,24,0.0,99.52,26.97,30.82,23.82,59.85,1.66,107.6,14.06
2021,11,25,8.52,99.14,25.61,29.54,22.4,63.99,1.56,31.2,12.16
2021,11,26,0.0,99.4,28.28,32.11,25.15,65.27,2.14,356.3,14.88
2021,11,27,0.0,99.42,27.91,31.46,25.0,53.51,1.84,81.9,13.89
2021,11,28,0.12,99.13,27.11,31.26,23.72,54.66,1.41,74.1,12.75
2021,11,29,0.0,99.42,27.25,31.04,24.15,61.18,2.45,49.0,11.86
2021,11,30,0.0,99.56,27.41,31.31,24.22,61.82,1.24,71.9,14.4
2021,12,1,0.0,99.28,26.73,30.18,23.91,58.12,1.59,12.7,11.64
2021,12,2,0.0,99.81,28.11,31.96,24.96,55.88,2.03,109.9,12.56
2021,12,3,0.0,99.48,28.09,32.11,24.8,58.23,1.51,42.4,12.11
2021,12,4,0.0,99.37,27.39,31.79,23.79,62.45,1.41,92.1,14.67
2021,12,5,3.26,99.29,27.85,31.77,24.64,56.06,1.68,29.3,13.95
2021,12,6,0.0,99.74,28.29,32.15,25.14,57.13,1.56,22.4,14.08
2021,12,7,0.0,99.35,27.78,31.56,24.69,55.01,1.17,32.5,14.06
2021,12,8,0.0,99.56,26.95,30.75,23.84,56.37,1.73,58.8,14.0
2021,12,9,0.0,99.67,28.21,32.68,24.55,57.28,1.13,81.7,15.83
2021,12,10,0.0,99.62,27.82,31.52,24.79,53.24,0.9,99.3,12.27
2021,12,11,0.0,99.42,27.07,30.96,23.89,57.42,1.5,84.2,15.46
2021,12,12,0.0,99.68,28.61,33.01,25.01,53.09,1.08,13.6,13.84
2021,12,13,0.0,99.56,28.1,32.44,24.55,55.89,1.41,46.6,16.08
2021,12,14,0.0,99.23,27.82,32.49,24.0,48.66,1.53,37.2,14.65
2021,12,15,0.0,99.76,29.48,33.81,25.94,56.07,1.45,47.9,15.21
2021,12,16,0.0,99.43,27.69,31.8,24.33,51.29,2.55,60.0,14.51
2021,12,17,0.0,99.52,27.45,31.67,24.0,52.23,1.91,27.0,12.94
2021,12,18,0.0,99.61,28.27,32.05,25.18,47.17,1.56,103.1,14.24
2021,12,19,0.0,99.46,28.09,32.13,24.79,52.73,1.53,35.2,14.27
2021,12,20,0.0,99.69,27.85,31.65,24.74,56.95,1.64,67.5,14.96
2021,12,21,0.0,99.36,29.26,33.73,25.61,48.74,1.32,5.0,15.05
2021,12,22,0.0,99.46,27.53,31.2,24.52,53.56,1.28,100.8,15.55
2021,12,23,0.0,99.79,28.57,32.59,25.28,47.21,1.29,63.7,15.01
2021,12,24,0.0,99.57,28.45,32.25,25.34,52.41,1.12,36.1,14.21
2021,12,25,0.0,99.38,28.41,32.78,24.84,55.15,2.07,53.9,13.28
2021,12,26,0.0,99.59,29.26,33.4,25.87,52.37,0.91,55.6,15.28
2021,12,27,0.0,99.65,29.92,34.01,26.57,54.79,1.66,48.6,12.97
2021,12,28,0.0,99.29,28.52,32.3,25.43,51.13,1.59,35.2,14.94
2021,12,29,0.0,99.88,29.17,33.67,25.49,59.72,1.54,7.3,15.69
2021,12,30,0.0,99.9,28.6,32.45,25.45,55.51,1.3,86.5,14.98
2021,12,31,0.0,99.61,28.66,32.66,25.39,52.97,0.94,47.3,13.49
2022,1,1,0.0,99.56,28.97,33.09,25.6,56.79,1.42,18.6,14.42
2022,1,2,0.0,99.6,28.8,33.07,25.3,55.91,1.42,32.4,14.67
2022,1,3,0.0,99.75,28.07,32.12,24.76,50.5,2.15,72.7,14.6
2022,1,4,0.0,99.68,29.66,34.18,25.96,53.4,1.5,74.5,15.05
2022,1,5,0.0,99.64,29.06,33.2,25.67,51.17,1.36,32.0,15.63
2022,1,6,0.0,99.84,28.73,33.31,24.98,54.57,1.26,24.6,14.33
2022,1,7,0.0,99.8,28.35,32.22,25.18,56.4,1.1,26.4,15.51
2022,1,8,0.0,99.42,29.01,33.28,25.52,47.86,1.35,69.1,15.37
2022,1,9,0.0,99.76,28.65,32.57,25.44,52.34,1.49,76.4,15.88
2022,1,10,0.0,99.81,28.96,33.04,25.62,56.1,0.96,32.8,14.33
2022,1,11,0.0,99.65,28.72,32.48,25.64,54.13,1.07,57.9,15.09
2022,1,12,0.0,99.71,28.28,32.78,24.6,53.2,0.92,30.9,14.35
2022,1,13,0.0,99.54,30.01,34.51,26.33,55.01,1.43,1.9,14.72
2022,1,14,0.0,99.38,28.23,32.69,24.58,48.26,1.68,57.0,14.36
2022,1,15,0.0,99.94,28.36,32.75,24.77,53.6,0.22,35.5,14.1
2022,1,16,0.0,99.36,29.39,34.27,25.4,55.46,1.12,36.2,16.76
2022,1,17,0.0,99.9,29.15,33.33,25.73,53.6,1.93,62.5,15.61
2022,1,18,0.0,99.59,29.4,33.99,25.65,48.59,1.53,2.6,13.88
2022,1,19,0.0,99.82,29.3,33.42,25.93,50.95,1.39,340.5,14.94
2022,1,20,0.0,99.6,28.43,32.72,24.92,52.04,0.79,50.3,13.98
2022,1,21,0.0,99.77,29.43,33.78,25.87,49.72,1.58,87.4,15.28
2022,1,22,0.0,99.68,28.52,32.15,25.55,49.49,1.22,67.1,14.93
2022,1,23,0.0,99.48,29.72,33.81,26.37,53.39,1.53,18.7,15.44
2022,1,24,0.0,99.62,28.29,32.35,24.97,56.62,2.1,47.9,13.06
2022,1,25,0.0,99.57,28.43,32.55,25.06,46.73,0.75,54.5,13.37
2022,1,26,0.0,99.71,28.46,32.39,25.25,50.66,1.79,56.0,15.23
2022,1,27,0.0,99.62,29.21,33.38,25.8,49.99,1.13,23.4,16.38
2022,1,28,0.0,99.65,28.96,33.18,25.51,56.22,1.72,23.2,15.58
2022,1,29,0.0,99.41,29.08,32.93,25.93,54.04,1.02,335.0,14.62
2022,1,30,0.58,99.35,28.89,33.02,25.51,56.24,0.87,46.4,14.45
2022,1,31,0.0,99.61,28.96,33.02,25.64,54.5,1.53,61.5,17.13
2022,2,1,0.0,99.63,28.66,33.12,25.01,55.33,0.61,67.4,14.56
2022,2,2,0.0,99.41,27.94,32.22,24.44,52.83,0.95,9.1,16.06
2022,2,3,0.0,99.7,28.01,31.92,24.81,53.36,0.95,38.4,14.35
2022,2,4,0.0,99.71,28.43,32.82,24.84,53.5,0.98,37.6,15.52
2022,2,5,0.0,99.62,28.76,32.87,25.4,52.13,1.47,16.1,16.91
2022,2,6,0.0,99.6,30.0,34.14,26.61,52.05,1.44,69.2,14.34
2022,2,7,0.0,99.36,28.26,32.13,25.09,53.37,1.2,40.1,15.04
2022,2,8,0.0,99.36,28.2,32.38,24.78,53.31,0.94,26.1,17.38
2022,2,9,0.0,99.66,27.68,32.06,24.09,52.64,1.17,72.0,17.74
2022,2,10,0.0,99.44,29.3,33.36,25.98,52.56,0.75,57.7,17.53
2022,2,11,0.0,99.45,28.79,33.35,25.06,54.05,0.74,21.3,16.72
2022,2,12,0.0,99.64,28.02,32.39,24.44,51.71,0.95,351.5,14.19
2022,2,13,0.0,99.95,28.89,32.78,25.71,48.65,0.67,18.7,15.44
2022,2,14,0.0,99.51,28.49,32.68,25.06,52.66,1.27,43.3,16.97
2022,2,15,0.0,99.95,29.8,33.54,26.74,49.57,1.45,26.1,15.18
2022,2,16,0.0,99.57,28.41,32.27,25.26,55.0,1.23,7.3,15.24
2022,2,17,0.0,99.68,30.05,33.69,27.07,50.46,0.8,33.5,18.06
2022,2,18,0.0,99.75,28.96,32.64,25.95,50.71,1.05,352.5,15.55
2022,2,19,0.0,99.76,28.55,32.59,25.25,53.28,1.57,56.0,18.67
2022,2,20,0.0,99.64,28.63,32.7,25.3,52.1,1.67,99.1,17.64
2022,2,21,0.0,99.53,29.0,33.18,25.58,55.45,0.76,57.4,17.61
2022,2,22,0.0,99.72,28.59,32.46,25.42,51.57,1.39,76.9,16.97
2022,2,23,0.0,99.65,28.11,32.46,24.55,51.34,0.91,22.3,19.95
2022,2,24,0.0,99.49,29.17,33.23,25.85,50.04,1.68,30.8,17.67
2022,2,25,0.0,99.82,29.41,33.61,25.97,48.87,1.7,7.4,16.77
2022,2,26,0.0,99.65,29.41,32.64,26.77,50.73,0.28,57.4,17.04
2022,2,27,0.0,99.43,28.55,32.67,25.18,53.37,0.87,70.1,17.68
2022,2,28,0.0,99.41,29.41,33.74,25.87,55.83,1.39,23.5,17.71
2022,3,1,0.0,99.91,28.84,32.33,25.99,54.64,0.38,47.0,17.86
2022,3,2,0.0,99.47,28.39,32.51,25.02,50.68,1.79,359.6,18.0
2022,3,3,0.0,99.69,28.17,32.06,24.98,52.75,1.38,36.7,18.18
2022,3,4,0.0,99.62,29.18,33.71,25.47,52.4,0.64,17.8,15.69
2022,3,5,0.0,99.68,27.33,31.09,24.26,55.59,1.61,45.3,18.25
2022,3,6,0.0,99.9,29.45,34.15,25.6,56.06,1.61,58.5,19.15
2022,3,7,0.0,99.73,28.54,33.0,24.89,46.95,1.45,15.3,17.94
2022,3,8,0.0,99.7,28.0,32.14,24.62,56.33,1.4,4.3,18.19
2022,3,9,0.0,99.51,27.89,31.6,24.86,48.07,1.56,39.8,18.07
2022,3,10,0.0,99.42,28.05,32.03,24.8,53.26,0.81,40.7,18.05
2022,3,11,0.0,99.97,28.82,33.11,25.31,46.68,1.3,39.3,18.72
2022,3,12,0.0,99.53,28.51,32.64,25.13,55.41,0.92,7.4,18.22
2022,3,13,0.0,99.51,27.94,31.73,24.84,51.66,1.66,8.0,18.27
2022,3,14,0.0,99.58,27.84,32.24,24.24,54.55,1.22,50.1,17.97
2022,3,15,0.0,99.56,28.41,32.48,25.08,51.89,0.37,352.7,17.45
2022,3,16,0.0,99.81,30.07,34.24,26.66,55.47,0.65,9.5,16.57
2022,3,17,0.0,99.62,30.03,34.39,26.46,48.13,1.21,92.0,18.23
2022,3,18,0.0,99.28,28.81,33.14,25.27,54.56,1.01,28.7,18.09
2022,3,19,0.0,99.4,27.49,31.87,23.91,54.08,1.03,3.8,20.64
2022,3,20,0.0,99.51,28.52,32.79,25.02,54.03,0.94,8.6,19.32
2022,3,21,0.0,99.69,27.43,31.32,24.24,54.48,0.92,78.9,18.57
2022,3,22,0.0,99.23,27.75,31.81,24.43,56.29,1.38,25.5,19.1
2022,3,23,0.0,99.59,28.83,33.27,25.2,55.95,1.53,40.5,19.13
2022,3,24,0.0,99.63,27.66,31.36,24.64,49.31,1.35,32.9,20.0
2022,3,25,0.0,99.65,27.58,31.33,24.51,53.67,1.5,5.0,18.43
2022,3,26,0.0,99.48,27.38,31.59,23.94,54.43,1.28,3.7,19.84
2022,3,27,0.0,99.68,27.12,31.15,23.82,53.35,0.68,59.5,18.16
2022,3,28,0.0,99.34,27.46,31.05,24.52,54.07,1.84,14.2,18.86
2022,3,29,0.0,99.65,28.12,32.36,24.65,55.08,1.82,111.2,18.04
2022,3,30,0.0,99.46,28.02,32.18,24.61,55.97,1.52,7.1,17.64
2022,3,31,16.69,99.06,27.04,31.8,23.15,64.75,0.83,16.5,20.23
2022,4,1,0.0,99.47,28.27,32.35,24.93,56.51,0.74,63.7,19.79
2022,4,2,0.0,99.58,26.19,30.8,22.42,59.74,1.03,55.2,19.51
2022,4,3,0.0,99.26,27.38,31.67,23.87,53.79,2.14,88.5,18.75
2022,4,4,0.0,99.61,26.8,30.29,23.94,54.14,1.47,65.9,20.75
2022,4,5,0.0,99.6,28.63,32.64,25.35,56.65,1.35,85.9,19.92
2022,4,6,0.0,99.39,27.0,30.98,23.75,54.84,1.4,99.8,19.35
2022,4,7,0.0,99.44,27.65,31.61,24.41,54.08,1.22,47.2,18.16
2022,4,8,0.0,99.28,27.77,31.51,24.71,53.94,1.36,3.5,21.05
2022,4,9,0.0,99.22,26.75,30.94,23.32,57.17,1.43,98.8,19.53
2022,4,10,13.55,99.12,27.06,30.92,23.9,64.34,1.19,85.3,17.63
2022,4,11,0.0,99.45,27.62,31.89,24.12,61.07,0.96,74.8,19.42
2022,4,12,0.0,99.35,27.38,31.6,23.93,53.21,1.48,102.5,21.7
2022,4,13,0.0,99.17,26.4,30.26,23.24,53.53,1.16,60.6,20.96
2022,4,14,0.0,99.47,25.7,29.45,22.63,56.78,1.89,47.5,19.33
2022,4,15,8.46,99.11,27.8,31.55,24.73,59.32,1.68,96.2,22.16
2022,4,16,0.0,99.24,26.37,30.27,23.18,52.17,1.47,74.6,19.97
2022,4,17,0.0,99.6,27.21,31.17,23.97,56.28,1.26,62.5,17.97
2022,4,18,0.0,99.19,26.11,29.85,23.05,63.84,1.82,113.1,19.81
2022,4,19,0.0,99.46,27.83,31.56,24.78,65.08,1.85,109.7,19.11
2022,4,20,49.92,97.83,23.95,27.86,20.75,81.98,1.43,58.4,15.96
2022,4,21,0.0,99.08,26.29,30.39,22.94,55.71,1.76,35.1,19.66
2022,4,22,0.0,99.41,27.77,31.63,24.61,57.03,1.33,50.9,18.87
2022,4,23,0.0,99.26,24.95,28.72,21.87,59.87,1.75,63.7,20.23
2022,4,24,0.0,99.1,26.84,30.66,23.71,58.62,1.4,68.7,17.83
2022,4,25,0.0,99.47,25.9,29.14,23.25,60.92,1.56,92.3,19.83
2022,4,26,0.0,99.36,26.33,29.98,23.34,61.03,2.1,172.3,22.33
2022,4,27,1.81,98.85,25.44,28.79,22.7,58.93,2.25,117.8,20.68
2022,4,28,0.0,99.44,26.82,30.34,23.94,61.71,1.31,126.2,18.01
2022,4,29,0.0,99.07,25.03,28.43,22.25,63.63,1.81,93.7,21.14
2022,4,30,6.6,98.77,25.27,28.64,22.51,65.42,2.16,103.6,18.87
2022,5,1,0.0,99.09,26.08,29.41,23.35,66.01,1.55,114.3,18.47
2022,5,2,0.0,99.22,24.77,28.99,21.32,64.05,1.83,136.6,19.26
2022,5,3,0.0,99.23,25.34,28.88,22.44,64.07,2.22,132.8,20.44
2022,5,4,0.0,98.91,24.45,28.31,21.29,65.16,1.85,128.3,18.4
2022,5,5,0.0,98.93,24.8,28.51,21.76,64.03,1.59,93.5,17.14
2022,5,6,18.81,98.57,26.08,29.75,23.08,77.59,2.01,66.8,16.14
2022,5,7,0.0,99.04,25.85,29.45,22.9,64.28,2.09,151.0,18.89
2022,5,8,0.0,99.29,25.28,29.28,22.01,73.95,2.8,141.1,17.57
2022,5,9,20.83,98.55,24.16,27.68,21.28,84.99,3.15,106.0,16.94
2022,5,10,63.49,97.76,21.55,24.43,19.19,90.22,2.42,189.4,13.11
2022,5,11,6.46,99.15,24.16,27.46,21.46,74.17,2.37,106.2,16.44
2022,5,12,0.0,99.2,25.11,28.14,22.63,71.29,1.95,131.9,18.98
2022,5,13,0.0,98.54,24.07,26.98,21.69,71.85,1.88,129.1,18.84
2022,5,14,19.76,98.53,23.75,27.13,20.98,83.55,2.9,120.0,16.77
2022,5,15,0.0,99.04,23.5,26.17,21.32,73.46,1.94,127.7,15.95
2022,5,16,0.0,99.05,23.36,26.6,20.71,73.85,2.79,127.7,16.57
2022,5,17,0.0,98.67,25.63,28.36,23.39,70.27,3.48,127.8,18.7
2022,5,18,30.69,98.13,24.21,27.32,21.66,91.15,2.22,166.5,14.72
2022,5,19,26.26,98.12,22.75,26.1,20.01,85.92,1.92,177.8,16.26
2022,5,20,17.57,98.4,22.53,25.46,20.13,85.22,2.87,138.9,14.93
2022,5,21,55.09,97.58,21.04,23.8,18.78,99.0,3.21,145.3,11.35
2022,5,22,0.0,98.86,23.9,26.87,21.47,76.17,2.38,172.7,16.85
2022,5,23,26.35,98.17,23.84,27.05,21.21,92.21,3.16,171.4,15.01
2022,5,24,31.43,98.15,21.71,24.81,19.17,94.0,3.3,170.9,15.03
2022,5,25,33.87,98.02,22.17,25.15,19.73,99.0,3.0,175.3,14.38
2022,5,26,14.92,98.61,22.82,25.57,20.57,86.39,2.74,189.1,16.41
2022,5,27,7.3,98.68,24.11,26.96,21.78,78.92,3.23,205.3,17.03
2022,5,28,0.0,98.65,23.36,26.49,20.8,76.54,2.75,161.3,16.26
2022,5,29,7.66,98.54,21.8,24.68,19.44,83.75,2.96,188.4,17.74
2022,5,30,55.72,97.5,21.54,24.51,19.11,99.0,2.87,167.4,11.24
2022,5,31,59.54,97.5,21.07,23.85,18.79,99.0,3.14,127.5,10.7
2022,6,1,0.0,98.64,22.27,24.82,20.18,80.13,3.13,160.1,17.12
2022,6,2,24.7,98.39,22.57,25.97,19.79,90.33,3.08,237.2,14.14
2022,6,3,86.67,97.5,20.53,23.58,18.04,99.0,3.02,217.6,13.23
2022,6,4,0.0,98.76,22.92,25.81,20.55,76.86,3.36,134.6,16.18
2022,6,5,25.14,98.21,21.71,24.46,19.46,90.42,2.88,173.3,13.35
2022,6,6,16.98,98.24,21.67,24.85,19.07,89.28,2.87,189.6,14.4
2022,6,7,116.68,97.5,19.93,22.48,17.84,99.0,3.64,197.1,11.78
2022,6,8,58.6,97.75,20.82,23.76,18.42,99.0,3.58,182.1,11.8
2022,6,9,26.9,98.05,20.44,23.19,18.19,95.28,2.99,221.5,12.62
2022,6,10,127.62,97.55,20.96,23.61,18.79,99.0,2.98,243.7,11.46
2022,6,11,29.12,97.94,20.49,23.13,18.33,99.0,3.02,234.3,13.0
2022,6,12,16.99,98.29,20.71,23.77,18.21,93.38,2.61,188.8,14.38
2022,6,13,41.44,98.03,21.47,23.64,19.69,99.0,3.69,167.2,12.03
2022,6,14,8.5,98.57,21.81,24.94,19.25,94.1,3.49,224.0,15.68
2022,6,15,107.92,97.5,18.7,21.64,16.29,99.0,3.03,166.9,11.83
2022,6,16,0.0,98.74,21.97,24.63,19.79,81.7,3.66,230.6,15.93
2022,6,17,124.62,97.5,20.36,22.93,18.26,99.0,3.74,251.4,12.62
2022,6,18,47.44,98.01,20.43,23.05,18.29,99.0,3.4,227.3,13.24
2022,6,19,109.98,97.5,19.29,22.04,17.04,99.0,3.61,183.9,11.37
2022,6,20,78.56,97.5,19.34,22.28,16.93,99.0,3.62,188.0,11.76
2022,6,21,37.19,97.7,20.36,23.08,18.13,98.48,3.47,218.6,10.98
2022,6,22,53.81,97.55,20.41,23.07,18.24,99.0,3.5,267.7,10.64
2022,6,23,21.69,98.34,19.85,22.43,17.74,99.0,3.65,223.2,11.91
2022,6,24,50.41,97.5,18.71,20.76,17.03,99.0,3.6,189.1,10.87
2022,6,25,108.04,97.5,20.51,22.6,18.8,99.0,3.37,218.3,9.91
2022,6,26,77.49,97.5,20.36,23.2,18.03,99.0,3.34,281.7,10.35
2022,6,27,39.6,97.96,19.22,21.88,17.04,99.0,4.17,182.3,11.11
2022,6,28,12.31,98.54,20.66,23.41,18.41,97.48,3.44,262.5,13.9
2022,6,29,27.87,98.16,21.75,24.49,19.51,99.0,3.1,216.1,13.18
2022,6,30,39.96,97.63,20.37,23.05,18.18,99.0,4.05,239.9,10.54
2022,7,1,50.77,97.5,19.28,22.02,17.04,99.0,3.6,253.2,10.55
2022,7,2,34.38,97.8,20.71,22.97,18.86,99.0,3.59,207.0,12.38
2022,7,3,47.07,97.5,19.03,21.67,16.87,99.0,3.61,261.3,10.23
2022,7,4,0.0,98.58,21.33,23.94,19.2,89.47,4.11,242.8,13.59
2022,7,5,14.75,98.2,20.39,23.23,18.06,96.6,3.27,268.1,13.66
2022,7,6,44.99,97.5,19.86,21.34,18.65,99.0,4.07,241.2,11.82
2022,7,7,0.0,98.8,21.64,24.77,19.08,85.18,3.78,283.8,15.36
2022,7,8,43.64,97.5,19.54,22.25,17.32,99.0,4.0,183.9,10.09
2022,7,9,63.89,97.53,19.46,22.01,17.38,99.0,3.48,249.7,9.25
2022,7,10,90.44,97.5,19.89,22.1,18.08,99.0,4.67,237.9,9.16
2022,7,11,37.68,97.97,19.89,22.28,17.93,99.0,3.61,200.2,9.67
2022,7,12,38.77,97.61,19.67,22.24,17.57,99.0,3.63,266.5,13.49
2022,7,13,59.83,97.5,19.34,22.27,16.94,99.0,3.3,199.2,9.97
2022,7,14,50.0,97.5,19.88,22.78,17.51,99.0,3.6,250.0,11.2
2022,7,15,75.66,97.5,18.37,21.02,16.2,99.0,3.32,218.5,9.55
2022,7,16,74.29,97.5,19.31,22.0,17.11,99.0,4.46,293.0,8.06
2022,7,17,57.97,97.5,18.0,20.54,15.92,99.0,2.94,246.1,10.47
2022,7,18,25.15,97.96,19.8,22.02,17.99,99.0,2.74,246.0,14.18
2022,7,19,31.43,97.98,21.07,23.36,19.2,99.0,3.39,273.2,10.59
2022,7,20,22.31,98.24,19.57,22.35,17.3,99.0,3.73,226.7,10.73
2022,7,21,24.4,98.01,18.9,21.61,16.68,99.0,4.1,239.6,12.71
2022,7,22,62.76,97.5,18.36,20.72,16.43,99.0,3.62,187.3,12.18
2022,7,23,29.25,97.97,20.36,22.69,18.45,99.0,3.42,224.1,12.12
2022,7,24,25.83,98.23,19.91,22.64,17.68,99.0,3.54,223.9,11.4
2022,7,25,16.7,98.29,19.68,22.16,17.65,91.82,3.81,167.2,14.77
2022,7,26,77.52,97.5,19.91,22.27,17.98,99.0,3.05,231.5,9.52
2022,7,27,82.98,97.5,19.38,22.06,17.18,99.0,3.85,255.6,9.16
2022,7,28,10.95,98.44,19.85,22.64,17.57,92.8,2.75,239.8,14.45
2022,7,29,9.97,98.48,20.57,22.89,18.67,92.96,3.34,249.7,15.05
2022,7,30,109.3,97.5,20.64,23.18,18.56,99.0,3.37,231.2,7.97
2022,7,31,12.68,98.65,20.44,23.29,18.11,86.42,2.84,211.4,14.3
2022,8,1,0.0,98.71,20.01,23.11,17.47,87.98,3.37,157.1,13.59
2022,8,2,0.0,98.98,21.55,24.32,19.29,81.34,3.16,181.3,13.74
2022,8,3,0.0,98.83,21.52,24.08,19.42,82.07,3.39,206.4,15.88
2022,8,4,0.0,98.66,22.21,24.71,20.17,78.8,3.38,186.1,14.77
2022,8,5,23.41,98.21,20.1,22.84,17.86,98.93,3.39,173.6,11.95
2022,8,6,30.69,97.84,20.43,23.18,18.18,99.0,3.02,272.9,13.45
2022,8,7,28.4,97.87,20.42,22.61,18.63,96.53,3.24,234.9,13.3
2022,8,8,63.46,97.5,19.42,21.76,17.51,99.0,3.61,253.4,10.31
2022,8,9,67.12,97.5,19.69,21.89,17.89,99.0,3.42,175.1,9.66
2022,8,10,0.0,98.84,21.92,24.77,19.59,78.21,3.2,184.9,14.67
2022,8,11,43.53,97.77,20.18,23.34,17.6,98.12,2.69,173.8,9.59
2022,8,12,0.0,98.76,22.23,25.37,19.66,75.27,2.04,128.8,17.47
2022,8,13,41.81,97.86,18.36,20.92,16.26,99.0,2.23,191.6,11.96
2022,8,14,30.21,98.48,19.42,22.1,17.22,98.12,3.2,164.0,11.54
2022,8,15,0.0,99.07,21.87,24.47,19.74,72.7,2.61,160.1,18.06
2022,8,16,71.97,97.5,19.85,22.86,17.39,98.8,2.4,150.0,10.41
2022,8,17,0.0,98.88,21.1,24.36,18.43,76.73,2.6,167.3,16.53
2022,8,18,8.57,98.64,21.29,24.63,18.56,78.82,2.76,188.1,14.29
2022,8,19,0.0,98.67,21.33,24.19,18.99,73.13,2.81,137.2,15.67
2022,8,20,12.39,98.54,21.88,24.99,19.34,82.0,2.46,151.3,14.62
2022,8,21,0.0,99.07,21.39,24.28,19.02,72.44,3.05,151.0,16.49
2022,8,22,0.0,98.79,22.22,25.35,19.66,73.96,2.59,151.7,17.32
2022,8,23,36.92,97.99,21.36,24.33,18.93,90.64,2.54,129.4,12.23
2022,8,24,40.28,97.77,19.95,22.97,17.48,93.21,2.25,165.2,12.29
2022,8,25,41.27,98.1,19.64,22.47,17.33,93.56,3.3,147.7,14.15
2022,8,26,0.0,98.77,21.75,24.14,19.8,70.89,2.46,137.0,16.75
2022,8,27,0.0,99.11,21.73,24.86,19.17,74.54,2.7,153.4,16.15
2022,8,28,0.0,99.2,22.43,25.79,19.68,69.28,2.52,135.9,17.52
2022,8,29,0.0,98.97,21.26,24.6,18.53,72.97,2.9,113.6,15.99
2022,8,30,0.0,98.91,23.64,26.54,21.27,61.51,2.07,142.0,15.79
2022,8,31,18.47,98.67,20.95,23.66,18.73,79.53,2.56,135.2,15.08
2022,9,1,24.57,98.73,20.7,24.03,17.98,76.53,2.2,74.8,14.33
2022,9,2,29.8,98.56,21.53,24.58,19.03,88.26,2.36,154.5,13.27
2022,9,3,0.0,99.06,22.65,25.92,19.97,73.63,2.13,89.3,16.9
2022,9,4,0.0,98.92,23.76,26.85,21.23,67.4,2.95,121.9,14.64
2022,9,5,17.22,98.62,21.98,24.99,19.52,81.36,2.15,108.4,14.38
2022,9,6,32.69,97.98,21.41,25.19,18.32,82.38,1.58,122.0,12.0
2022,9,7,52.23,97.7,21.43,25.03,18.48,90.96,2.09,100.7,10.51
2022,9,8,0.0,99.2,23.69,27.18,20.84,68.17,2.16,120.9,14.65
2022,9,9,13.55,98.72,21.18,24.94,18.11,72.42,2.13,147.3,15.26
2022,9,10,3.35,98.94,23.06,26.59,20.17,66.83,1.57,94.7,15.69
2022,9,11,0.0,99.13,24.71,28.15,21.89,65.57,1.58,95.8,17.12
2022,9,12,0.0,99.1,22.82,26.84,19.53,64.86,2.71,85.2,17.2
2022,9,13,0.0,99.3,23.42,27.47,20.1,64.9,1.89,111.9,18.23
2022,9,14,15.27,98.55,23.47,26.79,20.76,77.99,1.91,93.9,14.43
2022,9,15,61.91,97.77,21.77,25.45,18.76,90.9,2.73,102.9,12.0
2022,9,16,27.5,98.49,21.65,25.31,18.65,80.49,2.22,65.2,13.88
2022,9,17,0.0,99.27,23.49,27.36,20.32,68.5,1.88,98.1,17.12
2022,9,18,0.0,98.95,22.72,26.08,19.97,59.37,1.97,45.1,16.96
2022,9,19,0.0,99.36,22.89,26.9,19.61,64.5,2.62,108.0,16.25
2022,9,20,3.43,99.22,24.33,27.74,21.54,66.26,1.6,74.2,16.23
2022,9,21,0.0,99.51,24.35,27.99,21.37,60.59,2.15,80.2,14.9
2022,9,22,0.0,99.07,25.05,28.42,22.29,67.59,2.07,93.9,17.18
2022,9,23,0.0,99.12,24.5,28.05,21.6,65.9,1.83,59.8,14.21
2022,9,24,0.0,98.91,23.8,27.22,21.0,62.71,1.58,59.8,17.04
2022,9,25,8.54,98.87,22.9,26.35,20.08,63.78,1.93,154.9,13.99
2022,9,26,10.36,99.24,24.56,28.49,21.35,62.35,1.77,86.8,16.32
2022,9,27,32.11,98.49,23.2,26.91,20.17,75.61,2.04,112.7,13.98
2022,9,28,7.91,98.92,24.33,28.6,20.83,69.7,1.14,67.9,14.83
2022,9,29,13.11,98.95,24.01,27.68,21.01,67.15,2.97,80.9,12.71
2022,9,30,0.0,99.24,25.01,28.52,22.14,63.88,1.98,65.1,16.65
2022,10,1,0.0,98.91,23.16,26.75,20.23,61.65,1.93,124.2,14.37
2022,10,2,0.0,98.95,23.42,27.11,20.4,54.95,2.53,92.7,17.05
2022,10,3,0.0,99.46,23.7,27.52,20.58,59.89,1.51,75.3,14.31
2022,10,4,9.6,99.16,24.22,27.84,21.26,63.24,1.49,100.4,13.22
2022,10,5,0.0,99.0,24.07,27.44,21.31,63.02,1.63,67.1,15.39
2022,10,6,0.0,99.24,25.22,29.2,21.96,63.23,2.58,49.4,13.9
2022,10,7,0.0,99.14,24.46,28.52,21.14,60.3,1.73,118.5,15.31
2022,10,8,0.0,99.46,26.13,29.73,23.18,65.21,2.82,80.3,13.37
2022,10,9,0.0,99.35,25.74,29.86,22.37,64.03,1.57,97.9,15.68
2022,10,10,0.0,99.07,24.68,28.25,21.76,59.91,0.79,80.4,14.3
2022,10,11,0.0,99.29,23.67,27.66,20.41,62.75,1.15,99.9,17.63
2022,10,12,0.81,99.24,25.1,28.54,22.29,59.58,2.03,34.9,15.18
2022,10,13,0.0,99.26,23.91,28.25,20.36,60.55,2.06,67.8,15.3
2022,10,14,10.55,98.92,23.62,26.82,21.0,69.15,1.96,39.9,14.01
2022,10,15,0.0,99.28,24.49,27.86,21.73,61.95,1.44,138.3,12.63
2022,10,16,23.47,98.53,23.57,27.84,20.07,70.88,1.39,96.6,12.82
2022,10,17,0.0,99.06,25.22,28.41,22.61,63.26,1.3,84.1,11.9
2022,10,18,12.22,98.74,24.61,28.2,21.68,68.08,1.74,70.4,15.94
2022,10,19,0.0,99.08,24.2,27.7,21.33,60.17,2.01,126.5,12.07
2022,10,20,0.0,99.35,24.74,28.39,21.75,59.49,2.37,145.4,12.58
2022,10,21,0.0,99.35,24.03,27.73,21.0,62.17,2.25,105.7,14.88
2022,10,22,0.0,99.53,25.3,28.86,22.39,63.56,1.97,103.9,14.99
2022,10,23,0.0,99.23,23.75,27.58,20.62,62.34,2.94,105.6,15.57
2022,10,24,0.0,99.4,24.93,28.93,21.65,63.97,1.94,84.1,15.47
2022,10,25,0.0,99.28,24.68,28.13,21.86,62.5,1.07,94.9,12.59
2022,10,26,0.0,99.33,25.56,28.67,23.01,64.99,1.43,48.8,11.26
2022,10,27,0.0,99.42,24.65,28.07,21.86,63.02,1.99,71.7,13.91
2022,10,28,0.0,99.38,24.66,28.34,21.65,58.93,1.44,111.2,12.16
2022,10,29,0.0,99.3,25.58,29.22,22.6,60.21,2.46,94.2,12.81
2022,10,30,0.0,99.17,25.66,29.49,22.52,62.15,2.05,134.9,13.26
2022,10,31,0.0,99.33,24.66,28.76,21.3,67.18,2.47,68.0,14.93
2022,11,1,0.0,99.53,25.85,29.5,22.86,60.99,2.07,131.7,13.92
2022,11,2,0.0,99.32,27.21,30.69,24.36,64.76,1.04,85.0,12.6
2022,11,3,21.31,98.69,24.36,27.75,21.58,76.5,2.54,84.1,10.09
2022,11,4,0.0,99.44,24.73,28.27,21.83,60.19,1.94,83.9,11.64
2022,11,5,0.0,99.05,25.68,29.51,22.55,62.78,1.95,80.1,15.82
2022,11,6,0.0,99.24,24.73,28.16,21.92,63.88,2.13,118.0,12.57
2022,11,7,0.0,99.13,25.57,29.34,22.49,62.57,1.89,84.3,13.58
2022,11,8,5.57,99.15,25.23,28.54,22.52,67.88,2.15,47.3,13.82
2022,11,9,0.0,99.54,26.35,29.96,23.4,64.57,2.01,107.1,13.08
2022,11,10,0.0,99.43,24.69,27.89,22.07,63.53,1.9,107.5,14.03
2022,11,11,0.0,98.99,24.88,28.36,22.04,65.33,1.36,93.5,12.46
2022,11,12,4.78,99.1,26.12,30.17,22.81,65.19,1.9,97.1,13.87
2022,11,13,0.0,99.07,26.48,30.2,23.43,62.68,1.83,93.6,14.38
2022,11,14,0.0,99.53,24.66,28.28,21.7,62.93,2.12,112.9,11.81
2022,11,15,21.41,98.71,26.44,30.19,23.38,70.6,2.15,132.8,10.82
2022,11,16,0.0,99.37,26.91,30.73,23.78,63.28,1.75,58.2,13.57
2022,11,17,0.0,99.38,25.89,29.67,22.79,59.67,1.69,142.3,13.43
2022,11,18,0.0,99.4,26.49,30.26,23.41,60.52,2.25,127.0,13.02
2022,11,19,5.79,98.71,24.88,28.33,22.06,65.55,2.05,78.6,13.45
2022,11,20,0.64,99.43,27.02,30.35,24.3,62.15,1.5,93.5,14.85
2022,11,21,0.0,99.29,26.03,29.98,22.8,56.27,1.13,120.2,10.98
2022,11,22,0.6,99.53,26.41,29.81,23.63,56.33,2.39,100.8,12.09
2022,11,23,0.0,99.44,26.67,30.55,23.5,56.85,2.0,96.7,11.3
2022,11,24,0.0,99.52,27.66,31.73,24.33,59.9,2.02,109.7,14.76
2022,11,25,0.0,99.29,27.21,30.73,24.33,62.68,1.21,34.8,13.44
2022,11,26,0.0,99.22,26.7,30.34,23.72,57.36,1.93,50.3,13.0
2022,11,27,0.0,99.59,26.6,30.39,23.5,55.77,1.23,69.8,13.0
2022,11,28,0.0,99.54,27.23,30.83,24.28,55.47,1.98,101.5,11.81
2022,11,29,0.0,99.49,27.08,30.69,24.13,59.02,1.51,120.4,13.93
2022,11,30,17.95,99.04,26.32,30.05,23.27,70.37,1.03,88.1,13.63
2022,12,1,0.0,99.54,27.27,30.94,24.26,60.04,1.59,53.1,14.4
2022,12,2,0.0,99.23,27.14,31.17,23.84,55.02,1.69,64.1,12.74
2022,12,3,0.0,99.67,26.29,30.22,23.07,52.37,1.71,44.1,12.36
2022,12,4,0.0,99.45,27.41,30.94,24.52,56.58,1.48,47.3,14.3
2022,12,5,0.0,99.46,27.49,31.9,23.88,60.23,0.67,41.1,12.52
2022,12,6,0.0,99.42,27.66,31.53,24.5,57.03,1.98,75.7,13.15
2022,12,7,0.0,99.05,26.92,30.86,23.69,51.77,1.64,70.8,12.61
2022,12,8,0.0,99.61,27.11,30.94,23.98,55.14,1.41,87.3,14.11
2022,12,9,0.0,99.33,28.88,32.86,25.62,52.28,1.86,62.9,12.14
2022,12,10,0.0,99.54,27.26,31.0,24.2,55.81,0.86,44.4,16.75
2022,12,11,0.0,99.37,28.19,31.82,25.22,54.55,1.2,68.0,12.89
2022,12,12,0.0,99.46,27.32,31.24,24.11,53.71,1.71,86.9,12.33
2022,12,13,0.0,99.46,26.61,31.02,23.0,52.52,2.14,69.7,16.63
2022,12,14,0.0,99.38,27.91,32.09,24.49,55.3,1.13,88.8,13.1
2022,12,15,0.0,99.5,28.45,32.82,24.87,57.28,0.61,57.7,14.21
2022,12,16,0.0,99.46,27.84,31.73,24.66,58.31,1.56,9.5,15.89
2022,12,17,0.0,99.36,26.72,30.55,23.59,54.78,1.79,72.4,13.13
2022,12,18,0.0,99.76,26.59,30.51,23.39,57.04,0.59,70.5,12.55
2022,12,19,0.0,99.41,29.01,33.21,25.57,50.53,1.19,94.9,13.31
2022,12,20,0.0,99.66,28.23,32.58,24.67,52.3,1.67,24.7,13.07
2022,12,21,0.0,99.68,28.7,32.7,25.43,50.44,1.79,52.7,17.41
2022,12,22,0.0,99.73,28.48,32.17,25.46,51.65,0.63,50.8,14.96
2022,12,23,0.0,99.47,27.55,31.9,23.99,50.05,1.12,38.5,14.34
2022,12,24,0.0,99.53,28.21,32.6,24.62,57.39,1.02,4.6,14.73
2022,12,25,0.0,99.54,27.23,31.46,23.77,51.7,0.82,34.3,13.08
2022,12,26,0.0,99.67,29.12,33.61,25.45,52.28,1.28,36.7,14.46
2022,12,27,0.0,99.53,28.71,32.28,25.79,48.28,1.32,31.4,14.1
2022,12,28,0.0,99.66,29.04,32.89,25.89,46.92,1.87,54.3,15.07
2022,12,29,0.0,99.54,29.45,33.56,26.09,57.24,0.27,86.9,13.79
2022,12,30,0.0,99.78,28.33,32.14,25.21,51.76,1.39,63.2,13.68
2022,12,31,0.0,99.58,28.08,32.44,24.51,58.81,0.88,18.9,12.66
2023,1,1,0.0,99.57,28.58,32.38,25.47,51.58,0.71,68.6,17.51
2023,1,2,0.0,99.65,29.57,34.06,25.89,48.52,1.05,71.8,15.03
2023,1,3,0.0,99.89,27.61,31.5,24.43,52.06,1.26,56.7,13.64
2023,1,4,0.0,99.49,28.74,33.25,25.05,52.21,0.93,85.9,14.07
2023,1,5,0.0,99.78,29.31,33.21,26.12,52.4,1.05,35.5,13.63
2023,1,6,2.38,99.39,28.88,32.36,26.04,53.12,1.15,101.3,16.92
2023,1,7,0.0,99.6,29.53,33.69,26.12,47.76,1.31,47.9,14.79
2023,1,8,0.0,99.45,27.73,32.04,24.2,47.7,1.59,335.5,13.92
2023,1,9,0.0,99.53,29.58,33.42,26.44,55.26,1.08,102.4,16.15
2023,1,10,0.0,99.48,28.4,32.96,24.67,57.51,1.19,7.7,11.14
2023,1,11,0.0,99.72,27.38,31.88,23.7,51.2,1.17,37.3,14.75
2023,1,12,0.0,99.51,28.64,32.72,25.3,46.88,1.81,28.0,13.69
2023,1,13,0.0,99.69,28.29,32.5,24.84,55.37,1.34,32.3,14.18
2023,1,14,0.0,99.5,28.78,32.91,25.4,49.63,1.3,39.9,15.39
2023,1,15,0.0,99.6,27.84,32.15,24.32,52.98,1.14,67.1,13.59
2023,1,16,0.0,99.86,28.83,33.19,25.26,50.54,1.16,52.9,15.51
2023,1,17,0.0,99.47,28.53,32.2,25.53,50.62,0.42,39.8,13.8
2023,1,18,0.0,99.47,30.33,34.92,26.58,49.59,0.99,27.4,13.37
2023,1,19,0.0,99.56,29.07,33.52,25.43,55.92,1.36,35.2,14.19
2023,1,20,0.0,99.6,29.12,32.96,25.98,53.27,1.16,71.5,16.01
2023,1,21,0.0,99.71,28.81,33.33,25.11,52.94,1.09,47.5,15.9
2023,1,22,0.0,99.61,29.85,34.5,26.05,52.12,1.7,19.8,14.75
2023,1,23,0.42,99.63,29.3,32.95,26.31,53.32,1.31,56.2,15.27
2023,1,24,0.0,99.39,30.04,34.35,26.51,48.7,0.71,88.7,17.34
2023,1,25,0.0,99.65,29.73,34.11,26.15,53.48,0.56,17.1,16.58
2023,1,26,0.0,99.66,28.72,32.94,25.26,55.4,1.52,349.0,14.61
2023,1,27,0.0,99.72,29.51,33.96,25.87,52.63,0.81,41.4,13.17
2023,1,28,0.0,99.54,29.57,33.75,26.15,54.44,1.26,57.0,16.32
2023,1,29,0.0,99.6,29.66,33.92,26.17,50.88,1.46,84.1,15.0
2023,1,30,0.0,99.72,29.28,32.88,26.33,53.17,1.26,18.4,13.28
2023,1,31,0.0,99.41,28.06,32.0,24.83,50.94,1.76,34.3,15.81
2023,2,1,0.0,99.27,28.98,33.45,25.32,47.41,1.09,28.3,16.25
2023,2,2,0.0,99.4,29.07,33.0,25.85,51.37,1.27,60.2,14.55
2023,2,3,0.0,99.48,29.04,33.15,25.68,55.18,1.0,9.7,17.67
2023,2,4,0.0,99.79,29.79,33.6,26.67,48.3,1.05,79.8,15.77
2023,2,5,0.0,99.96,28.53,32.47,25.31,56.61,1.46,56.1,16.3
2023,2,6,0.0,99.43,29.07,33.29,25.62,50.5,1.51,5.5,14.52
2023,2,7,0.0,99.58,28.92,33.0,25.58,53.62,0.57,32.4,16.07
2023,2,8,0.0,99.5,29.44,33.06,26.48,56.3,0.86,44.8,15.48
2023,2,9,0.0,99.68,30.22,34.13,27.02,57.17,1.24,19.9,18.69
2023,2,10,0.0,99.64,29.38,33.89,25.69,56.56,1.38,20.2,15.53
2023,2,11,0.0,99.43,29.33,33.75,25.72,49.94,0.69,21.4,15.99
2023,2,12,0.0,99.48,28.21,32.34,24.83,55.27,0.95,20.8,14.75
2023,2,13,0.0,99.56,27.83,32.04,24.38,50.41,1.36,340.7,18.1
2023,2,14,0.0,99.81,29.08,33.02,25.85,49.45,1.43,65.8,15.77
2023,2,15,0.0,99.47,28.76,33.26,25.08,50.44,1.31,76.3,14.74
2023,2,16,0.0,99.3,29.2,33.25,25.89,55.63,1.1,351.9,17.3
2023,2,17,0.0,99.82,28.43,32.21,25.34,50.79,0.78,44.2,17.42
2023,2,18,0.0,99.67,29.83,33.48,26.84,49.93,1.02,31.3,15.84
2023,2,19,0.0,99.37,27.99,31.63,25.01,56.6,1.55,30.8,15.2
2023,2,20,0.0,99.63,28.67,32.57,25.48,51.75,1.51,15.5,16.63
2023,2,21,0.0,99.72,28.52,33.09,24.78,53.97,0.84,30.1,16.19
2023,2,22,0.0,99.59,29.54,34.39,25.57,49.52,1.77,103.7,16.41
2023,2,23,0.0,99.82,28.59,33.0,24.98,51.06,0.87,61.9,17.51
2023,2,24,0.0,99.67,28.33,31.97,25.35,51.61,1.22,38.6,17.79
2023,2,25,0.0,99.62,28.77,32.58,25.65,50.57,0.77,1.7,17.14
2023,2,26,0.0,99.6,28.14,31.95,25.02,51.98,1.81,27.4,15.7
2023,2,27,0.0,99.59,28.65,32.69,25.35,49.73,1.49,40.4,14.68
2023,2,28,0.0,99.72,28.55,32.43,25.37,52.03,1.24,17.3,17.23
2023,3,1,0.0,99.53,30.64,34.92,27.13,55.45,1.01,47.3,14.85
2023,3,2,0.0,99.73,28.27,32.3,24.97,47.59,2.0,37.5,16.52
2023,3,3,0.0,99.61,28.5,32.85,24.94,51.93,1.37,64.2,17.79
2023,3,4,0.0,99.57,28.69,32.96,25.19,50.98,1.95,19.8,17.83
2023,3,5,0.0,99.5,28.7,33.17,25.04,50.73,1.23,55.4,17.39
2023,3,6,0.0,99.5,29.21,33.12,26.01,57.84,1.25,58.1,17.76
2023,3,7,0.0,99.61,29.8,34.17,26.23,56.45,1.5,49.9,18.28
2023,3,8,0.0,99.73,27.86,31.76,24.67,51.06,1.25,35.5,16.15
2023,3,9,0.0,99.63,28.7,32.79,25.35,48.67,1.29,60.9,16.63
2023,3,10,0.32,99.4,28.23,32.1,25.06,56.93,1.33,25.8,18.53
2023,3,11,0.0,99.25,28.56,32.76,25.13,53.65,1.52,350.4,18.39
2023,3,12,0.0,99.67,29.07,33.53,25.42,49.34,0.9,32.2,17.65
2023,3,13,0.0,100.02,29.4,33.82,25.78,50.06,1.21,44.0,19.26
2023,3,14,0.0,99.48,28.84,33.03,25.41,52.95,1.01,20.3,19.88
2023,3,15,0.0,99.44,28.41,32.46,25.09,57.61,1.45,41.0,17.41
2023,3,16,0.0,99.67,28.87,32.96,25.53,51.72,1.21,352.5,19.46
2023,3,17,0.0,99.37,27.52,32.03,23.83,54.07,1.0,61.4,17.97
2023,3,18,0.0,99.79,27.57,31.42,24.42,51.2,1.76,61.0,16.32
2023,3,19,0.0,99.59,28.15,32.36,24.7,54.24,1.66,44.1,18.73
2023,3,20,0.0,99.51,28.81,33.2,25.22,48.41,1.67,80.6,19.81
2023,3,21,5.5,99.23,27.53,31.6,24.2,57.86,1.72,19.8,17.42
2023,3,22,0.0,99.66,27.78,32.11,24.24,53.79,1.45,67.9,20.18
2023,3,23,0.0,99.42,26.48,31.16,22.65,50.88,1.49,57.2,18.53
2023,3,24,0.0,99.63,29.5,33.54,26.19,43.88,1.17,34.5,19.7
2023,3,25,0.0,99.57,27.62,31.61,24.35,57.9,1.76,42.6,19.79
2023,3,26,0.0,99.72,25.82,29.94,22.45,48.57,1.32,45.4,19.04
2023,3,27,0.0,99.52,27.81,32.0,24.38,57.07,1.05,55.6,21.56
2023,3,28,0.0,100.04,27.98,32.4,24.37,51.32,1.43,52.2,20.77
2023,3,29,0.0,99.58,27.44,31.83,23.85,54.8,1.14,10.7,17.0
2023,3,30,0.0,99.5,26.91,31.04,23.53,55.57,1.63,72.7,16.68
2023,3,31,0.0,99.4,28.13,31.62,25.27,58.6,1.58,75.8,19.77
2023,4,1,0.0,99.62,28.0,31.63,25.03,51.06,1.63,54.8,16.61
2023,4,2,0.0,99.4,27.77,32.06,24.26,54.12,0.77,79.1,19.26
2023,4,3,0.0,99.32,26.81,30.65,23.67,51.67,0.66,28.5,20.63
2023,4,4,0.0,99.37,26.87,31.17,23.35,51.6,1.41,99.4,20.04
2023,4,5,0.0,99.41,26.99,31.22,23.53,54.94,1.42,30.0,18.76
2023,4,6,0.0,99.85,26.89,30.83,23.66,57.2,1.86,83.1,20.91
2023,4,7,0.0,99.49,27.56,31.32,24.48,61.99,1.13,61.4,19.23
2023,4,8,0.0,99.31,26.79,30.72,23.57,54.6,1.01,67.7,19.62
2023,4,9,0.0,99.62,26.35,30.37,23.06,55.22,1.11,93.4,19.19
2023,4,10,0.0,99.45,27.25,30.83,24.32,55.61,1.0,76.7,20.31
2023,4,11,0.0,99.65,28.56,32.76,25.12,56.3,1.23,39.0,18.28
2023,4,12,0.0,99.75,26.28,30.41,22.9,56.79,0.99,76.7,19.46
2023,4,13,0.0,99.13,26.27,30.25,23.02,53.09,1.49,122.2,20.3
2023,4,14,0.0,98.96,26.62,30.59,23.37,48.88,1.48,116.9,22.05
2023,4,15,0.0,99.74,27.17,31.46,23.66,56.11,1.23,94.3,20.41
2023,4,16,1.6,99.21,26.9,30.59,23.88,63.53,1.14,80.4,16.96
2023,4,17,0.0,99.06,26.42,30.2,23.33,57.66,1.11,47.0,20.32
2023,4,18,0.0,99.27,26.13,30.01,22.96,57.41,0.65,82.6,19.01
2023,4,19,0.0,99.18,27.83,31.52,24.81,58.05,1.31,70.2,20.56
2023,4,20,0.0,99.21,27.09,30.88,23.99,56.51,1.42,59.0,17.96
2023,4,21,0.0,99.49,27.43,30.81,24.67,58.55,0.86,71.0,18.48
2023,4,22,0.0,99.26,26.64,30.33,23.62,59.34,2.18,57.3,19.28
2023,4,23,0.0,99.03,26.0,29.74,22.94,59.73,2.03,145.7,19.32
2023,4,24,0.0,99.32,26.27,29.82,23.36,60.34,1.64,71.7,20.46
2023,4,25,0.0,99.15,27.18,31.27,23.83,60.75,0.96,107.3,20.34
2023,4,26,0.0,99.24,26.2,30.04,23.06,60.73,2.2,87.3,18.22
2023,4,27,0.0,99.24,24.55,28.22,21.55,64.55,1.63,53.8,21.05
2023,4,28,0.0,99.42,26.66,30.17,23.79,67.15,1.24,89.6,19.63
2023,4,29,0.0,99.17,26.64,29.87,24.0,57.61,1.39,96.6,18.07
2023,4,30,0.0,99.37,26.38,29.82,23.57,61.28,1.7,139.8,16.57
2023,5,1,0.0,98.95,24.49,28.11,21.53,57.15,1.58,97.1,20.75
2023,5,2,36.42,98.48,24.16,27.72,21.25,85.32,1.73,74.2,15.17
2023,5,3,0.0,99.45,25.97,29.32,23.23,67.92,1.26,73.9,18.24
2023,5,4,0.0,99.16,25.18,29.17,21.92,65.29,2.59,137.6,19.86
2023,5,5,4.93,98.92,25.15,28.96,22.04,68.6,2.45,93.7,16.97
2023,5,6,0.0,98.98,25.39,28.75,22.64,64.5,1.84,117.2,18.25
2023,5,7,0.0,99.16,24.33,27.94,21.37,67.21,2.49,69.7,17.96
2023,5,8,0.0,99.37,25.15,28.93,22.06,67.06,2.03,167.7,18.56
2023,5,9,0.0,99.06,24.04,27.53,21.18,70.88,2.26,97.0,19.18
2023,5,10,0.0,99.33,24.57,27.9,21.85,74.14,1.83,152.4,19.46
2023,5,11,27.54,98.22,23.05,25.9,20.72,88.53,2.53,160.5,16.61
2023,5,12,0.0,99.04,25.08,28.38,22.38,75.95,2.68,192.6,19.9
2023,5,13,0.0,99.08,24.85,27.93,22.33,72.02,2.49,107.4,17.34
2023,5,14,0.0,99.12,24.69,27.79,22.15,71.71,2.25,141.0,18.56
2023,5,15,62.49,97.51,22.4,25.55,19.82,93.3,1.73,224.8,12.52
2023,5,16,34.11,98.43,23.06,26.21,20.48,91.71,2.86,128.5,14.75
2023,5,17,0.0,99.27,25.44,28.52,22.92,73.42,2.49,146.0,17.71
2023,5,18,41.57,97.96,23.21,26.0,20.92,98.73,2.31,172.7,12.35
2023,5,19,0.0,98.93,23.19,25.85,21.02,73.07,2.41,180.6,17.96
2023,5,20,0.0,98.9,23.41,26.75,20.68,71.16,2.79,210.8,17.73
2023,5,21,0.0,99.19,23.55,27.11,20.64,74.53,2.25,144.8,17.55
2023,5,22,0.0,98.87,23.45,26.54,20.92,72.54,2.91,148.0,17.08
2023,5,23,0.0,98.72,22.96,25.7,20.72,75.02,2.69,169.3,14.78
2023,5,24,36.94,97.81,22.39,25.68,19.7,91.59,2.55,214.9,14.13
2023,5,25,3.94,98.98,23.18,26.75,20.26,78.84,2.55,153.0,17.56
2023,5,26,0.0,98.7,23.46,26.77,20.75,74.56,3.02,163.6,19.19
2023,5,27,5.07,98.74,21.83,25.16,19.11,82.35,1.97,159.3,17.08
2023,5,28,43.13,97.87,20.33,22.95,18.19,98.85,2.7,171.3,16.35
2023,5,29,70.05,97.5,20.71,23.47,18.45,94.96,3.22,165.0,12.03
2023,5,30,0.0,98.94,23.44,26.67,20.8,77.59,2.96,192.1,17.16
2023,5,31,27.51,98.16,22.18,24.73,20.09,94.02,3.49,176.4,14.09
2023,6,1,24.56,97.94,22.6,25.31,20.38,93.94,3.11,214.3,13.94
2023,6,2,23.57,98.33,21.38,24.28,19.01,94.32,2.83,187.5,15.27
2023,6,3,6.13,98.8,22.98,25.96,20.54,81.35,3.01,138.5,17.6
2023,6,4,0.0,98.9,23.75,26.49,21.51,78.45,3.18,234.9,17.21
2023,6,5,60.8,97.5,21.27,24.07,18.98,99.0,2.85,215.7,11.84
2023,6,6,43.78,97.81,19.9,22.73,17.58,99.0,3.41,227.8,12.08
2023,6,7,0.0,98.98,23.27,25.98,21.06,82.9,3.89,188.3,16.35
2023,6,8,0.0,98.67,22.66,25.28,20.52,84.56,2.78,255.7,16.31
2023,6,9,54.21,97.5,20.69,23.4,18.48,99.0,3.48,220.7,11.7
2023,6,10,0.0,98.62,24.06,26.64,21.95,85.23,2.97,222.4,16.36
2023,6,11,33.94,97.83,21.07,24.03,18.65,99.0,3.02,142.1,12.02
2023,6,12,0.0,99.18,22.64,25.42,20.36,85.48,3.16,199.4,17.82
2023,6,13,122.92,97.5,20.21,22.88,18.03,99.0,3.1,223.8,13.5
2023,6,14,67.56,97.5,19.92,22.53,17.79,99.0,3.59,215.8,11.0
2023,6,15,0.0,98.75,22.29,25.24,19.88,85.32,3.38,193.0,16.05
2023,6,16,0.0,98.73,21.68,24.23,19.6,83.7,3.31,133.1,16.61
2023,6,17,4.1,99.01,21.87,24.71,19.55,89.4,3.53,216.7,14.56
2023,6,18,18.59,98.0,20.92,23.87,18.51,91.66,3.57,222.0,14.72
2023,6,19,22.99,98.59,19.45,22.2,17.2,99.0,3.43,255.2,13.08
2023,6,20,7.14,98.62,21.15,23.31,19.38,90.56,3.83,233.6,14.59
2023,6,21,22.11,98.38,21.52,23.99,19.5,99.0,3.51,222.3,12.11
2023,6,22,61.04,97.5,20.05,22.39,18.13,99.0,4.29,221.6,10.09
2023,6,23,0.0,98.9,21.47,23.71,19.64,85.42,3.15,224.1,15.75
2023,6,24,26.87,97.91,20.59,23.45,18.25,99.0,2.95,207.8,15.09
2023,6,25,50.24,97.5,18.99,21.64,16.82,99.0,3.6,209.6,10.55
2023,6,26,28.28,98.5,19.89,21.72,18.39,99.0,3.89,228.4,12.15
2023,6,27,34.98,98.2,20.07,22.6,18.0,99.0,3.43,259.3,12.64
2023,6,28,60.1,97.5,19.28,21.62,17.37,99.0,3.26,247.0,11.66
2023,6,29,72.2,97.5,18.86,21.63,16.59,99.0,3.58,240.0,11.86
2023,6,30,32.42,98.12,20.01,22.34,18.11,99.0,3.5,185.8,10.47
2023,7,1,0.0,98.84,20.54,23.13,18.42,88.86,3.53,254.2,15.17
2023,7,2,6.68,98.51,22.12,24.7,20.01,84.24,3.32,239.0,16.6
2023,7,3,82.85,97.58,19.88,22.14,18.03,99.0,3.42,298.5,8.52
2023,7,4,132.73,97.5,18.0,20.21,16.19,99.0,3.99,231.7,10.23
2023,7,5,0.0,98.54,21.78,24.82,19.3,89.7,4.12,250.1,15.22
2023,7,6,42.25,97.58,19.22,21.8,17.11,99.0,3.58,244.3,9.4
2023,7,7,75.15,97.5,18.76,21.25,16.72,99.0,3.23,229.6,10.51
2023,7,8,9.16,98.46,21.29,24.1,18.99,89.55,3.26,230.9,14.7
2023,7,9,0.0,98.68,21.01,23.97,18.59,86.75,3.16,217.4,14.11
2023,7,10,46.34,97.68,18.97,21.86,16.61,99.0,3.98,247.8,9.14
2023,7,11,40.79,97.82,18.51,20.61,16.79,99.0,3.71,195.3,12.71
2023,7,12,0.0,98.77,21.7,24.18,19.67,83.13,3.57,309.6,13.36
2023,7,13,139.05,97.5,19.77,22.17,17.81,99.0,3.98,227.8,11.46
2023,7,14,23.72,98.3,20.19,23.19,17.74,99.0,3.79,216.6,12.96
2023,7,15,41.0,97.64,18.56,21.24,16.37,99.0,2.71,225.3,10.74
2023,7,16,41.9,97.5,19.55,21.68,17.81,99.0,3.35,257.0,12.5
2023,7,17,122.86,97.59,19.46,21.44,17.84,99.0,3.6,249.4,9.35
2023,7,18,132.3,97.5,18.99,21.93,16.58,99.0,4.28,228.0,9.64
2023,7,19,42.58,97.77,19.92,22.42,17.87,99.0,4.22,216.4,11.64
2023,7,20,40.76,97.63,19.5,22.0,17.45,99.0,2.75,197.8,10.15
2023,7,21,28.56,98.25,20.09,22.52,18.11,99.0,3.09,224.9,12.34
2023,7,22,51.47,97.5,20.06,22.36,18.18,99.0,3.61,235.4,8.6
2023,7,23,40.59,97.58,19.06,21.61,16.97,99.0,3.78,163.2,11.74
2023,7,24,51.63,97.5,18.0,20.77,15.73,99.0,3.27,249.5,9.18
2023,7,25,63.77,97.5,18.93,21.49,16.84,99.0,3.7,235.9,10.08
2023,7,26,81.1,97.5,18.67,21.53,16.33,99.0,3.23,211.0,13.9
2023,7,27,31.33,98.06,18.83,21.61,16.56,99.0,3.24,218.9,10.96
2023,7,28,14.26,98.41,20.97,23.82,18.64,92.81,3.02,192.4,15.42
2023,7,29,31.12,98.14,19.88,22.55,17.7,99.0,2.9,218.1,11.86
2023,7,30,0.0,98.93,19.87,22.46,17.75,87.08,3.2,155.6,15.8
2023,7,31,0.0,99.04,22.25,24.59,20.34,86.22,3.8,239.0,16.06
2023,8,1,8.15,98.63,20.36,23.3,17.95,86.56,3.53,203.3,15.07
2023,8,2,38.22,97.89,19.26,22.02,17.0,99.0,3.42,154.3,11.79
2023,8,3,0.0,99.1,21.91,24.54,19.75,83.17,3.18,234.9,12.74
2023,8,4,0.0,99.01,21.58,23.99,19.61,83.51,3.42,190.1,16.13
2023,8,5,86.21,97.5,20.08,23.17,17.55,99.0,3.05,185.4,10.18
2023,8,6,66.07,97.5,18.0,20.76,15.74,99.0,2.9,186.5,9.32
2023,8,7,27.77,97.82,20.07,23.37,17.37,99.0,3.37,180.7,11.99
2023,8,8,0.0,98.94,21.51,23.74,19.68,81.16,2.92,210.3,13.59
2023,8,9,15.5,98.56,21.75,24.66,19.37,89.53,2.7,187.2,14.03
2023,8,10,15.51,98.33,20.29,22.76,18.27,87.0,3.24,176.6,13.36
2023,8,11,29.0,98.19,20.14,22.81,17.96,96.14,2.53,177.1,12.35
2023,8,12,16.85,98.28,21.01,23.82,18.71,88.26,3.16,218.0,14.78
2023,8,13,14.9,98.6,21.56,24.64,19.04,86.59,3.13,162.2,13.77
2023,8,14,23.46,98.4,19.96,22.97,17.5,95.48,2.45,175.8,13.7
2023,8,15,0.0,99.0,22.29,25.1,19.99,77.83,2.44,147.6,15.11
2023,8,16,83.36,97.5,19.35,22.15,17.06,95.78,3.36,207.8,10.94
2023,8,17,52.32,97.55,20.08,22.61,18.01,99.0,3.07,151.8,10.06
2023,8,18,55.77,97.5,19.73,22.59,17.39,96.9,2.98,210.3,9.21
2023,8,19,10.65,98.87,21.68,24.53,19.35,78.43,2.84,233.0,14.41
2023,8,20,22.38,98.45,21.22,24.62,18.44,85.21,3.0,181.7,13.37
2023,8,21,66.36,97.53,20.91,23.9,18.46,99.0,2.96,140.6,10.26
2023,8,22,7.98,98.77,21.58,24.6,19.11,75.38,2.35,129.6,15.59
2023,8,23,26.8,98.41,20.84,24.04,18.22,85.36,2.55,187.1,15.17
2023,8,24,42.88,98.08,21.21,24.76,18.31,95.02,2.42,159.1,10.46
2023,8,25,36.67,97.96,21.74,25.3,18.82,91.59,2.77,148.2,13.63
2023,8,26,78.19,97.6,20.01,23.88,16.84,91.08,2.58,160.4,13.11
2023,8,27,23.0,98.39,21.91,24.76,19.57,86.55,2.96,116.8,15.03
2023,8,28,4.72,98.95,21.61,24.92,18.9,72.24,2.55,134.4,16.09
2023,8,29,2.74,99.11,22.83,26.09,20.17,68.21,2.42,111.1,16.47
2023,8,30,2.53,98.71,23.05,25.86,20.75,72.07,2.68,145.5,16.98
2023,8,31,19.17,98.37,21.61,24.62,19.15,82.18,2.65,151.5,10.91
2023,9,1,0.0,98.94,23.4,27.0,20.45,70.2,2.77,161.6,13.97
2023,9,2,0.0,98.93,22.5,26.02,19.62,70.26,2.35,110.1,16.64
2023,9,3,0.0,99.04,22.76,26.3,19.87,69.75,3.02,154.1,16.56
2023,9,4,31.4,98.6,21.82,25.36,18.93,84.03,2.56,74.6,15.33
2023,9,5,20.56,98.79,21.36,24.33,18.93,77.07,2.98,90.1,14.63
2023,9,6,30.14,98.24,20.76,23.91,18.18,81.33,2.18,136.3,13.04
2023,9,7,10.69,99.0,22.74,26.07,20.02,72.07,2.98,131.5,13.88
2023,9,8,0.0,99.11,22.51,26.23,19.47,61.22,2.36,125.4,16.12
2023,9,9,2.79,99.12,22.12,25.67,19.22,63.7,1.67,67.4,15.51
2023,9,10,0.0,98.96,23.68,27.46,20.59,68.73,1.68,139.5,17.02
2023,9,11,0.0,98.91,24.26,28.34,20.92,67.15,1.9,116.7,17.46
2023,9,12,0.0,99.28,23.86,26.99,21.3,64.71,1.87,111.3,15.3
2023,9,13,0.0,99.17,22.49,26.04,19.59,68.21,2.09,124.8,17.66
2023,9,14,7.72,99.07,23.19,26.75,20.28,68.92,2.61,90.3,12.96
2023,9,15,12.38,99.15,22.71,26.09,19.94,70.18,2.04,134.9,17.1
2023,9,16,0.0,99.14,22.88,26.62,19.82,59.2,1.51,106.9,15.62
2023,9,17,0.0,99.15,23.6,28.02,19.98,61.93,2.04,108.7,17.95
2023,9,18,0.0,99.51,23.54,26.93,20.77,65.18,1.71,118.4,15.8
2023,9,19,31.74,98.41,22.21,26.03,19.08,81.22,1.71,47.9,14.04
2023,9,20,0.0,99.06,24.39,27.77,21.62,67.44,1.75,81.3,15.97
2023,9,21,0.0,99.35,24.66,27.84,22.06,61.81,1.67,82.2,17.4
2023,9,22,0.0,99.18,23.57,27.09,20.69,54.38,1.3,72.8,15.38
2023,9,23,0.0,99.08,23.72,27.49,20.63,62.45,1.82,98.3,14.72
2023,9,24,3.23,99.16,23.6,27.41,20.48,56.13,2.43,79.2,16.89
2023,9,25,0.0,99.38,24.31,28.51,20.88,59.73,2.07,112.8,15.78
2023,9,26,0.0,99.03,24.23,28.02,21.13,63.45,1.3,95.6,18.43
2023,9,27,0.0,99.03,23.55,27.27,20.5,65.56,0.78,68.0,16.92
2023,9,28,12.35,98.92,23.5,27.45,20.27,64.66,1.87,93.8,16.55
2023,9,29,0.0,99.05,23.09,26.88,19.99,61.82,1.96,58.0,17.7
2023,9,30,0.0,99.02,23.08,26.8,20.03,65.06,1.95,52.9,15.61
2023,10,1,5.65,99.12,23.17,26.85,20.16,64.0,1.77,78.9,15.58
2023,10,2,0.0,99.46,24.09,28.0,20.89,58.89,1.34,101.5,16.4
2023,10,3,4.84,99.28,24.54,28.42,21.37,68.46,2.36,103.0,14.56
2023,10,4,0.0,99.24,23.8,27.46,20.81,63.42,1.68,104.1,15.12
2023,10,5,0.0,99.5,24.3,28.42,20.93,60.87,1.54,71.2,15.82
2023,10,6,2.65,99.51,24.48,28.44,21.24,57.92,1.93,70.6,16.88
2023,10,7,11.95,99.06,25.06,29.05,21.8,66.39,1.55,18.8,14.59
2023,10,8,0.0,99.2,24.54,28.01,21.7,58.85,1.32,47.4,15.9
2023,10,9,0.41,99.54,24.6,28.17,21.68,56.41,1.57,135.7,16.15
2023,10,10,0.0,99.54,24.16,28.28,20.79,64.88,1.86,90.8,16.7
2023,10,11,0.0,99.32,25.9,29.89,22.64,62.83,2.27,76.6,16.05
2023,10,12,0.0,99.49,25.19,28.5,22.48,59.37,1.1,113.7,14.79
2023,10,13,0.0,99.13,23.91,27.69,20.82,59.85,1.95,103.7,14.63
2023,10,14,27.05,98.22,24.69,28.64,21.46,75.23,2.12,100.5,8.98
2023,10,15,10.43,98.84,24.85,28.24,22.07,64.73,1.97,80.7,12.83
2023,10,16,68.45,97.81,22.96,26.91,19.73,91.91,2.06,90.6,10.4
2023,10,17,0.0,99.26,25.3,28.98,22.29,60.09,2.37,111.8,13.39
2023,10,18,0.0,99.44,25.67,29.74,22.34,61.35,2.2,123.2,13.41
2023,10,19,0.0,99.0,24.38,27.99,21.42,60.48,1.7,92.0,15.48
2023,10,20,0.54,98.99,24.65,27.89,22.0,57.84,2.23,114.1,12.88
2023,10,21,0.0,99.41,24.95,28.73,21.86,59.26,1.94,50.2,13.13
2023,10,22,0.0,99.01,24.15,27.47,21.43,65.82,2.18,75.8,13.05
2023,10,23,0.0,99.22,25.57,29.03,22.74,62.07,1.42,88.8,12.3
2023,10,24,0.0,99.28,24.9,28.02,22.35,64.27,1.84,68.7,12.96
2023,10,25,0.0,99.16,24.86,28.25,22.09,64.51,2.14,86.3,10.41
2023,10,26,0.0,99.38,24.73,28.7,21.48,64.62,1.87,173.9,16.55
2023,10,27,0.0,98.9,25.19,28.83,22.21,61.49,2.13,152.5,13.24
2023,10,28,0.0,99.61,25.37,28.9,22.48,68.24,2.44,65.6,13.58
2023,10,29,0.0,99.22,26.0,29.35,23.26,66.15,1.83,94.3,10.86
2023,10,30,9.09,99.02,25.7,29.35,22.71,69.95,2.27,91.9,11.45
2023,10,31,17.58,99.33,23.9,27.43,21.01,74.02,1.55,83.6,11.74
2023,11,1,0.0,99.04,25.76,30.01,22.28,59.81,2.23,64.1,11.56
2023,11,2,0.0,99.1,26.35,29.95,23.41,65.98,1.32,98.1,14.18
2023,11,3,0.0,99.54,25.38,29.1,22.34,63.27,2.01,78.8,13.3
2023,11,4,35.21,98.13,24.06,27.48,21.26,80.69,2.0,64.8,9.42
2023,11,5,23.57,98.8,24.42,28.01,21.48,73.64,2.59,82.2,10.84
2023,11,6,0.0,99.19,26.07,29.8,23.02,66.2,1.74,133.0,12.29
2023,11,7,0.0,99.01,25.95,29.3,23.21,59.44,1.16,85.5,10.59
2023,11,8,0.0,99.4,26.49,30.26,23.4,62.11,2.11,84.3,13.17
2023,11,9,0.0,99.41,25.79,29.44,22.8,63.54,1.52,99.1,11.26
2023,11,10,0.0,99.32,26.8,29.8,24.35,62.52,1.91,127.8,12.89
2023,11,11,0.0,99.7,26.4,30.26,23.24,63.93,1.63,57.1,14.18
2023,11,12,0.0,99.19,26.87,30.64,23.78,65.86,1.79,112.7,12.72
2023,11,13,0.0,99.49,25.69,29.41,22.65,64.09,1.03,100.1,13.04
2023,11,14,0.0,99.4,27.26,30.75,24.41,62.32,1.18,118.2,11.6
2023,11,15,0.0,99.52,25.84,30.19,22.28,60.65,1.96,109.4,11.14
2023,11,16,0.0,99.26,25.94,29.46,23.06,57.64,1.75,144.1,14.14
2023,11,17,0.0,99.11,26.08,28.95,23.73,61.21,1.35,73.3,14.0
2023,11,18,0.0,99.24,26.07,29.92,22.92,60.07,1.55,63.5,14.48
2023,11,19,0.0,99.36,27.81,31.49,24.8,62.32,1.93,68.3,15.62
2023,11,20,0.0,99.5,26.92,30.26,24.19,60.17,1.62,92.8,12.4
2023,11,21,0.0,99.39,26.97,30.65,23.96,63.16,1.87,115.9,13.5
2023,11,22,0.0,99.43,25.36,29.1,22.3,58.72,1.35,122.0,14.48
2023,11,23,0.0,99.71,27.65,31.22,24.73,58.08,1.87,63.7,15.53
2023,11,24,0.0,99.41,26.09,29.91,22.97,60.52,1.55,128.3,14.55
2023,11,25,0.0,99.32,26.86,30.76,23.67,59.33,1.76,84.0,12.14
2023,11,26,0.0,99.5,26.45,30.25,23.34,59.78,1.71,73.7,15.3
2023,11,27,0.0,99.12,27.18,30.76,24.25,58.03,1.42,72.1,14.38
2023,11,28,0.0,99.13,28.15,32.12,24.9,58.17,1.42,109.9,13.71
2023,11,29,0.0,99.42,26.47,29.88,23.68,56.96,1.47,45.2,12.83
2023,11,30,0.0,99.29,26.7,30.69,23.44,57.86,1.77,79.3,15.34
2023,12,1,0.0,99.35,27.36,31.33,24.11,60.66,2.15,72.2,16.87
2023,12,2,0.0,99.64,28.43,32.27,25.29,55.48,1.17,28.7,13.36
2023,12,3,2.35,99.51,27.0,30.77,23.91,56.22,1.82,351.3,13.6
2023,12,4,19.05,98.99,26.18,29.77,23.24,67.72,1.33,65.9,12.55
2023,12,5,0.0,99.5,27.62,31.41,24.52,55.56,1.37,27.1,12.41
2023,12,6,0.0,99.42,27.57,31.3,24.52,59.78,1.5,52.5,13.76
2023,12,7,0.0,99.65,26.9,30.58,23.89,57.53,1.21,57.4,14.53
2023,12,8,0.0,99.65,27.39,31.03,24.41,57.73,1.23,10.3,16.14
2023,12,9,6.78,99.52,26.08,30.42,22.53,61.48,2.06,51.2,13.03
2023,12,10,0.0,99.69,27.76,31.96,24.32,53.04,1.36,40.0,14.47
2023,12,11,0.0,99.53,26.96,31.63,23.14,54.99,1.5,38.6,13.13
2023,12,12,0.0,99.4,29.61,33.69,26.27,56.37,1.99,39.2,15.03
2023,12,13,0.0,99.5,28.32,32.54,24.87,54.3,1.97,41.0,13.83
2023,12,14,0.0,99.56,28.16,32.17,24.88,51.59,1.21,21.3,15.15
2023,12,15,0.0,99.42,28.39,32.84,24.75,56.53,0.97,159.9,13.23
2023,12,16,0.0,99.84,27.73,31.76,24.43,53.29,0.85,1.5,12.21
2023,12,17,0.0,99.84,28.01,32.33,24.48,54.47,0.8,60.1,13.19
2023,12,18,0.0,99.53,28.51,32.62,25.15,55.12,1.07,38.8,16.0
2023,12,19,0.0,99.74,27.52,32.09,23.78,57.59,0.81,24.9,13.98
2023,12,20,0.0,99.66,28.72,32.66,25.5,53.81,1.19,62.9,14.08
2023,12,21,0.0,99.47,29.75,34.14,26.16,47.48,0.94,75.7,14.6
2023,12,22,0.0,99.64,27.28,31.33,23.97,53.53,1.07,49.8,14.36
2023,12,23,0.0,99.43,28.72,32.57,25.57,53.71,1.16,48.9,14.89
2023,12,24,0.0,99.41,27.81,31.88,24.48,48.16,1.07,50.4,14.5
2023,12,25,0.0,99.66,28.9,32.37,26.06,56.87,0.78,37.5,18.17
2023,12,26,0.13,99.66,28.69,33.04,25.13,45.33,1.31,63.4,15.98
2023,12,27,0.0,100.06,29.8,34.08,26.3,54.23,1.64,9.9,15.5
2023,12,28,0.0,99.55,29.71,34.33,25.93,48.25,1.63,7.4,15.4
2023,12,29,0.0,99.49,27.53,31.37,24.39,55.48,1.49,73.4,14.95
2023,12,30,0.0,99.75,29.11,33.01,25.92,54.01,1.06,352.6,14.1
2023,12,31,0.0,99.58,29.13,32.89,26.05,56.51,0.92,34.5,15.33
2024,1,1,0.0,99.48,29.49,33.72,26.03,53.45,1.4,4.0,13.07
2024,1,2,0.0,99.49,29.01,33.02,25.73,52.99,1.26,34.6,13.21
2024,1,3,0.0,99.56,29.12,33.02,25.93,51.08,1.4,23.7,14.24
2024,1,4,0.0,99.78,28.0,32.23,24.54,47.14,1.83,66.1,15.12
2024,1,5,0.0,99.67,29.04,33.47,25.42,58.11,1.12,88.7,13.81
2024,1,6,0.0,99.45,28.61,32.76,25.21,50.65,0.84,8.5,15.31
2024,1,7,0.0,99.93,29.26,33.25,25.99,52.95,0.93,16.2,13.05
2024,1,8,0.0,99.43,28.74,33.19,25.1,49.7,1.19,25.8,14.42
2024,1,9,0.0,99.46,29.13,33.18,25.81,49.0,0.92,34.3,12.9
2024,1,10,0.0,99.81,29.27,33.32,25.96,52.17,1.42,64.4,15.03
2024,1,11,0.0,99.87,29.3,33.57,25.81,53.17,1.4,11.6,16.85
2024,1,12,0.0,99.66,28.35,32.29,25.13,56.92,1.62,32.4,14.95
2024,1,13,0.0,99.37,30.57,34.98,26.96,54.82,1.63,33.3,16.19
2024,1,14,0.0,99.62,29.07,32.94,25.9,52.79,0.2,27.4,16.17
2024,1,15,0.0,99.35,29.35,33.31,26.11,51.84,0.84,56.7,14.67
2024,1,16,0.0,100.05,28.96,32.77,25.84,52.97,1.18,33.2,15.76
2024,1,17,0.0,99.65,28.15,32.51,24.58,51.27,0.71,354.1,13.49
2024,1,18,0.0,99.74,29.49,33.99,25.81,52.73,1.11,2.1,14.82
2024,1,19,0.0,99.53,29.14,33.22,25.8,49.78,0.84,36.6,15.14
2024,1,20,0.0,99.92,29.58,33.83,26.1,50.46,0.98,91.1,14.03
2024,1,21,0.0,99.51,28.5,32.73,25.04,51.87,1.77,54.7,15.32
2024,1,22,0.0,99.45,28.74,32.95,25.3,52.92,1.6,67.1,14.39
2024,1,23,0.0,99.65,29.17,32.98,26.06,51.68,1.15,39.0,16.4
2024,1,24,0.0,99.76,29.02,32.96,25.79,52.55,0.8,40.5,13.81
2024,1,25,0.0,99.98,28.79,33.12,25.24,49.46,1.27,47.0,14.41
2024,1,26,0.0,99.89,29.18,33.64,25.53,48.65,0.32,41.8,15.39
2024,1,27,0.0,99.81,30.0,34.39,26.41,51.88,1.39,45.5,14.22
2024,1,28,0.0,99.47,29.32,33.45,25.94,47.3,1.36,70.6,17.55
2024,1,29,0.0,99.47,29.82,34.16,26.27,54.43,0.7,42.5,12.8
2024,1,30,0.0,99.44,28.88,32.58,25.85,48.17,1.65,37.5,14.69
2024,1,31,0.0,99.57,29.04,32.61,26.12,50.93,0.92,85.4,15.91
2024,2,1,0.0,99.25,29.17,32.92,26.11,53.43,0.8,54.3,17.74
2024,2,2,0.0,99.84,28.68,33.58,24.67,54.59,1.21,350.3,13.82
2024,2,3,0.0,99.41,29.17,33.87,25.33,53.83,0.64,17.1,14.58
2024,2,4,0.0,99.39,30.08,33.76,27.07,53.39,0.82,3.4,15.15
2024,2,5,0.0,99.52,30.2,34.26,26.88,59.24,1.28,55.1,17.73
2024,2,6,0.0,99.35,29.94,33.94,26.66,49.09,0.97,77.0,16.85
2024,2,7,0.0,99.71,29.18,33.66,25.52,52.92,1.68,62.3,15.05
2024,2,8,0.0,99.42,28.46,32.76,24.94,53.82,0.56,36.3,17.46
2024,2,9,0.0,99.68,30.67,34.69,27.38,53.05,1.18,89.3,16.5
2024,2,10,0.0,99.76,28.59,32.87,25.09,50.76,1.53,48.7,16.34
2024,2,11,0.0,99.49,30.0,34.33,26.45,53.59,1.45,65.8,16.74
2024,2,12,0.0,99.46,29.18,32.79,26.23,53.4,0.88,51.4,15.2
2024,2,13,0.0,99.44,28.19,32.46,24.7,55.56,1.84,9.7,16.78
2024,2,14,0.0,99.39,27.86,31.98,24.49,53.4,0.44,29.4,16.09
2024,2,15,0.0,99.51,29.86,33.67,26.75,46.77,1.13,54.4,19.8
2024,2,16,0.0,99.59,28.47,32.43,25.23,54.3,1.5,50.2,18.53
2024,2,17,0.0,99.33,27.98,32.18,24.54,50.98,1.61,36.2,16.39
2024,2,18,0.0,99.46,28.66,32.81,25.26,51.58,0.81,28.9,17.2
2024,2,19,0.0,99.61,28.82,32.89,25.49,48.92,1.2,57.2,15.53
2024,2,20,0.0,99.58,29.07,33.11,25.77,52.51,1.45,68.5,17.23
2024,2,21,0.0,99.1,29.02,33.15,25.64,57.67,1.09,48.3,15.49
2024,2,22,0.0,99.69,28.26,31.94,25.25,55.14,0.7,85.6,16.33
2024,2,23,0.0,99.8,28.75,33.34,25.0,48.85,0.5,74.2,17.72
2024,2,24,0.0,99.47,29.94,33.96,26.65,51.62,0.9,28.3,15.77
2024,2,25,0.0,99.26,27.97,32.23,24.49,55.01,0.94,62.9,15.97
2024,2,26,0.0,99.43,29.02,33.58,25.29,51.7,0.87,120.8,16.2
2024,2,27,0.0,99.42,27.93,32.36,24.31,46.49,1.86,18.7,17.14
2024,2,28,0.0,99.78,28.35,32.55,24.92,50.71,1.37,58.3,19.01
2024,2,29,0.0,99.36,29.41,33.49,26.07,56.12,1.05,354.1,18.83
2024,3,1,0.0,99.5,27.17,31.28,23.81,56.5,1.08,62.3,16.95
2024,3,2,0.0,99.86,30.03,33.69,27.03,51.8,1.1,67.4,19.19
2024,3,3,0.0,99.58,27.63,31.4,24.54,51.55,1.39,40.1,17.57
2024,3,4,0.0,99.59,27.1,31.28,23.68,45.92,0.76,33.8,17.89
2024,3,5,0.0,99.53,28.5,32.5,25.22,52.1,0.8,42.0,17.69
2024,3,6,0.0,99.72,28.15,31.84,25.13,50.8,1.16,8.8,18.66
2024,3,7,0.0,99.62,27.99,32.17,24.57,47.13,0.2,33.0,16.85
2024,3,8,0.0,99.88,28.84,33.15,25.31,49.79,0.87,39.5,17.39
2024,3,9,0.0,99.89,27.71,32.13,24.09,48.83,1.52,65.1,19.38
2024,3,10,0.0,99.6,28.72,32.97,25.25,52.69,1.48,338.9,17.59
2024,3,11,0.0,99.53,28.87,32.8,25.66,56.91,0.57,48.1,17.37
2024,3,12,0.0,99.56,27.3,31.59,23.79,52.18,1.14,19.5,16.42
2024,3,13,0.0,99.43,28.94,33.11,25.53,53.39,0.69,44.7,18.93
2024,3,14,0.0,99.55,28.73,32.57,25.59,59.6,0.9,100.3,17.07
2024,3,15,0.0,99.27,29.24,33.07,26.11,47.41,0.96,29.7,20.38
2024,3,16,0.0,99.39,28.12,32.44,24.58,53.34,1.45,6.5,19.16
2024,3,17,0.0,99.66,27.49,31.66,24.08,56.06,1.56,359.6,16.96
2024,3,18,0.0,99.61,28.91,33.06,25.51,53.79,1.01,48.6,18.86
2024,3,19,0.66,99.47,28.0,32.1,24.65,48.79,0.64,79.8,17.84
2024,3,20,0.0,99.58,29.23,33.47,25.76,58.44,0.53,359.1,19.57
2024,3,21,0.0,99.78,28.41,32.34,25.19,55.46,1.65,65.9,18.47
2024,3,22,0.0,99.43,27.85,31.89,24.55,53.94,1.12,27.4,21.6
2024,3,23,0.0,99.24,27.21,31.48,23.71,49.4,1.15,46.0,21.61
2024,3,24,0.0,99.61,27.71,31.78,24.38,59.77,0.8,84.8,18.36
2024,3,25,0.0,99.59,28.39,32.24,25.24,55.08,1.59,38.9,18.87
2024,3,26,0.0,99.62,26.64,30.51,23.48,54.78,1.48,61.5,20.06
2024,3,27,0.46,99.26,27.34,31.4,24.02,55.53,1.09,31.4,18.42
2024,3,28,0.0,99.21,26.47,29.8,23.74,56.42,0.91,41.2,18.53
2024,3,29,0.0,99.52,26.82,31.34,23.12,54.17,1.34,47.7,17.41
2024,3,30,0.0,99.51,27.07,31.06,23.81,53.64,0.58,43.6,17.63
2024,3,31,0.0,99.4,27.26,31.42,23.85,47.82,1.48,352.7,20.38
2024,4,1,3.01,99.65,27.52,31.72,24.09,53.69,1.18,54.8,19.26
2024,4,2,0.0,99.46,27.84,31.93,24.5,59.92,1.38,69.1,18.63
2024,4,3,0.0,99.67,28.26,31.89,25.29,52.2,1.31,57.2,20.35
2024,4,4,0.0,99.6,28.36,32.07,25.33,53.85,1.66,78.7,17.11
2024,4,5,0.0,99.25,28.01,31.59,25.08,51.62,1.69,63.5,19.25
2024,4,6,0.0,99.28,26.86,31.15,23.35,56.45,1.75,17.1,19.61
2024,4,7,0.0,99.2,27.23,30.78,24.32,54.5,1.41,45.5,18.19
2024,4,8,0.52,99.49,26.6,30.39,23.5,54.88,1.36,30.8,20.33
2024,4,9,0.0,99.44,27.13,31.45,23.6,53.38,1.14,346.0,20.78
2024,4,10,0.0,99.66,26.78,30.42,23.8,57.01,1.2,89.1,19.85
2024,4,11,0.0,99.51,26.03,30.01,22.77,60.2,1.57,142.1,18.96
2024,4,12,0.0,99.17,27.78,31.92,24.4,51.59,1.46,44.0,18.72
2024,4,13,0.0,99.31,27.9,31.8,24.71,55.74,1.93,69.8,19.7
2024,4,14,0.0,99.01,26.11,30.05,22.88,56.41,1.4,40.0,18.84
2024,4,15,0.0,99.43,26.94,30.98,23.64,55.02,0.96,73.4,19.89
2024,4,16,0.0,99.87,26.0,30.37,22.43,60.7,1.59,103.1,21.02
2024,4,17,32.88,98.56,25.06,28.66,22.11,79.14,1.91,84.6,17.62
2024,4,18,2.08,99.34,25.91,29.63,22.86,59.9,1.77,100.5,19.21
2024,4,19,2.71,99.27,25.75,29.75,22.48,58.05,1.78,115.6,19.99
2024,4,20,6.72,99.23,26.08,29.84,23.01,65.74,2.01,124.5,19.11
2024,4,21,0.0,99.3,24.87,28.51,21.89,58.39,1.73,87.0,20.05
2024,4,22,0.0,99.43,25.7,29.76,22.38,62.35,1.06,56.3,19.86
2024,4,23,0.0,99.17,28.8,31.95,26.23,66.87,2.03,64.4,22.23
2024,4,24,0.0,99.17,24.84,28.89,21.53,60.46,1.85,80.5,20.03
2024,4,25,0.0,99.06,25.57,29.72,22.17,61.35,1.73,79.4,20.99
2024,4,26,1.42,99.24,25.9,29.54,22.92,60.19,1.34,50.2,17.85
2024,4,27,0.0,99.07,25.55,28.86,22.84,64.7,1.54,91.4,20.42
2024,4,28,0.0,99.52,25.06,28.76,22.03,62.93,1.17,98.2,18.99
2024,4,29,0.0,99.17,26.19,29.95,23.11,59.32,1.71,72.0,19.84
2024,4,30,0.0,98.88,25.53,28.68,22.95,61.36,1.72,98.3,19.38
2024,5,1,0.0,99.02,24.9,28.5,21.95,69.37,1.94,70.0,14.84
2024,5,2,0.0,99.24,25.86,29.95,22.51,63.74,2.61,112.5,21.4
2024,5,3,6.98,99.14,24.52,28.4,21.35,65.75,2.42,85.5,16.73
2024,5,4,12.85,98.93,23.96,27.61,20.97,73.14,2.11,120.6,16.41
2024,5,5,0.0,99.03,25.41,29.0,22.47,64.62,1.85,131.4,18.44
2024,5,6,0.0,99.06,23.99,27.45,21.16,66.17,1.74,140.0,17.84
2024,5,7,0.0,99.03,26.05,29.52,23.21,68.78,2.63,170.2,17.8
2024,5,8,3.55,99.15,25.65,29.02,22.89,70.75,1.77,136.8,18.54
2024,5,9,15.95,98.75,24.39,27.82,21.59,77.3,1.86,125.6,17.48
2024,5,10,27.13,98.36,23.06,25.96,20.69,82.22,3.32,155.8,15.66
2024,5,11,75.44,97.5,21.72,24.44,19.49,86.62,2.31,88.6,13.17
2024,5,12,27.76,98.3,21.47,24.55,18.95,90.83,3.21,124.0,15.4
2024,5,13,0.0,99.08,25.42,28.97,22.52,75.98,2.33,125.5,17.93
2024,5,14,60.1,97.81,21.53,24.93,18.75,93.41,2.98,120.2,14.16
2024,5,15,0.0,99.09,24.37,27.82,21.55,74.25,2.65,139.1,20.25
2024,5,16,0.0,98.98,24.17,27.38,21.54,72.38,2.32,206.6,18.66
2024,5,17,0.0,98.96,22.78,26.28,19.92,70.86,2.28,144.7,20.82
2024,5,18,0.0,99.33,23.44,26.94,20.57,73.77,1.82,168.1,14.36
2024,5,19,0.0,99.16,22.99,26.43,20.17,74.49,2.32,133.4,17.14
2024,5,20,0.0,99.18,24.25,27.15,21.88,78.79,3.0,138.1,16.5
2024,5,21,0.0,99.12,24.2,27.28,21.68,75.39,2.74,136.2,19.33
2024,5,22,4.25,98.86,23.2,26.12,20.81,82.73,2.59,143.9,17.93
2024,5,23,0.0,99.18,22.87,26.3,20.07,75.65,2.79,209.2,17.48
2024,5,24,0.0,98.69,23.52,26.83,20.81,74.99,3.23,158.7,18.4
2024,5,25,0.0,99.23,24.08,27.18,21.54,81.2,2.38,150.8,19.08
2024,5,26,0.0,99.07,22.2,25.35,19.63,81.38,3.07,187.3,16.04
2024,5,27,39.85,98.02,23.05,26.07,20.58,99.0,2.4,179.6,12.39
2024,5,28,45.47,97.65,21.1,23.76,18.92,99.0,1.94,226.6,12.57
2024,5,29,3.81,98.98,22.78,25.97,20.17,81.62,2.79,191.1,16.91
2024,5,30,88.67,97.61,22.07,25.51,19.26,99.0,2.87,222.8,12.68
2024,5,31,0.0,98.77,22.84,25.84,20.38,78.46,2.95,152.6,16.88
2024,6,1,24.54,98.15,21.76,24.57,19.46,99.0,3.06,184.2,14.74
2024,6,2,10.56,98.43,21.68,24.31,19.53,84.92,3.33,209.4,16.64
2024,6,3,58.45,97.51,20.28,23.02,18.03,99.0,2.87,171.9,12.37
2024,6,4,14.08,98.49,21.56,24.01,19.56,89.2,2.67,195.2,15.1
2024,6,5,47.62,98.05,19.41,21.94,17.34,96.21,3.61,161.3,13.18
2024,6,6,0.0,98.57,21.04,23.76,18.81,81.91,3.7,194.6,15.94
2024,6,7,18.32,98.23,21.54,24.38,19.21,91.18,3.32,156.8,14.63
2024,6,8,24.9,98.21,20.41,22.74,18.5,94.34,3.44,177.8,16.68
2024,6,9,14.3,98.59,22.2,24.98,19.93,87.47,3.67,165.3,13.64
2024,6,10,25.87,98.29,21.07,24.22,18.49,99.0,3.69,196.4,14.26
2024,6,11,14.58,98.47,20.5,23.32,18.19,88.0,2.87,218.8,14.95
2024,6,12,0.0,98.87,23.21,26.03,20.9,82.85,3.26,167.1,17.46
2024,6,13,41.55,97.79,20.13,22.92,17.85,99.0,2.74,220.4,15.19
2024,6,14,60.8,97.5,20.4,22.62,18.58,99.0,3.49,191.6,12.52
2024,6,15,88.38,97.5,21.13,23.36,19.3,99.0,3.64,150.4,11.28
2024,6,16,55.53,97.5,19.91,22.71,17.62,99.0,2.91,232.6,11.49
2024,6,17,75.66,97.5,19.89,22.71,17.58,99.0,3.7,223.5,10.05
2024,6,18,30.51,98.29,21.61,24.51,19.24,99.0,3.83,203.4,13.57
2024,6,19,68.57,97.5,19.57,22.54,17.14,99.0,4.05,239.5,12.15
2024,6,20,0.0,98.81,22.48,24.93,20.48,86.71,3.44,275.3,17.58
2024,6,21,17.02,98.26,20.95,23.8,18.62,94.68,3.7,221.0,13.48
2024,6,22,4.3,98.74,21.59,24.42,19.27,92.34,4.04,252.1,15.94
2024,6,23,7.97,98.25,21.38,24.36,18.94,94.96,3.1,174.6,13.29
2024,6,24,79.94,97.5,19.29,22.28,16.84,99.0,3.51,232.7,10.13
2024,6,25,71.16,97.5,19.13,21.56,17.14,99.0,3.09,235.6,10.03
2024,6,26,0.0,98.67,21.01,23.52,18.96,86.01,3.61,236.2,17.13
2024,6,27,60.79,97.5,18.52,21.1,16.41,99.0,3.52,185.1,7.25
2024,6,28,59.52,97.6,19.08,21.37,17.21,99.0,3.38,210.0,12.37
2024,6,29,80.95,97.5,19.17,21.98,16.87,99.0,3.87,235.1,8.52
2024,6,30,0.0,98.8,21.6,24.04,19.6,87.54,3.35,225.1,14.85
2024,7,1,30.52,97.72,20.0,22.82,17.7,99.0,3.5,218.0,14.6
2024,7,2,57.04,97.5,20.01,22.91,17.63,99.0,4.09,246.8,7.17
2024,7,3,123.5,97.5,19.95,22.36,17.98,99.0,4.44,209.7,8.49
2024,7,4,50.53,97.57,20.14,22.14,18.5,99.0,4.22,218.4,11.46
2024,7,5,100.97,97.5,19.03,21.5,17.01,99.0,3.78,245.9,7.79
2024,7,6,64.72,97.5,18.79,21.63,16.46,99.0,3.96,261.7,12.68
2024,7,7,43.69,97.5,18.42,21.26,16.1,99.0,3.8,238.3,10.63
2024,7,8,45.54,97.6,20.2,22.65,18.2,99.0,2.92,275.1,10.97
2024,7,9,35.37,97.63,18.87,21.38,16.82,99.0,3.07,274.1,11.88
2024,7,10,0.0,98.93,20.44,22.87,18.45,86.84,3.58,279.7,14.27
2024,7,11,78.86,97.5,19.22,21.53,17.33,99.0,4.42,201.7,11.28
2024,7,12,0.0,98.8,20.83,22.83,19.19,85.58,3.23,227.4,13.12
2024,7,13,51.27,97.7,20.04,22.66,17.9,99.0,3.96,233.7,9.45
2024,7,14,28.89,97.99,19.33,21.68,17.41,99.0,3.21,201.3,12.03
2024,7,15,200.17,97.5,19.04,21.58,16.96,99.0,4.02,223.4,9.05
2024,7,16,64.04,97.5,18.0,20.68,15.81,99.0,3.88,209.0,7.47
2024,7,17,17.26,98.23,21.18,23.92,18.93,94.03,3.18,167.4,13.57
2024,7,18,38.6,97.74,18.29,20.6,16.4,99.0,3.69,197.1,10.7
2024,7,19,24.41,98.39,21.78,24.02,19.95,99.0,3.88,226.6,11.73
2024,7,20,26.94,98.05,19.86,22.54,17.67,99.0,3.71,272.4,14.89
2024,7,21,35.57,97.92,19.4,22.11,17.18,99.0,4.06,187.0,12.17
2024,7,22,16.09,98.2,20.36,22.75,18.41,98.44,3.87,257.1,12.23
2024,7,23,10.52,98.41,19.87,22.7,17.56,98.96,4.28,221.2,13.39
2024,7,24,92.6,97.5,19.51,22.06,17.42,99.0,4.16,216.0,8.66
2024,7,25,19.59,98.27,20.0,22.37,18.06,99.0,3.73,194.9,11.9
2024,7,26,80.49,97.5,18.86,21.18,16.96,99.0,3.83,204.3,8.64
2024,7,27,19.53,98.44,21.22,23.96,18.98,93.92,3.42,207.9,13.1
2024,7,28,54.68,97.68,18.0,20.69,15.8,99.0,3.63,233.8,8.72
2024,7,29,30.36,97.79,19.79,22.53,17.55,99.0,3.71,207.2,10.54
2024,7,30,49.65,97.5,19.11,21.46,17.19,99.0,3.22,259.8,8.13
2024,7,31,23.21,98.46,20.36,22.42,18.68,94.52,3.98,175.3,13.11
2024,8,1,86.04,97.64,18.83,21.68,16.49,99.0,3.23,246.6,10.46
2024,8,2,0.0,98.74,21.03,24.06,18.55,86.5,3.47,183.6,14.48
2024,8,3,72.02,97.5,20.58,22.86,18.72,98.85,3.25,184.2,10.72
2024,8,4,62.19,97.5,19.66,22.29,17.51,99.0,3.85,210.7,7.59
2024,8,5,65.13,97.5,18.8,22.29,15.95,99.0,2.74,164.1,8.01
2024,8,6,5.36,98.73,21.63,24.57,19.23,88.13,2.75,238.7,14.58
2024,8,7,0.0,99.07,21.45,24.61,18.86,86.0,2.98,188.9,15.93
2024,8,8,6.92,98.34,21.7,24.97,19.02,79.4,3.03,193.1,13.95
2024,8,9,0.0,98.73,21.36,24.07,19.14,80.13,3.16,188.0,16.08
2024,8,10,0.0,98.97,20.97,24.48,18.1,80.18,2.62,211.5,15.95
2024,8,11,20.39,98.26,19.6,22.01,17.63,89.35,3.17,159.4,15.6
2024,8,12,68.28,97.5,20.43,23.48,17.93,98.65,2.55,145.9,9.53
2024,8,13,35.25,98.19,20.74,23.77,18.26,99.0,3.06,182.3,11.91
2024,8,14,3.03,99.1,21.85,24.51,19.68,77.65,3.42,170.8,15.54
2024,8,15,13.81,98.6,21.67,24.45,19.4,90.09,3.26,160.3,14.96
2024,8,16,17.61,98.74,21.97,24.81,19.65,84.27,2.77,195.5,11.68
2024,8,17,3.31,98.86,20.55,23.18,18.4,79.91,2.63,156.4,15.42
2024,8,18,30.03,98.12,20.77,23.43,18.59,94.27,3.81,124.6,13.35
2024,8,19,59.94,97.5,18.7,21.69,16.26,95.05,3.06,244.4,10.22
2024,8,20,48.92,97.54,19.78,22.75,17.35,91.41,3.01,137.3,13.89
2024,8,21,24.49,98.35,21.32,24.26,18.91,84.94,3.11,172.5,13.78
2024,8,22,0.0,98.97,21.88,25.25,19.12,70.06,2.91,149.2,15.04
2024,8,23,0.0,99.02,23.41,26.37,20.99,75.15,2.87,79.8,17.6
2024,8,24,0.0,99.32,22.03,25.3,19.36,71.28,2.76,125.4,15.84
2024,8,25,8.78,98.91,21.4,24.62,18.77,80.51,2.71,139.0,15.46
2024,8,26,0.0,99.15,22.36,25.51,19.78,72.93,2.45,70.7,16.19
2024,8,27,96.72,97.85,19.67,22.56,17.31,92.29,2.49,108.6,12.87
2024,8,28,17.63,98.52,21.14,24.38,18.49,80.26,3.07,119.2,14.08
2024,8,29,0.0,98.94,23.17,26.3,20.61,66.13,2.78,125.1,15.42
2024,8,30,0.0,99.27,23.26,26.85,20.32,68.82,2.11,167.4,14.98
2024,8,31,0.0,99.14,22.74,26.27,19.85,69.29,2.74,122.2,16.22
2024,9,1,10.07,98.8,22.71,25.92,20.08,72.88,2.33,110.2,15.67
2024,9,2,33.3,98.23,22.87,26.02,20.29,84.7,2.04,149.4,13.2
2024,9,3,13.46,98.72,22.22,25.39,19.63,77.72,2.45,97.8,14.79
2024,9,4,3.74,98.98,22.1,25.47,19.35,66.48,1.94,169.8,15.35
2024,9,5,4.55,98.99,23.11,26.85,20.05,70.77,1.89,96.4,18.0
2024,9,6,11.74,98.76,23.09,26.89,19.98,75.75,2.69,103.9,14.28
2024,9,7,7.01,99.04,23.4,26.16,21.14,71.04,1.71,106.1,13.65
2024,9,8,0.0,99.26,23.89,27.82,20.68,62.03,2.23,127.8,16.61
2024,9,9,5.12,98.91,23.64,27.14,20.78,68.15,2.46,133.0,18.4
2024,9,10,0.0,99.31,23.57,26.74,20.98,67.14,1.79,115.6,17.47
2024,9,11,7.85,98.73,23.39,26.94,20.49,67.79,2.49,89.8,16.56
2024,9,12,0.0,99.25,23.6,26.95,20.86,61.55,2.29,70.0,17.78
2024,9,13,0.0,99.27,22.26,26.31,18.95,61.12,3.34,111.1,15.94
2024,9,14,0.0,99.16,22.22,25.67,19.4,64.19,2.07,114.8,15.71
2024,9,15,0.0,99.19,22.74,26.1,19.99,62.06,2.7,122.9,16.67
2024,9,16,0.0,99.15,24.11,28.32,20.66,60.98,1.51,59.3,17.8
2024,9,17,0.0,99.1,23.28,27.04,20.21,56.56,1.65,95.9,15.91
2024,9,18,31.44,98.42,22.48,26.0,19.6,84.53,2.36,59.2,12.86
2024,9,19,0.0,99.11,24.79,28.97,21.37,61.08,1.71,96.7,16.36
2024,9,20,0.0,99.42,24.51,28.55,21.21,64.02,1.73,75.5,17.78
2024,9,21,0.0,98.84,22.28,25.8,19.4,65.3,2.61,70.9,17.03
2024,9,22,0.0,99.2,24.36,27.83,21.52,70.91,2.14,126.1,16.68
2024,9,23,0.0,98.89,23.94,27.67,20.89,63.12,2.08,120.2,15.18
2024,9,24,0.0,99.04,23.49,27.15,20.49,62.01,1.97,93.7,15.7
2024,9,25,0.0,99.13,23.77,27.29,20.89,56.61,2.0,70.7,15.06
2024,9,26,0.0,99.48,23.82,27.53,20.78,55.17,1.19,107.0,14.7
2024,9,27,53.82,98.11,21.17,25.37,17.73,76.08,1.91,111.5,10.2
2024,9,28,0.0,99.26,24.3,28.31,21.02,60.22,1.58,85.4,17.17
2024,9,29,0.0,99.26,25.7,29.54,22.56,57.86,2.22,108.3,16.58
2024,9,30,2.83,99.37,24.82,28.46,21.85,60.82,1.57,85.9,15.78
2024,10,1,0.68,99.45,22.82,26.52,19.8,65.01,1.62,70.5,14.79
2024,10,2,0.0,99.16,24.51,28.43,21.3,62.07,1.32,93.9,15.49
2024,10,3,0.0,99.38,24.55,28.44,21.36,60.61,2.08,54.4,16.19
2024,10,4,0.0,99.09,23.69,27.43,20.63,61.23,2.38,58.9,14.76
2024,10,5,0.0,99.2,23.58,27.6,20.29,58.79,1.51,40.9,15.34
2024,10,6,1.56,99.34,25.03,28.43,22.25,60.33,1.6,129.3,15.37
2024,10,7,0.0,99.15,24.58,28.57,21.32,57.03,2.24,72.1,17.28
2024,10,8,0.0,99.21,24.21,28.09,21.03,63.17,1.84,124.3,16.55
2024,10,9,0.0,98.97,25.0,28.32,22.29,66.06,1.95,33.8,17.56
2024,10,10,0.0,99.35,26.1,29.62,23.22,65.04,2.08,158.4,14.5
2024,10,11,0.0,99.11,24.83,28.94,21.47,61.42,1.8,83.2,15.77
2024,10,12,0.0,99.12,24.89,28.72,21.75,64.17,1.76,98.2,15.34
2024,10,13,18.4,99.06,23.98,27.63,20.99,73.28,1.56,56.8,14.54
2024,10,14,0.0,99.15,24.49,28.26,21.41,62.27,1.53,87.1,16.79
2024,10,15,0.0,99.41,25.37,29.04,22.36,62.92,1.21,74.2,13.41
2024,10,16,0.0,99.47,24.7,28.46,21.62,58.4,2.0,67.5,13.88
2024,10,17,0.0,99.44,25.22,29.13,22.02,60.91,2.01,85.4,12.54
2024,10,18,58.01,97.78,23.96,28.11,20.57,82.5,2.14,47.4,10.34
2024,10,19,30.83,98.42,24.23,27.6,21.47,75.28,2.31,150.1,10.46
2024,10,20,21.71,98.56,23.22,27.17,19.98,76.26,2.07,88.9,11.26
2024,10,21,0.0,98.95,24.09,27.62,21.21,64.82,1.46,130.4,14.67
2024,10,22,0.0,99.41,25.93,29.21,23.24,55.89,1.74,179.3,12.21
2024,10,23,0.0,99.39,25.02,29.0,21.77,63.07,1.63,79.1,12.35
2024,10,24,0.0,99.36,25.32,28.74,22.52,62.28,1.65,109.2,13.12
2024,10,25,0.0,98.76,24.62,28.5,21.45,61.59,2.24,113.1,13.72
2024,10,26,0.0,99.24,25.65,29.55,22.46,58.82,2.06,65.2,13.19
2024,10,27,5.43,99.25,26.36,30.49,22.98,66.66,1.7,124.5,13.24
2024,10,28,0.0,99.51,25.41,29.34,22.19,63.62,2.32,139.2,14.79
2024,10,29,61.15,97.83,23.8,27.75,20.57,84.56,1.97,89.4,9.1
2024,10,30,22.5,98.75,25.37,29.29,22.17,78.29,1.77,114.0,10.53
2024,10,31,0.0,99.16,26.62,30.27,23.63,65.81,2.21,105.0,12.51
2024,11,1,0.0,99.35,25.01,28.97,21.77,58.44,2.57,95.9,13.83
2024,11,2,0.0,99.25,25.83,29.35,22.95,65.77,1.81,130.2,12.87
2024,11,3,0.0,99.16,26.48,29.9,23.68,60.92,1.69,81.9,14.38
2024,11,4,0.0,99.09,26.73,30.49,23.65,62.77,2.22,90.3,13.04
2024,11,5,0.0,99.13,25.4,29.34,22.18,68.07,2.11,61.1,11.36
2024,11,6,0.0,99.36,25.28,28.84,22.37,63.23,1.87,86.6,13.18
2024,11,7,0.0,99.06,25.7,29.2,22.83,66.11,1.8,126.2,12.86
2024,11,8,0.0,99.26,25.64,28.86,23.0,62.38,2.07,95.3,13.21
2024,11,9,11.23,99.27,25.28,28.68,22.5,71.73,1.56,80.4,10.37
2024,11,10,0.0,99.07,26.27,29.71,23.46,62.61,1.84,44.2,11.31
2024,11,11,0.0,99.41,25.66,29.64,22.41,61.82,1.72,52.8,14.8
2024,11,12,0.0,99.43,27.2,30.74,24.3,62.71,1.62,56.7,11.99
2024,11,13,0.0,99.29,25.88,29.67,22.78,59.01,2.05,94.9,12.5
2024,11,14,0.0,99.46,25.81,29.07,23.14,60.46,2.64,142.6,10.62
2024,11,15,65.98,97.82,23.47,27.51,20.16,85.36,1.33,108.2,8.09
2024,11,16,3.44,99.42,27.1,30.86,24.02,65.63,2.23,86.0,10.6
2024,11,17,0.0,99.18,25.52,28.86,22.79,58.57,1.92,110.0,12.9
2024,11,18,14.05,99.36,26.25,29.83,23.32,73.39,0.37,72.0,12.0
2024,11,19,0.0,99.64,27.04,30.56,24.16,65.61,1.71,6.2,12.41
2024,11,20,0.0,98.99,24.58,28.39,21.46,57.66,3.13,103.9,13.83
2024,11,21,1.13,99.58,25.72,29.38,22.72,59.29,1.03,107.3,13.09
2024,11,22,0.0,99.3,26.49,30.18,23.47,59.56,2.23,47.9,13.58
2024,11,23,0.0,99.67,28.14,31.7,25.23,62.74,1.92,81.6,12.92
2024,11,24,0.0,99.6,26.62,30.09,23.78,60.63,1.4,106.8,13.26
2024,11,25,0.0,99.23,26.6,30.64,23.29,57.86,1.91,36.6,15.82
2024,11,26,0.0,99.54,26.49,30.6,23.13,54.87,1.86,108.0,13.09
2024,11,27,18.72,98.85,25.79,29.45,22.79,62.91,1.65,96.8,10.48
2024,11,28,28.15,98.84,25.57,29.57,22.3,74.07,1.54,106.1,10.59
2024,11,29,0.0,99.46,26.73,30.36,23.76,62.59,1.49,126.5,14.57
2024,11,30,0.0,99.33,26.76,30.86,23.4,57.21,1.73,43.8,12.31
2024,12,1,0.0,99.23,26.83,30.69,23.67,58.07,1.79,89.1,11.0
2024,12,2,0.0,99.52,27.12,30.83,24.08,57.21,1.95,29.4,10.55
2024,12,3,0.0,99.56,28.11,31.75,25.13,51.76,1.5,45.8,13.68
2024,12,4,6.64,99.29,26.45,30.69,22.98,64.13,1.68,115.3,12.42
2024,12,5,14.32,99.0,26.54,30.11,23.62,61.49,1.03,81.3,13.63
2024,12,6,0.0,99.41,27.25,31.19,24.03,53.33,0.85,41.4,13.53
2024,12,7,0.0,99.31,27.67,31.11,24.85,56.64,1.33,32.3,15.53
2024,12,8,0.0,99.64,27.19,30.91,24.15,53.09,1.03,56.0,11.97
2024,12,9,0.0,99.13,29.23,32.87,26.25,51.23,1.46,33.8,14.01
2024,12,10,0.0,99.69,28.24,31.57,25.52,57.38,1.6,4.4,14.76
2024,12,11,0.0,99.51,28.56,32.42,25.4,54.83,1.46,49.5,14.02
2024,12,12,0.0,99.62,28.1,32.03,24.89,56.97,1.22,15.4,14.59
2024,12,13,0.0,99.65,28.96,32.67,25.93,53.07,1.09,36.1,14.37
2024,12,14,0.0,99.56,27.22,31.09,24.05,52.66,1.67,99.3,12.48
2024,12,15,0.0,99.47,27.68,31.66,24.42,54.48,1.8,36.3,12.75
2024,12,16,0.0,99.75,27.54,31.07,24.65,54.61,1.38,7.9,14.22
2024,12,17,0.0,99.24,28.04,32.11,24.71,51.69,1.07,66.4,16.55
2024,12,18,0.0,99.79,29.31,33.54,25.85,51.22,1.64,51.1,13.35
2024,12,19,0.0,99.36,29.78,33.93,26.39,55.77,0.88,74.7,14.86
2024,12,20,0.0,99.5,28.95,33.11,25.55,54.06,0.94,45.9,14.18
2024,12,21,0.0,99.82,28.25,32.29,24.95,53.79,1.58,46.4,14.84
2024,12,22,0.0,99.97,29.14,33.32,25.72,47.39,0.72,53.5,14.39
2024,12,23,0.0,99.6,29.43,33.81,25.85,53.55,0.84,79.2,13.37
2024,12,24,0.0,99.33,29.24,34.02,25.33,53.79,1.78,13.0,15.06
2024,12,25,0.0,99.73,28.36,32.17,25.24,51.78,0.69,73.3,14.65
2024,12,26,0.0,99.57,28.41,32.28,25.24,54.18,1.19,48.3,16.31
2024,12,27,0.0,99.39,28.06,31.89,24.92,50.6,1.97,65.1,15.04
2024,12,28,0.0,99.62,28.37,32.82,24.73,53.44,1.53,8.1,12.87
2024,12,29,0.0,99.35,28.02,32.55,24.31,48.16,0.91,20.0,15.3
2024,12,30,0.0,99.62,28.56,32.88,25.03,54.92,1.43,355.5,15.44
2024,12,31,0.0,99.42,28.61,32.35,25.55,50.18,1.45,22.8,15.0
