year,month,day,prectotcorr,ps,t2m,t2m_max,t2m_min,rh2m,ws2m,wd2m,allsky_sfc_sw_dwn
2020,1,1,0.05,99.39,26.19,28.33,24.18,76.01,1.11,68.8,17.47
2020,1,2,0.01,99.48,26.8,30.47,23.77,73.18,1.44,334.5,16.14
2020,1,3,0.0,99.43,26.8,30.66,24.01,75.41,2.26,335.9,18.79
2020,1,4,0.0,99.34,25.75,29.67,23.03,75.66,2.42,334.0,19.45
2020,1,5,0.0,99.25,25.42,29.8,21.46,73.99,1.82,323.3,20.47
2020,1,6,0.0,99.34,26.85,30.76,23.95,73.17,1.32,288.9,20.08
2020,1,7,0.0,99.35,27.36,31.72,24.29,70.15,1.4,275.3,20.5
2020,1,8,0.01,99.34,26.61,30.55,23.53,75.22,1.42,314.5,18.48
2020,1,9,0.0,99.32,26.73,30.9,23.76,76.11,1.96,330.0,18.51
2020,1,10,0.0,99.27,26.87,31.03,23.35,73.31,1.74,269.3,16.2
2020,1,11,0.0,99.34,27.05,31.7,23.33,67.6,1.36,33.1,19.1
2020,1,12,0.0,99.33,26.23,31.42,22.04,63.27,1.97,83.5,21.28
2020,1,13,0.0,99.25,25.97,30.78,21.78,66.6,1.82,323.1,19.09
2020,1,14,0.0,99.22,25.68,29.91,22.24,73.77,1.94,324.2,18.95
2020,1,15,0.0,99.22,25.92,30.28,22.51,74.15,1.89,323.1,18.57
2020,1,16,0.08,99.25,25.62,29.94,22.26,71.08,2.35,335.4,16.76
2020,1,17,0.02,99.28,25.46,29.82,22.04,70.62,2.54,333.1,19.23
2020,1,18,0.0,99.24,26.21,31.32,22.02,69.98,1.83,323.2,20.12
2020,1,19,0.03,99.26,27.25,31.69,23.37,71.8,1.59,319.6,19.55
2020,1,20,0.1,99.34,27.52,31.96,24.44,71.21,1.58,256.5,19.24
2020,1,21,0.03,99.38,27.5,32.38,23.55,65.53,1.47,15.5,18.46
2020,1,22,0.0,99.37,27.2,33.16,21.87,59.06,1.71,78.8,21.67
2020,1,23,0.0,99.32,27.38,33.37,22.77,61.69,1.74,112.8,21.87
2020,1,24,0.0,99.36,27.28,32.92,22.85,63.01,1.57,66.7,22.03
2020,1,25,0.0,99.4,26.85,32.45,21.99,58.86,1.23,252.3,20.14
2020,1,26,0.0,99.34,26.68,32.3,21.61,60.55,1.4,245.6,20.91
2020,1,27,0.0,99.35,26.91,31.56,23.16,70.36,1.63,274.6,19.21
2020,1,28,0.03,99.36,26.48,30.43,24.02,72.3,1.58,288.9,19.95
2020,1,29,0.01,99.45,26.48,31.31,23.11,70.07,1.96,319.4,21.5
2020,1,30,0.0,99.39,26.55,31.86,22.86,68.49,2.39,323.0,21.9
2020,1,31,0.0,99.26,25.95,31.01,22.29,70.89,2.35,322.6,21.67
2020,2,1,0.0,99.3,26.08,30.76,22.49,70.8,1.85,312.8,20.43
2020,2,2,0.01,99.47,26.56,30.74,23.41,69.28,1.79,313.9,17.83
2020,2,3,0.0,99.44,26.98,32.21,23.13,67.13,1.94,315.3,20.83
2020,2,4,0.0,99.3,26.87,31.53,23.15,67.08,1.89,316.1,19.54
2020,2,5,0.01,99.35,27.1,31.95,23.15,67.75,1.86,312.2,20.8
2020,2,6,0.0,99.36,27.1,31.42,23.78,67.94,2.33,321.1,19.6
2020,2,7,0.0,99.46,26.25,30.58,23.33,69.94,2.48,322.3,21.81
2020,2,8,0.0,99.52,25.14,29.68,21.63,66.47,2.19,320.8,23.49
2020,2,9,0.0,99.43,25.48,31.11,20.72,60.81,1.49,311.4,23.78
2020,2,10,0.0,99.32,27.42,32.71,23.16,61.74,1.69,303.1,22.73
2020,2,11,0.01,99.3,28.5,33.65,24.88,60.03,1.77,291.2,22.89
2020,2,12,0.0,99.48,28.1,33.71,23.8,59.08,2.01,190.2,22.43
2020,2,13,0.0,99.44,28.13,34.26,22.93,56.7,1.66,321.0,23.22
2020,2,14,0.0,99.31,28.03,33.54,23.11,58.85,1.31,289.9,22.04
2020,2,15,0.0,99.29,28.45,34.73,23.5,54.74,1.64,314.6,22.15
2020,2,16,0.0,99.33,28.02,34.11,22.7,54.22,1.56,295.4,21.98
2020,2,17,0.0,99.4,27.99,34.47,22.69,52.1,1.88,268.1,22.63
2020,2,18,0.0,99.37,27.93,34.62,22.04,51.76,1.77,218.6,22.09
2020,2,19,0.0,99.33,28.4,34.47,23.76,57.25,1.26,263.5,22.16
2020,2,20,0.0,99.27,28.75,34.74,24.22,58.17,1.43,277.5,23.21
2020,2,21,0.0,99.37,28.72,34.89,23.83,52.06,1.41,300.8,22.96
2020,2,22,0.0,99.42,28.81,35.75,22.91,47.26,1.66,34.1,24.47
2020,2,23,0.0,99.35,28.94,35.17,24.31,52.8,2.03,127.8,22.04
2020,2,24,0.0,99.19,28.79,35.03,24.03,56.27,1.82,249.5,20.69
2020,2,25,0.01,99.16,28.86,33.85,24.51,61.77,1.47,289.8,22.8
2020,2,26,0.0,99.15,29.22,34.78,24.9,60.36,1.77,280.7,22.24
2020,2,27,0.14,99.18,29.5,33.94,25.98,62.99,1.52,278.1,15.47
2020,2,28,0.24,99.08,29.68,33.53,27.0,60.84,1.63,269.4,19.26
2020,2,29,2.43,99.09,28.28,31.77,25.86,68.96,1.35,249.6,17.31
2020,3,1,3.69,99.18,28.56,32.88,25.49,68.33,1.47,268.4,21.1
2020,3,2,3.22,99.26,28.28,32.08,25.72,71.32,1.66,284.2,18.79
2020,3,3,0.37,99.31,28.43,32.76,25.48,68.58,2.45,312.0,21.5
2020,3,4,0.02,99.25,28.16,32.99,24.4,64.77,2.99,329.9,22.55
2020,3,5,0.0,99.18,27.35,31.89,24.32,67.16,2.74,314.5,22.88
2020,3,6,0.0,99.23,27.09,31.52,23.64,65.76,1.87,294.5,23.96
2020,3,7,0.0,99.33,27.51,32.06,23.48,63.81,1.77,298.1,24.18
2020,3,8,0.04,99.3,28.19,32.85,24.2,65.78,1.84,298.9,23.82
2020,3,9,0.06,99.19,28.62,33.07,25.37,67.1,2.43,311.5,23.22
2020,3,10,0.0,99.16,28.86,33.67,25.48,65.61,2.37,306.6,23.88
2020,3,11,0.0,99.23,28.38,32.79,25.49,68.16,2.26,300.9,24.59
2020,3,12,0.0,99.31,28.53,33.51,25.06,66.45,2.25,307.7,24.98
2020,3,13,0.0,99.28,28.79,34.35,24.93,64.01,3.16,323.1,24.52
2020,3,14,0.0,99.15,29.48,35.88,24.92,58.88,2.71,320.8,25.19
2020,3,15,0.0,99.09,29.65,35.82,24.95,56.92,2.28,310.5,25.14
2020,3,16,0.0,99.2,29.91,35.25,25.58,58.67,1.93,301.8,24.16
2020,3,17,0.02,99.28,30.37,36.29,25.92,57.75,1.84,274.2,25.07
2020,3,18,0.07,99.31,30.39,35.81,26.12,58.8,1.83,297.5,25.39
2020,3,19,0.12,99.26,30.23,35.37,26.26,59.6,2.07,302.4,24.9
2020,3,20,0.14,99.25,30.11,35.1,26.62,56.88,2.4,311.0,24.36
2020,3,21,0.0,99.22,29.58,35.37,24.96,51.72,2.68,325.0,25.7
2020,3,22,0.0,99.25,28.72,33.91,24.12,59.93,1.87,294.3,25.28
2020,3,23,0.05,99.13,29.76,35.61,25.65,61.11,2.0,292.5,25.17
2020,3,24,0.4,99.01,29.69,35.21,25.83,63.22,2.0,294.4,23.93
2020,3,25,0.77,99.03,29.16,33.69,26.06,66.43,1.71,289.0,20.9
2020,3,26,0.11,99.01,30.42,36.73,25.85,59.94,2.08,292.6,24.75
2020,3,27,0.09,99.22,30.12,35.21,26.43,65.01,2.04,295.8,23.62
2020,3,28,0.03,99.14,30.17,35.84,26.23,65.82,2.01,289.5,24.39
2020,3,29,0.03,99.06,30.16,35.96,25.91,64.29,1.81,263.0,23.62
2020,3,30,0.02,99.1,30.41,36.47,26.55,63.84,2.07,288.7,24.98
2020,3,31,0.02,99.14,30.65,36.99,26.09,61.3,1.97,294.6,25.97
2020,4,1,0.04,99.1,31.03,37.35,26.65,60.22,1.95,293.1,25.73
2020,4,2,0.09,99.06,30.27,35.22,26.76,65.55,2.02,262.0,25.03
2020,4,3,0.06,99.08,30.34,35.51,26.66,62.89,1.92,280.8,24.21
2020,4,4,0.08,99.17,30.45,35.67,26.95,64.5,1.85,283.0,24.89
2020,4,5,0.13,99.29,30.17,34.68,26.98,65.78,1.66,265.3,24.91
2020,4,6,0.94,99.3,29.52,33.13,26.81,68.26,1.78,283.1,22.5
2020,4,7,1.71,99.22,29.3,32.77,26.88,68.77,1.8,293.1,20.25
2020,4,8,0.78,99.23,30.09,35.31,25.86,61.93,2.08,301.3,23.96
2020,4,9,0.21,99.13,31.11,36.07,27.33,54.96,2.55,310.1,26.06
2020,4,10,1.01,99.2,30.15,34.6,26.83,60.49,1.94,230.1,25.22
2020,4,11,0.8,99.29,30.32,34.54,26.87,62.37,1.59,277.0,26.01
2020,4,12,0.81,99.25,30.45,35.1,26.8,63.71,1.52,280.5,24.55
2020,4,13,0.14,99.09,31.07,36.84,26.59,60.64,2.16,288.2,25.17
2020,4,14,0.05,99.08,31.44,37.87,26.74,57.03,2.08,283.4,25.54
2020,4,15,0.06,99.21,31.03,37.0,26.66,58.77,1.85,268.8,25.25
2020,4,16,0.98,99.16,30.09,34.81,26.63,65.58,1.98,284.8,23.93
2020,4,17,0.75,99.06,30.6,35.92,26.68,63.07,2.08,295.0,24.22
2020,4,18,1.52,99.12,30.09,34.13,27.25,67.8,1.88,289.1,23.46
2020,4,19,1.38,98.99,31.17,36.73,27.14,64.24,1.99,278.9,24.36
2020,4,20,2.6,99.03,30.5,34.63,27.53,68.79,1.71,260.2,25.5
2020,4,21,2.14,99.1,30.31,34.55,27.38,70.26,1.69,280.9,24.45
2020,4,22,1.06,99.09,29.85,33.82,27.21,70.62,1.68,271.4,24.52
2020,4,23,5.53,99.09,30.07,33.84,27.61,69.15,1.9,282.7,23.47
2020,4,24,4.18,99.08,29.2,34.02,26.78,73.15,1.93,228.4,20.19
2020,4,25,3.06,99.05,29.1,31.5,27.4,74.93,1.83,286.6,22.25
2020,4,26,1.61,99.07,29.71,33.51,27.11,73.01,1.64,289.7,22.46
2020,4,27,3.34,99.16,30.06,34.44,26.79,68.43,2.25,314.4,21.59
2020,4,28,0.19,99.06,30.23,35.64,25.91,67.43,2.5,307.7,24.5
2020,4,29,0.53,99.12,29.28,32.49,27.22,70.56,1.93,271.3,19.17
2020,4,30,0.69,99.18,29.57,33.5,27.24,69.83,1.63,272.2,24.15
2020,5,1,3.85,99.14,29.21,32.44,26.82,74.05,1.87,304.6,23.64
2020,5,2,1.82,98.98,29.72,34.69,26.55,72.99,2.17,303.7,22.31
2020,5,3,1.85,98.94,29.64,33.48,27.04,76.22,2.24,309.2,23.71
2020,5,4,4.47,99.02,30.14,34.6,27.37,74.28,2.01,316.9,21.77
2020,5,5,1.17,98.96,30.55,35.44,27.14,70.36,2.01,306.4,24.34
2020,5,6,2.28,98.96,29.57,32.97,27.36,76.07,1.51,285.2,21.9
2020,5,7,4.0,99.03,29.27,32.31,27.19,75.26,1.23,286.7,20.52
2020,5,8,7.82,99.03,28.71,31.34,27.19,79.4,1.45,260.7,15.02
2020,5,9,1.87,98.98,29.69,33.42,26.99,75.35,1.75,304.9,24.93
2020,5,10,0.46,99.01,30.05,33.78,27.58,73.0,1.84,300.5,21.57
2020,5,11,3.31,98.97,29.66,33.31,26.95,73.79,1.45,281.5,21.68
2020,5,12,5.22,98.94,29.89,33.79,27.36,75.17,1.39,271.7,22.95
2020,5,13,3.62,98.91,29.56,32.73,27.47,75.44,1.52,288.5,20.93
2020,5,14,2.27,98.83,29.91,33.96,27.29,74.19,2.01,288.9,24.79
2020,5,15,5.26,98.77,29.01,31.52,27.51,80.52,1.86,300.8,18.0
2020,5,16,3.03,98.76,28.8,31.3,27.06,82.2,2.08,300.1,19.63
2020,5,17,10.45,98.76,28.27,29.97,27.3,84.75,2.44,311.8,21.24
2020,5,18,17.13,98.77,27.62,28.78,27.01,86.65,2.95,303.4,6.56
2020,5,19,5.12,98.73,28.47,30.83,26.99,79.96,3.18,299.3,20.02
2020,5,20,4.07,98.74,28.96,32.89,26.59,75.48,1.77,272.0,21.3
2020,5,21,4.55,98.89,27.94,30.49,26.11,80.64,1.61,195.5,20.65
2020,5,22,0.54,98.93,28.65,32.35,25.89,75.11,2.05,281.0,24.21
2020,5,23,1.1,98.92,29.03,31.99,26.65,77.22,2.07,297.5,22.99
2020,5,24,2.71,99.0,28.59,31.03,26.99,79.98,2.07,292.7,24.24
2020,5,25,3.28,99.04,28.69,31.43,26.79,79.0,1.81,285.4,23.72
2020,5,26,4.4,99.05,28.72,30.84,27.07,81.24,1.79,283.6,23.02
2020,5,27,7.08,99.05,28.49,31.03,27.0,82.37,2.11,297.4,22.64
2020,5,28,1.23,98.99,28.45,31.76,26.48,75.77,2.45,319.7,22.7
2020,5,29,15.63,99.03,26.51,27.98,25.37,79.03,1.18,226.6,18.87
2020,5,30,7.98,98.92,27.76,30.93,25.1,80.76,1.75,302.0,16.28
2020,5,31,39.7,98.97,26.79,28.48,25.79,88.95,2.37,251.9,7.75
2020,6,1,30.03,99.01,26.93,28.76,25.48,87.33,2.39,189.9,13.27
2020,6,2,27.08,98.9,27.27,28.73,26.41,87.93,3.89,189.7,5.0
2020,6,3,28.85,98.91,26.94,27.92,26.2,88.58,3.34,218.5,11.35
2020,6,4,18.02,99.01,27.04,28.77,25.65,83.0,2.42,234.4,12.15
2020,6,5,3.48,99.07,27.46,29.93,25.59,80.8,2.11,232.1,18.93
2020,6,6,19.06,99.06,27.22,29.37,25.6,81.18,1.99,251.3,18.23
2020,6,7,6.44,98.99,27.41,29.95,25.58,82.2,1.87,245.1,20.05
2020,6,8,5.53,98.99,27.3,29.22,25.75,81.88,1.92,262.0,19.35
2020,6,9,8.58,98.99,27.07,29.66,25.26,83.41,1.75,286.8,15.84
2020,6,10,27.46,98.88,27.23,29.4,25.53,86.22,2.22,277.8,12.1
2020,6,11,43.41,98.72,26.24,27.67,24.82,87.94,2.63,253.9,14.52
2020,6,12,35.43,98.71,26.33,28.23,24.84,82.07,3.52,260.5,11.62
2020,6,13,11.09,98.76,26.87,29.37,24.74,81.05,2.8,241.8,11.01
2020,6,14,123.38,98.91,26.84,28.7,25.17,86.44,2.54,246.6,5.87
2020,6,15,38.43,98.77,27.23,28.85,25.93,88.57,2.61,239.7,11.99
2020,6,16,70.23,98.71,27.4,28.86,26.51,90.21,2.56,228.5,10.23
2020,6,17,63.01,98.76,26.74,27.86,25.62,92.11,2.38,215.3,8.71
2020,6,18,38.35,98.94,26.02,27.16,25.24,90.4,1.78,198.6,13.7
2020,6,19,24.4,98.99,26.62,28.51,24.93,88.93,1.6,245.4,18.38
2020,6,20,8.84,99.01,26.83,28.8,25.22,80.51,1.36,240.7,17.99
2020,6,21,20.35,98.9,26.39,28.22,24.44,89.15,2.15,250.5,14.69
2020,6,22,26.92,98.84,26.51,28.51,24.91,87.1,2.21,252.4,6.81
2020,6,23,1.64,98.9,26.25,28.49,24.34,83.92,1.39,206.5,20.37
2020,6,24,4.03,98.91,26.34,28.64,24.28,85.32,1.63,218.0,19.5
2020,6,25,7.17,98.76,26.33,28.32,25.13,84.36,1.96,235.1,20.06
2020,6,26,24.03,98.74,25.67,27.46,24.42,87.49,1.75,225.3,16.41
2020,6,27,26.59,98.79,26.3,28.09,24.83,88.03,2.3,247.5,15.14
2020,6,28,43.82,98.81,26.68,28.33,25.49,88.15,2.56,281.5,12.88
2020,6,29,44.99,98.72,26.69,28.13,25.48,90.27,2.52,284.3,6.82
2020,6,30,17.49,98.74,25.67,27.98,23.96,87.86,2.42,280.3,15.57
2020,7,1,33.14,98.86,25.98,27.97,24.6,87.5,1.79,237.6,14.87
2020,7,2,65.7,98.92,25.46,26.86,24.45,89.71,2.56,258.8,6.15
2020,7,3,127.66,98.87,26.05,27.3,24.72,89.26,3.18,267.4,9.17
2020,7,4,59.57,98.82,26.28,27.53,25.31,90.06,3.09,250.5,4.6
2020,7,5,31.65,98.82,26.12,27.03,24.96,89.71,2.36,246.6,18.24
2020,7,6,21.96,98.78,26.78,28.21,25.52,88.5,3.08,259.8,19.59
2020,7,7,49.41,98.89,25.93,27.66,24.05,89.41,2.91,239.1,14.2
2020,7,8,55.09,98.97,26.05,27.56,24.89,88.44,2.25,264.6,10.24
2020,7,9,54.05,98.89,25.59,27.27,24.51,91.51,2.44,270.7,8.54
2020,7,10,7.65,98.99,25.22,27.14,23.97,89.88,1.97,252.9,12.31
2020,7,11,38.83,98.96,25.62,27.47,24.29,87.38,1.77,254.6,16.69
2020,7,12,25.54,98.91,24.9,26.67,23.74,89.49,2.17,293.9,21.42
2020,7,13,22.27,98.84,24.94,26.7,23.5,90.17,2.23,290.8,13.25
2020,7,14,28.43,98.84,25.79,27.22,24.84,90.31,2.71,283.7,8.23
2020,7,15,53.69,98.82,25.41,26.52,24.62,90.08,2.44,275.6,5.08
2020,7,16,51.48,98.71,25.93,27.58,24.74,89.72,2.37,251.1,12.54
2020,7,17,83.06,98.7,25.9,27.59,24.85,89.64,2.43,245.5,3.39
2020,7,18,33.63,98.79,25.79,27.6,24.63,90.71,2.43,248.9,10.38
2020,7,19,46.7,98.89,25.35,26.68,24.32,90.62,1.95,291.0,21.05
2020,7,20,20.45,98.72,25.37,26.92,24.15,91.22,1.85,274.7,21.64
2020,7,21,10.57,98.74,25.91,28.44,24.23,86.32,1.17,223.8,21.19
2020,7,22,6.52,98.78,26.37,28.84,24.58,87.59,1.29,234.8,23.07
2020,7,23,33.45,98.74,26.14,28.27,24.83,90.44,1.57,300.9,18.67
2020,7,24,18.42,98.85,25.8,28.16,24.16,89.14,2.02,160.1,19.58
2020,7,25,23.55,98.85,25.39,26.85,23.91,90.23,2.56,192.5,15.72
2020,7,26,9.78,99.15,25.26,26.9,23.98,88.71,1.98,209.6,19.98
2020,7,27,15.43,99.08,25.62,27.59,24.06,87.96,1.42,276.2,22.66
2020,7,28,30.26,98.9,25.81,27.58,24.48,89.64,2.08,283.4,20.96
2020,7,29,33.22,98.78,25.52,26.89,24.7,91.83,2.84,277.1,11.16
2020,7,30,35.63,98.78,25.6,26.76,24.66,92.01,2.67,271.3,16.08
2020,7,31,36.59,98.79,25.61,27.11,24.53,91.57,2.17,288.1,16.2
2020,8,1,42.41,98.85,25.35,26.69,24.45,90.85,2.4,245.4,7.8
2020,8,2,111.63,98.83,25.57,26.64,24.67,92.46,3.04,270.2,5.24
2020,8,3,55.92,98.75,25.8,26.77,24.55,91.64,3.35,249.0,12.88
2020,8,4,73.23,98.68,25.56,26.27,25.06,91.7,3.96,254.9,11.7
2020,8,5,81.78,98.52,25.67,26.59,24.78,91.31,4.67,251.2,7.03
2020,8,6,60.41,98.6,26.46,27.59,25.77,91.89,3.93,252.7,15.23
2020,8,7,93.67,98.91,26.16,26.95,25.19,92.61,3.25,244.6,13.37
2020,8,8,55.47,99.0,25.3,26.55,24.52,90.6,3.22,270.1,4.1
2020,8,9,121.96,98.93,25.41,26.39,24.71,93.19,2.59,268.4,3.29
2020,8,10,76.51,98.88,25.49,26.41,24.68,94.38,2.78,263.3,6.54
2020,8,11,25.15,99.07,25.5,26.75,24.58,91.93,2.2,262.6,13.09
2020,8,12,20.1,99.14,25.5,26.81,24.64,91.96,2.21,274.1,18.29
2020,8,13,10.82,98.99,25.6,27.3,24.56,91.17,2.15,269.0,17.43
2020,8,14,12.38,98.86,25.64,27.29,24.39,89.74,2.09,245.4,17.52
2020,8,15,13.63,98.9,25.88,27.54,24.53,89.27,2.37,243.0,14.47
2020,8,16,36.37,98.93,25.9,27.67,24.8,89.93,2.15,256.3,8.23
2020,8,17,38.4,98.87,25.98,27.68,24.77,89.73,2.4,269.7,16.59
2020,8,18,31.67,98.93,25.96,27.82,24.68,90.33,2.06,267.7,16.62
2020,8,19,10.96,98.86,25.79,27.54,24.38,90.14,2.13,277.9,20.18
2020,8,20,14.2,98.85,26.01,28.0,24.69,89.68,2.14,271.9,18.16
2020,8,21,21.9,98.99,26.09,27.79,24.83,90.29,1.71,254.1,19.73
2020,8,22,18.34,99.08,26.2,28.21,24.85,90.11,1.56,254.7,17.6
2020,8,23,9.2,99.04,26.18,28.18,24.68,89.28,1.52,257.5,22.05
2020,8,24,3.25,99.06,26.2,28.34,24.62,87.51,1.77,262.2,22.26
2020,8,25,1.13,99.15,26.22,29.01,24.37,85.37,1.88,297.4,19.85
2020,8,26,0.76,99.16,25.93,28.36,23.96,85.03,1.81,305.5,19.72
2020,8,27,2.67,99.08,25.92,28.5,24.23,84.73,1.89,299.3,18.94
2020,8,28,4.78,98.99,25.68,27.79,24.07,85.88,1.47,271.7,22.48
2020,8,29,10.71,98.97,26.05,28.43,24.22,87.57,1.67,254.3,18.5
2020,8,30,9.18,99.0,26.18,28.0,25.08,89.06,1.64,273.7,21.83
2020,8,31,15.92,99.05,26.07,28.12,24.69,88.75,1.51,300.9,19.12
2020,9,1,30.1,99.01,25.85,27.18,24.76,92.33,2.07,293.6,17.39
2020,9,2,25.82,98.9,26.02,27.93,24.98,91.63,2.38,310.3,14.51
2020,9,3,47.49,98.85,25.57,27.08,24.53,89.27,1.61,280.8,21.6
2020,9,4,6.5,98.82,26.13,29.0,24.18,87.85,1.16,255.0,24.64
2020,9,5,27.04,98.73,26.18,27.79,25.0,91.13,1.51,272.5,21.94
2020,9,6,14.73,98.71,26.41,28.59,24.65,88.88,2.1,165.7,21.8
2020,9,7,18.84,98.83,25.99,28.0,24.45,89.38,1.87,176.5,10.47
2020,9,8,14.39,98.88,26.46,28.6,24.66,89.01,2.32,172.2,20.78
2020,9,9,31.79,98.8,26.15,28.14,24.75,89.97,2.28,182.4,17.95
2020,9,10,88.53,98.63,25.8,27.31,24.55,91.36,2.43,229.7,8.36
2020,9,11,91.61,98.78,25.66,26.84,24.96,89.09,2.85,236.7,4.32
2020,9,12,27.92,99.06,24.98,26.38,23.73,88.86,2.19,221.2,4.22
2020,9,13,37.87,99.13,24.69,26.42,23.38,88.94,1.62,227.1,8.21
2020,9,14,13.72,99.03,25.09,27.3,23.37,88.15,1.57,233.9,20.15
2020,9,15,49.1,98.97,25.39,27.33,23.77,89.88,1.67,269.5,17.06
2020,9,16,33.38,98.99,26.04,27.92,24.8,88.75,2.05,271.3,14.55
2020,9,17,35.69,99.03,25.95,27.75,24.64,90.07,2.02,272.5,12.68
2020,9,18,36.35,98.97,25.58,27.13,24.62,89.87,2.67,276.8,10.6
2020,9,19,83.76,98.77,25.37,26.79,24.08,91.8,2.7,270.1,4.48
2020,9,20,84.42,98.75,25.25,26.4,24.45,91.14,3.17,266.0,7.58
2020,9,21,35.46,98.8,24.61,25.51,24.08,86.86,3.48,253.8,9.55
2020,9,22,6.49,98.89,25.27,27.04,23.9,85.75,2.62,264.5,17.18
2020,9,23,3.89,98.96,25.46,27.66,23.45,88.61,1.96,245.7,22.04
2020,9,24,8.29,99.14,25.26,26.97,23.83,88.18,1.22,220.5,18.54
2020,9,25,5.37,99.09,25.37,27.75,23.5,89.24,1.59,217.7,20.99
2020,9,26,7.81,99.1,24.83,26.07,24.16,90.69,1.57,212.6,10.93
2020,9,27,0.62,99.15,25.46,27.9,23.8,84.24,1.07,284.4,17.03
2020,9,28,3.98,99.12,25.47,28.01,23.32,85.65,1.8,306.2,21.0
2020,9,29,7.17,99.01,25.69,27.62,24.27,87.85,2.44,289.0,20.29
2020,9,30,2.57,98.97,25.29,27.02,24.13,87.86,2.13,291.1,21.01
2020,10,1,1.68,99.02,25.25,27.41,23.62,86.25,1.49,296.3,21.64
2020,10,2,3.76,99.03,25.42,28.09,23.48,84.13,1.6,284.5,23.69
2020,10,3,5.42,99.1,25.07,26.64,24.03,88.98,1.68,266.5,21.08
2020,10,4,1.56,99.2,25.1,27.05,23.83,87.7,1.88,277.2,19.8
2020,10,5,1.05,99.12,25.24,27.31,23.75,86.03,1.86,308.6,19.48
2020,10,6,3.26,99.03,25.83,28.38,23.8,86.61,2.03,290.3,20.76
2020,10,7,4.26,99.04,26.41,28.7,24.87,88.08,2.18,288.0,19.37
2020,10,8,5.39,98.97,26.63,29.34,24.96,88.15,1.65,294.5,19.04
2020,10,9,27.58,98.98,26.27,28.57,25.02,88.51,1.57,280.7,18.54
2020,10,10,27.62,99.01,25.79,27.62,24.6,87.67,1.38,266.7,13.7
2020,10,11,9.78,98.88,25.44,27.18,24.29,86.45,1.77,255.7,13.45
2020,10,12,49.8,98.66,25.37,26.67,24.42,91.36,2.81,270.7,8.25
2020,10,13,99.18,98.66,25.08,26.33,24.08,88.78,3.06,258.8,4.99
2020,10,14,54.43,98.72,25.52,26.65,24.6,89.5,3.27,257.0,9.75
2020,10,15,59.63,98.71,25.68,27.38,24.61,87.86,2.66,240.8,12.38
2020,10,16,10.87,98.76,25.64,27.83,24.21,86.2,1.98,231.4,20.82
2020,10,17,7.4,98.88,25.51,27.52,23.78,85.79,1.51,215.5,20.69
2020,10,18,3.49,98.96,25.59,27.75,24.09,84.03,1.01,230.5,21.07
2020,10,19,7.32,98.95,25.47,27.69,24.1,85.47,1.36,272.4,21.62
2020,10,20,6.69,98.91,25.51,27.45,24.12,88.7,2.01,294.2,16.01
2020,10,21,42.66,98.97,25.44,27.17,24.49,90.12,1.67,281.5,16.08
2020,10,22,27.5,98.95,25.21,27.58,23.85,88.8,1.36,269.5,14.34
2020,10,23,5.64,98.96,25.47,27.58,23.95,89.83,1.93,214.8,7.06
2020,10,24,5.98,99.07,25.56,27.36,24.32,89.03,2.11,210.4,17.47
2020,10,25,2.97,99.21,25.11,27.7,23.25,84.01,1.62,188.7,21.36
2020,10,26,0.35,99.18,25.92,29.22,23.37,82.48,1.12,256.5,21.86
2020,10,27,0.53,99.11,26.52,29.78,23.78,83.64,1.37,300.8,20.1
2020,10,28,0.9,99.16,26.58,29.99,23.54,81.03,0.99,340.6,20.43
2020,10,29,0.44,99.19,26.01,29.72,22.13,78.64,1.32,49.7,20.44
2020,10,30,0.34,99.15,26.42,29.92,23.07,78.85,1.13,3.9,19.96
2020,10,31,1.42,99.14,26.47,29.87,23.27,79.24,1.02,301.4,19.43
2020,11,1,1.54,99.24,26.37,29.63,23.83,81.91,1.04,220.5,16.88
2020,11,2,1.41,99.29,26.67,29.69,24.22,81.38,0.98,305.9,16.92
2020,11,3,0.67,99.25,26.46,29.22,24.25,84.42,0.98,226.1,15.55
2020,11,4,1.17,99.22,26.42,28.64,24.68,86.17,1.0,236.7,12.77
2020,11,5,8.24,99.24,25.65,27.67,24.11,85.07,0.93,33.3,17.33
2020,11,6,5.52,99.31,27.04,30.23,24.33,81.14,1.23,139.5,16.62
2020,11,7,1.11,99.35,27.1,29.99,24.2,81.41,0.95,19.5,18.35
2020,11,8,0.07,99.37,27.27,30.07,25.08,82.8,1.38,58.2,18.38
2020,11,9,0.02,99.28,26.78,29.97,24.33,80.04,1.49,23.8,20.08
2020,11,10,0.0,99.11,25.33,29.48,21.33,73.01,1.75,53.6,21.07
2020,11,11,0.0,99.16,24.68,29.44,20.2,70.91,1.73,56.4,22.37
2020,11,12,0.33,99.12,26.62,31.17,22.03,81.67,1.05,31.4,19.98
2020,11,13,2.62,99.13,27.08,30.24,24.67,83.24,1.22,164.1,19.76
2020,11,14,2.57,99.05,26.78,29.53,24.63,82.71,1.04,84.6,20.55
2020,11,15,1.63,98.98,27.41,31.07,24.11,80.04,1.53,55.5,20.35
2020,11,16,3.39,99.05,27.17,29.76,24.99,82.71,1.4,129.9,13.05
2020,11,17,2.74,99.02,26.5,29.28,24.13,84.16,1.71,130.9,16.03
2020,11,18,1.27,99.07,26.86,30.09,23.94,79.18,1.04,160.8,15.81
2020,11,19,0.81,99.11,26.28,28.84,23.97,84.26,1.35,189.8,17.9
2020,11,20,1.81,99.2,26.93,29.96,24.28,78.8,0.98,193.5,18.39
2020,11,21,0.47,99.27,26.09,29.89,22.61,73.49,0.85,56.5,20.91
2020,11,22,0.0,99.33,25.24,29.49,20.84,67.39,1.02,88.2,21.22
2020,11,23,0.0,99.34,25.13,29.61,20.2,64.79,0.93,80.7,16.44
2020,11,24,0.01,99.21,25.91,29.55,22.22,75.08,1.09,20.9,18.71
2020,11,25,0.0,99.06,26.69,30.19,23.5,76.52,1.48,29.1,19.46
2020,11,26,0.13,99.03,26.27,29.08,23.4,78.59,1.44,14.6,15.63
2020,11,27,0.2,99.16,25.55,29.29,21.91,77.01,1.76,29.0,20.08
2020,11,28,0.49,99.26,25.72,28.92,22.32,79.16,1.75,124.4,20.04
2020,11,29,0.09,99.31,26.85,30.02,23.76,75.49,1.03,117.2,18.33
2020,11,30,0.05,99.32,26.89,30.37,23.81,75.8,1.18,58.0,19.33
2020,12,1,0.02,99.34,26.08,29.98,22.5,73.81,1.4,59.4,20.74
2020,12,2,0.0,99.25,25.0,29.55,20.19,72.86,1.52,48.9,20.44
2020,12,3,0.02,99.13,26.02,30.19,21.99,75.55,1.55,37.1,14.36
2020,12,4,0.44,98.99,26.85,29.98,23.9,79.28,1.24,23.7,17.94
2020,12,5,0.03,99.04,26.92,30.48,23.31,77.63,1.26,49.3,19.28
2020,12,6,0.2,99.12,27.28,30.74,23.9,76.47,1.07,65.4,20.24
2020,12,7,2.13,99.25,27.16,30.22,24.53,79.37,1.07,121.0,17.31
2020,12,8,13.96,99.33,26.88,29.95,24.23,81.02,1.65,146.9,19.02
2020,12,9,9.57,99.27,26.61,29.54,24.14,81.7,1.38,177.4,19.92
2020,12,10,1.35,99.29,26.17,27.85,24.48,79.88,1.14,104.0,16.2
2020,12,11,4.25,99.32,25.5,27.95,22.83,82.36,0.88,213.6,17.32
2020,12,12,1.6,99.28,25.74,29.15,22.34,76.42,1.16,169.8,13.79
2020,12,13,0.04,99.2,25.73,28.72,22.98,79.15,0.86,178.5,15.57
2020,12,14,0.03,99.19,25.86,28.84,23.07,77.99,0.85,205.9,17.41
2020,12,15,0.0,99.3,25.84,29.29,22.6,71.41,0.97,99.1,18.35
2020,12,16,0.0,99.33,25.92,29.62,21.72,72.16,1.38,74.4,17.8
2020,12,17,0.05,99.32,26.53,29.69,23.37,74.18,1.27,68.8,17.02
2020,12,18,0.04,99.29,26.45,29.93,23.37,71.91,1.32,75.1,16.38
2020,12,19,0.0,99.33,25.94,30.19,22.12,73.28,1.55,74.1,19.68
2020,12,20,0.0,99.38,25.51,29.53,22.36,71.12,1.87,79.2,18.48
2020,12,21,0.0,99.29,24.37,28.72,20.39,67.4,1.94,77.5,18.55
2020,12,22,0.01,99.24,25.16,29.12,20.7,66.84,1.36,111.8,18.36
2020,12,23,0.72,99.17,26.23,29.41,23.11,70.56,0.93,196.8,17.41
2020,12,24,0.27,99.08,26.46,29.67,23.74,77.71,0.95,295.1,16.23
2020,12,25,0.23,99.12,26.72,29.7,24.25,77.35,1.08,269.4,16.35
2020,12,26,0.1,99.23,26.54,30.22,23.37,72.73,1.29,116.4,17.21
2020,12,27,0.0,99.22,25.57,30.28,21.34,68.06,1.37,46.1,19.51
2020,12,28,0.0,99.18,25.21,30.16,20.33,68.6,1.4,85.3,19.5
2020,12,29,0.0,99.13,25.76,30.33,21.02,64.71,1.26,13.3,17.08
2020,12,30,0.18,99.08,26.77,31.19,22.68,73.02,1.58,131.3,17.65
2020,12,31,0.27,99.12,27.55,31.4,24.38,73.32,1.03,137.0,16.92
2021,1,1,0.06,99.22,25.75,28.55,23.0,68.35,1.21,74.6,19.12
2021,1,2,0.0,99.22,25.7,30.65,21.19,64.86,1.53,85.2,19.46
2021,1,3,0.14,99.1,27.06,31.24,23.59,69.96,1.4,187.1,19.7
2021,1,4,0.75,99.1,26.88,30.37,24.17,74.36,0.94,252.2,11.55
2021,1,5,1.09,99.17,25.67,27.96,23.83,79.44,1.25,35.9,18.36
2021,1,6,17.95,99.16,26.02,28.97,24.12,82.1,1.45,231.8,15.02
2021,1,7,26.93,98.99,25.72,27.51,24.39,86.64,1.13,295.6,19.24
2021,1,8,7.26,98.95,25.25,26.19,24.23,87.86,1.17,188.2,6.09
2021,1,9,3.76,98.98,25.75,28.3,23.82,82.82,0.94,218.6,15.67
2021,1,10,22.24,99.09,26.11,29.14,23.83,84.4,1.05,229.2,18.49
2021,1,11,0.47,99.17,26.88,30.1,23.99,76.54,1.04,224.2,14.11
2021,1,12,0.03,99.18,26.4,29.48,23.55,70.94,0.83,88.5,14.61
2021,1,13,0.01,99.14,26.05,29.79,22.96,67.15,1.29,74.4,13.71
2021,1,14,0.01,99.09,26.7,30.86,22.35,68.27,1.34,110.7,18.46
2021,1,15,0.03,99.09,27.28,30.67,24.19,69.0,1.18,146.1,16.02
2021,1,16,0.09,99.03,26.96,30.39,24.35,73.66,1.09,243.2,18.75
2021,1,17,0.03,99.09,26.93,30.58,23.9,76.34,0.99,243.7,19.7
2021,1,18,0.04,99.18,27.08,31.46,23.48,71.26,1.32,203.3,19.07
2021,1,19,0.02,99.23,26.48,30.74,22.85,71.31,1.43,184.8,19.99
2021,1,20,0.0,99.29,26.23,31.0,21.94,66.78,1.15,303.2,19.85
2021,1,21,0.0,99.24,26.01,31.5,20.73,63.59,1.52,335.8,19.8
2021,1,22,0.0,99.18,26.28,31.31,22.35,67.45,1.69,333.7,20.77
2021,1,23,0.0,99.19,26.66,31.66,22.06,69.84,1.34,318.3,18.26
2021,1,24,0.02,99.26,27.07,31.84,22.96,67.32,1.15,337.2,18.93
2021,1,25,0.0,99.32,26.08,31.74,20.73,63.06,1.53,80.6,19.73
2021,1,26,0.0,99.27,25.99,31.96,20.57,59.43,1.23,311.0,22.33
2021,1,27,0.0,99.31,25.98,30.93,21.73,63.44,1.29,294.9,21.31
2021,1,28,0.0,99.31,26.06,31.27,21.49,61.2,1.37,353.5,21.04
2021,1,29,0.0,99.37,26.02,31.35,21.56,65.88,1.56,343.8,19.72
2021,1,30,0.0,99.28,26.6,31.78,21.91,66.19,1.32,319.6,19.8
2021,1,31,0.0,99.28,27.25,31.83,23.42,65.32,1.09,327.2,19.17
2021,2,1,0.01,99.39,26.69,32.32,22.67,59.05,1.79,70.6,20.28
2021,2,2,0.0,99.42,26.04,32.05,21.12,60.05,1.79,69.2,22.36
2021,2,3,0.0,99.36,26.53,32.32,21.39,64.98,1.95,138.4,20.62
2021,2,4,0.04,99.37,27.29,31.98,23.73,67.58,1.39,265.9,20.41
2021,2,5,0.02,99.31,26.79,31.24,23.59,70.22,1.57,323.9,20.42
2021,2,6,0.0,99.2,26.53,32.09,21.75,64.18,1.54,329.6,22.7
2021,2,7,0.0,99.25,26.24,32.1,21.36,54.24,1.54,60.1,22.22
2021,2,8,0.0,99.29,25.64,32.41,19.41,56.04,1.67,70.4,23.48
2021,2,9,0.0,99.26,25.8,32.07,20.41,56.33,1.62,71.5,22.98
2021,2,10,0.0,99.2,25.77,32.26,19.75,54.8,1.6,91.8,23.65
2021,2,11,0.0,99.15,25.77,32.14,19.72,56.63,1.34,220.3,22.25
2021,2,12,0.0,99.23,26.45,31.91,21.42,60.93,1.33,244.4,22.7
2021,2,13,0.0,99.34,26.6,31.26,22.79,66.63,1.49,234.6,21.58
2021,2,14,0.0,99.37,26.67,31.47,22.61,65.85,1.3,269.6,21.71
2021,2,15,0.07,99.26,26.88,31.38,23.33,69.1,1.49,292.8,22.04
2021,2,16,0.07,99.23,26.73,31.55,22.98,70.66,1.84,300.4,21.04
2021,2,17,0.13,99.17,27.05,31.54,23.98,70.9,2.13,309.7,21.64
2021,2,18,4.75,99.26,26.76,30.96,24.01,72.44,1.6,294.8,20.22
2021,2,19,4.52,99.31,25.39,28.42,23.4,73.89,0.76,19.7,19.89
2021,2,20,2.61,99.21,26.5,31.71,22.13,64.89,2.12,104.0,22.05
2021,2,21,1.54,99.34,26.39,30.56,22.95,65.48,1.69,93.6,19.31
2021,2,22,2.02,99.39,27.19,32.34,22.53,59.98,1.55,321.3,16.99
2021,2,23,1.0,99.26,27.66,33.01,22.9,66.15,1.55,246.1,23.93
2021,2,24,0.47,99.19,27.81,32.87,23.62,66.29,1.55,266.4,23.58
2021,2,25,0.3,99.22,28.22,33.54,23.96,66.72,1.83,309.4,22.39
2021,2,26,0.0,99.11,28.3,33.77,24.3,66.46,2.43,327.9,23.12
2021,2,27,0.0,99.0,28.47,34.21,23.89,63.34,1.99,317.5,23.27
2021,2,28,0.0,99.01,28.53,34.08,24.26,64.38,1.65,245.2,22.09
2021,3,1,0.0,99.32,28.55,33.85,24.62,63.62,1.4,238.2,22.4
2021,3,2,0.0,99.31,28.7,34.38,23.97,62.39,1.54,298.6,22.89
2021,3,3,0.0,99.15,28.85,35.11,24.16,59.11,1.24,272.9,23.69
2021,3,4,0.0,99.18,28.75,34.91,23.87,53.02,1.59,200.3,24.61
2021,3,5,0.0,99.35,28.68,34.71,23.97,55.32,1.47,252.9,24.6
2021,3,6,0.0,99.37,28.79,34.22,25.44,64.91,2.03,301.3,24.92
2021,3,7,0.01,99.21,28.97,34.86,23.92,61.09,1.61,300.2,24.87
2021,3,8,0.11,99.23,29.07,34.97,24.76,61.35,1.62,250.7,24.06
2021,3,9,0.15,99.28,29.37,35.53,24.78,58.34,1.51,254.8,23.92
2021,3,10,0.34,99.3,28.8,33.57,25.01,64.59,1.48,279.4,24.54
2021,3,11,1.97,99.35,27.51,30.69,25.05,71.61,1.03,239.8,17.24
2021,3,12,0.1,99.37,28.29,32.21,25.17,66.54,1.08,277.1,23.34
2021,3,13,0.01,99.31,28.98,34.49,24.35,59.51,1.55,287.1,24.84
2021,3,14,0.01,99.17,29.15,34.99,24.52,60.7,1.74,265.5,25.42
2021,3,15,0.01,99.13,29.46,34.57,25.73,62.86,1.53,275.9,24.59
2021,3,16,0.02,99.13,29.44,34.91,25.06,60.05,1.74,287.2,21.71
2021,3,17,0.05,99.03,29.66,35.32,25.46,57.92,1.59,279.5,24.19
2021,3,18,0.06,99.07,29.8,35.19,25.79,60.35,1.77,290.1,21.46
2021,3,19,0.06,99.04,29.85,34.84,26.27,60.51,1.92,306.0,22.73
2021,3,20,0.04,98.97,29.67,34.74,25.79,58.47,1.95,294.6,22.62
2021,3,21,0.11,98.95,29.5,34.5,25.73,63.33,1.58,280.9,23.34
2021,3,22,0.28,99.05,30.04,35.47,25.88,60.58,1.85,297.2,23.48
2021,3,23,0.26,99.09,30.26,35.75,26.29,62.99,1.74,290.1,24.21
2021,3,24,0.5,99.11,29.91,34.58,26.66,62.44,1.54,283.2,22.47
2021,3,25,0.52,99.1,29.39,33.04,26.99,67.37,1.34,257.6,20.29
2021,3,26,0.3,98.97,30.69,36.13,27.01,61.48,1.37,267.0,24.03
2021,3,27,0.69,98.95,30.79,36.65,26.73,61.55,1.6,245.7,23.81
2021,3,28,0.76,98.96,30.2,34.9,27.25,65.18,1.56,270.4,19.49
2021,3,29,1.59,98.97,30.02,35.05,26.72,65.13,1.72,262.4,20.48
2021,3,30,2.3,98.93,29.13,32.78,26.35,71.57,1.94,284.2,22.41
2021,3,31,0.39,98.83,29.41,33.49,27.0,70.77,2.1,302.8,21.01
2021,4,1,0.01,98.85,29.0,33.97,25.92,66.94,2.47,305.6,25.04
2021,4,2,0.0,98.89,28.74,33.88,24.67,63.65,2.33,311.9,25.87
2021,4,3,0.0,99.0,28.07,32.67,24.87,66.74,2.26,296.5,24.2
2021,4,4,0.0,99.08,28.82,34.4,24.37,62.43,2.65,311.2,24.04
2021,4,5,0.15,99.0,30.04,36.12,25.42,63.21,2.89,314.0,24.26
2021,4,6,0.26,99.01,30.3,36.14,25.94,64.48,2.1,287.5,22.36
2021,4,7,0.16,99.12,30.54,36.5,26.55,64.58,1.87,282.2,23.02
2021,4,8,0.1,99.01,29.96,35.08,26.58,63.68,2.01,286.7,18.3
2021,4,9,0.07,98.91,30.26,36.0,26.1,60.66,2.01,296.8,23.75
2021,4,10,0.14,99.01,30.34,35.47,26.43,62.56,1.81,289.1,23.03
2021,4,11,7.45,99.18,29.62,33.59,27.12,66.84,1.57,267.8,23.47
2021,4,12,19.84,99.24,28.96,32.88,26.72,74.27,1.42,276.0,22.66
2021,4,13,11.69,99.22,28.53,32.7,25.89,75.28,1.19,240.5,21.3
2021,4,14,8.01,99.17,28.18,31.3,25.99,76.0,1.15,280.7,24.56
2021,4,15,6.01,99.17,28.06,31.64,25.26,75.79,1.46,281.7,21.41
2021,4,16,2.08,99.11,28.48,32.7,25.26,74.74,1.63,296.6,25.42
2021,4,17,1.71,99.15,28.63,31.98,26.23,76.04,1.32,287.0,23.71
2021,4,18,4.82,99.27,28.79,32.74,26.6,74.83,1.39,251.6,23.38
2021,4,19,3.38,99.15,28.5,31.71,26.22,74.74,1.38,272.1,23.33
2021,4,20,2.28,99.04,28.6,32.67,25.82,74.66,1.67,277.9,11.48
2021,4,21,8.05,99.17,28.27,31.57,26.36,76.21,1.49,298.9,20.86
2021,4,22,0.58,99.15,28.55,32.43,25.72,74.27,1.61,307.9,18.57
2021,4,23,2.82,99.16,28.09,31.24,26.29,77.1,1.29,283.8,20.9
2021,4,24,1.23,99.06,28.92,33.48,25.61,73.2,1.69,303.8,23.72
2021,4,25,1.14,99.01,29.2,32.74,26.27,73.36,1.53,292.6,22.57
2021,4,26,0.65,98.97,30.14,34.9,26.73,69.97,1.75,295.5,23.72
2021,4,27,0.36,99.05,29.01,32.48,26.57,74.55,1.45,292.9,19.41
2021,4,28,0.5,99.14,28.95,32.04,26.91,75.83,1.45,290.4,22.2
2021,4,29,0.77,99.07,29.45,33.02,26.79,72.33,1.77,299.8,23.5
2021,4,30,1.09,98.92,29.96,34.51,26.4,69.11,1.6,292.6,23.68
2021,5,1,3.33,98.9,29.87,34.15,26.73,72.22,1.45,285.2,22.05
2021,5,2,5.53,98.97,29.01,31.72,27.31,76.92,1.04,284.5,22.53
2021,5,3,5.0,98.88,29.63,33.63,26.61,72.48,1.42,280.4,21.1
2021,5,4,5.64,98.88,28.75,32.27,26.34,78.55,1.23,285.7,12.29
2021,5,5,5.7,98.89,29.04,31.92,27.19,80.31,1.28,262.5,23.16
2021,5,6,4.52,98.96,28.59,31.57,26.8,82.13,1.55,237.4,19.05
2021,5,7,6.23,99.02,29.0,32.19,26.99,78.66,1.12,263.9,12.92
2021,5,8,3.86,98.94,28.98,32.3,26.92,77.85,1.12,249.6,23.06
2021,5,9,2.28,98.9,28.63,30.96,27.13,79.1,1.2,258.6,19.67
2021,5,10,2.05,98.87,28.87,32.17,27.01,78.55,1.43,281.8,17.34
2021,5,11,10.78,98.89,28.29,30.28,27.07,84.7,1.18,271.7,14.23
2021,5,12,7.86,98.81,28.04,29.5,27.01,85.93,1.29,295.9,16.94
2021,5,13,10.14,98.76,28.03,30.1,26.66,84.42,1.7,239.3,17.63
2021,5,14,63.23,98.47,27.36,30.41,25.64,84.65,3.73,141.4,10.69
2021,5,15,44.05,98.12,26.57,28.41,24.89,89.56,5.62,163.1,8.46
2021,5,16,45.38,98.49,27.45,29.29,26.45,87.06,4.19,208.8,14.4
2021,5,17,14.89,98.81,27.35,28.79,26.36,87.92,2.87,190.3,10.7
2021,5,18,18.79,98.85,27.48,29.38,26.29,88.2,2.68,190.5,11.89
2021,5,19,8.99,98.87,27.32,29.14,26.18,87.47,1.98,206.8,11.88
2021,5,20,15.17,98.96,26.88,28.78,25.66,86.01,1.71,201.5,13.5
2021,5,21,7.2,99.01,26.62,28.54,25.08,86.2,1.66,188.6,13.47
2021,5,22,6.99,98.99,26.56,28.22,25.12,86.7,1.13,217.4,17.72
2021,5,23,7.94,99.03,27.12,29.35,25.66,82.12,1.38,296.9,21.11
2021,5,24,3.65,99.08,27.32,29.71,25.54,81.51,1.76,302.0,24.45
2021,5,25,14.65,98.96,26.97,28.97,25.68,87.69,2.39,279.0,17.8
2021,5,26,12.8,98.99,26.4,28.25,24.57,84.71,2.63,254.7,20.63
2021,5,27,2.24,98.99,27.41,29.8,25.69,80.15,2.56,281.2,23.95
2021,5,28,13.05,99.03,27.23,29.52,25.42,84.95,1.66,268.8,19.96
2021,5,29,16.25,99.1,27.34,29.85,25.48,82.59,1.94,258.1,11.47
2021,5,30,6.42,99.08,26.32,28.52,24.8,84.47,1.61,251.0,20.91
2021,5,31,10.65,98.85,26.72,28.92,25.27,87.73,2.65,224.9,22.54
2021,6,1,19.65,98.79,27.44,29.49,26.0,89.14,2.3,225.3,15.15
2021,6,2,14.07,98.83,27.21,28.8,26.01,87.33,1.47,232.4,22.15
2021,6,3,16.0,98.92,27.87,30.4,26.21,84.87,1.26,263.0,18.87
2021,6,4,29.69,99.03,26.97,28.33,25.58,88.82,1.53,254.2,6.87
2021,6,5,39.99,99.04,26.56,29.18,24.82,81.53,1.7,208.1,10.05
2021,6,6,30.5,99.04,26.53,29.56,23.88,79.72,1.14,220.0,21.44
2021,6,7,3.62,99.1,26.7,29.3,24.85,82.51,1.21,286.4,24.54
2021,6,8,5.86,99.06,26.91,29.3,25.1,84.58,1.89,288.3,22.58
2021,6,9,15.84,98.97,27.2,29.26,25.62,85.27,2.55,280.7,20.24
2021,6,10,11.86,98.87,27.05,28.99,25.57,84.68,2.72,273.9,17.73
2021,6,11,10.71,98.94,27.08,28.91,25.65,85.41,2.24,263.8,17.18
2021,6,12,60.2,99.01,26.18,27.9,24.62,85.17,1.93,293.0,7.8
2021,6,13,29.74,98.95,26.1,28.36,24.09,83.71,2.14,282.4,4.85
2021,6,14,71.16,98.84,26.47,27.98,25.07,87.34,3.91,247.5,4.7
2021,6,15,81.6,98.8,26.5,27.92,25.13,89.34,3.39,256.8,13.4
2021,6,16,42.9,98.91,26.74,27.56,26.14,90.46,3.18,249.8,13.97
2021,6,17,33.33,98.99,27.04,28.65,26.19,88.3,3.2,249.1,19.47
2021,6,18,21.6,99.11,26.64,27.76,25.68,86.88,3.14,247.8,17.12
2021,6,19,42.43,99.22,26.69,28.22,25.9,87.72,2.97,248.5,14.22
2021,6,20,35.57,99.21,26.44,27.79,25.58,88.69,2.55,272.6,10.89
2021,6,21,21.26,99.12,26.48,28.14,25.41,89.2,2.44,285.9,11.25
2021,6,22,8.31,99.04,26.59,28.41,25.37,88.9,2.35,297.9,15.88
2021,6,23,5.17,99.03,26.74,28.7,25.25,86.84,2.29,297.4,19.25
2021,6,24,4.58,99.1,26.65,28.75,25.23,85.44,2.36,283.8,22.83
2021,6,25,3.04,99.01,26.33,27.88,25.07,86.29,2.28,288.5,22.6
2021,6,26,18.48,98.98,26.45,28.26,25.06,86.74,2.62,291.0,13.68
2021,6,27,3.79,99.11,25.26,28.24,23.29,82.16,1.91,327.0,14.38
2021,6,28,1.68,99.01,25.09,27.87,23.06,82.35,1.55,279.4,21.52
2021,6,29,1.6,98.93,26.43,29.32,24.29,82.95,1.53,286.6,24.2
2021,6,30,0.84,98.94,26.78,29.67,24.81,84.64,1.53,296.6,23.85
2021,7,1,12.63,98.84,26.79,28.73,25.49,89.09,2.31,293.7,15.6
2021,7,2,10.14,98.91,26.52,27.93,25.62,88.34,1.72,264.9,14.72
2021,7,3,9.33,98.99,26.21,28.09,24.87,88.91,1.76,280.3,10.5
2021,7,4,11.02,98.98,26.13,28.61,24.57,88.65,1.71,302.8,19.03
2021,7,5,6.06,98.93,25.81,27.63,24.57,83.42,2.17,307.1,14.14
2021,7,6,11.78,98.76,26.51,28.5,24.95,84.36,2.47,297.1,21.03
2021,7,7,34.63,98.76,25.74,26.55,25.1,91.4,2.56,280.1,13.96
2021,7,8,29.68,98.86,26.1,27.99,24.73,88.01,2.12,289.6,13.73
2021,7,9,65.88,98.68,25.15,26.36,24.08,92.47,2.74,299.8,8.81
2021,7,10,52.03,98.73,24.87,26.7,23.46,86.72,2.63,277.1,7.98
2021,7,11,57.27,98.73,24.9,26.35,23.4,89.27,2.72,280.0,9.95
2021,7,12,56.58,98.71,25.72,27.25,24.47,90.48,2.9,267.5,10.04
2021,7,13,48.9,98.75,25.9,26.98,25.06,90.88,3.13,264.3,13.53
2021,7,14,56.84,98.82,25.92,26.98,25.25,90.94,3.01,273.2,8.49
2021,7,15,83.07,98.77,25.85,26.85,25.16,92.2,3.16,263.7,4.07
2021,7,16,97.16,98.96,25.86,27.0,25.08,91.12,3.02,270.3,7.95
2021,7,17,57.58,99.01,25.96,27.35,24.6,89.86,3.0,287.5,10.22
2021,7,18,82.04,98.93,25.63,26.1,25.09,92.8,3.43,287.8,3.4
2021,7,19,28.01,98.97,25.85,27.07,24.89,90.94,3.04,286.9,19.0
2021,7,20,17.02,99.19,25.86,27.35,24.51,89.81,2.89,276.4,21.1
2021,7,21,30.77,99.12,25.87,27.43,24.94,91.72,2.74,279.4,11.34
2021,7,22,41.33,98.9,25.2,25.82,24.71,93.44,3.0,271.7,8.67
2021,7,23,40.26,98.79,25.63,27.03,24.61,92.07,3.01,269.9,15.88
2021,7,24,41.25,98.87,25.82,27.24,24.9,92.89,2.61,274.6,18.93
2021,7,25,39.99,99.04,25.74,26.86,24.86,92.45,2.75,263.3,20.85
2021,7,26,19.92,99.06,25.56,26.91,24.64,91.66,2.16,271.1,13.13
2021,7,27,11.48,98.98,25.77,27.52,24.3,90.61,2.12,261.6,21.52
2021,7,28,6.45,99.05,25.8,27.48,24.51,89.77,2.2,254.6,21.59
2021,7,29,9.38,99.1,25.86,27.87,24.3,88.96,2.6,271.7,22.06
2021,7,30,16.76,99.17,25.85,27.55,24.6,89.55,2.74,273.9,23.63
2021,7,31,15.98,99.21,25.91,27.54,24.67,89.18,2.71,283.6,23.08
2021,8,1,8.42,99.13,25.91,27.84,24.63,87.28,2.64,285.3,23.22
2021,8,2,12.13,99.15,25.85,28.09,24.07,86.42,2.54,275.1,22.71
2021,8,3,27.21,99.26,25.89,27.88,24.38,88.78,2.38,273.0,14.82
2021,8,4,20.6,99.31,25.97,27.77,24.78,89.77,2.56,273.6,15.53
2021,8,5,17.28,99.13,26.18,28.02,24.98,89.32,2.81,278.0,17.39
2021,8,6,19.85,99.03,26.18,28.08,24.7,89.38,2.61,277.9,18.95
2021,8,7,22.84,99.05,26.23,27.85,25.08,90.93,2.75,274.1,8.57
2021,8,8,11.85,99.07,25.8,27.79,24.54,90.84,1.9,264.3,16.2
2021,8,9,6.75,99.1,25.67,27.73,24.48,91.73,1.94,247.2,18.6
2021,8,10,22.64,99.08,25.39,27.0,24.51,92.36,2.09,273.4,14.99
2021,8,11,15.08,99.07,25.43,27.34,24.21,91.09,2.12,278.6,12.6
2021,8,12,18.42,99.18,25.13,26.26,24.47,92.45,1.93,288.1,15.66
2021,8,13,9.26,99.06,25.67,27.67,24.34,90.75,2.57,299.3,18.27
2021,8,14,7.35,98.98,25.49,27.2,24.24,89.88,2.37,286.8,17.41
2021,8,15,5.63,98.99,25.55,27.13,24.44,89.61,2.21,283.9,14.9
2021,8,16,12.15,99.05,25.69,27.24,24.62,90.37,2.11,283.7,15.41
2021,8,17,5.12,99.07,25.93,28.27,24.17,88.44,1.4,269.9,12.82
2021,8,18,19.29,99.02,24.62,26.8,23.15,89.05,1.8,199.5,15.47
2021,8,19,6.16,98.99,24.66,27.13,22.65,85.69,1.56,214.9,15.67
2021,8,20,0.78,99.0,25.39,27.78,23.67,84.85,1.16,295.6,17.88
2021,8,21,8.03,99.09,25.4,28.01,23.13,83.98,1.02,329.5,19.01
2021,8,22,1.83,99.04,25.58,28.79,22.99,82.54,1.17,307.1,20.27
2021,8,23,3.82,99.05,25.78,28.18,24.22,86.27,1.19,241.5,23.04
2021,8,24,7.42,99.06,25.67,27.86,24.1,85.7,1.48,211.0,23.48
2021,8,25,7.65,98.93,26.01,28.42,24.19,87.55,1.73,203.6,21.24
2021,8,26,12.49,98.8,26.19,28.45,24.57,86.58,1.51,229.8,18.7
2021,8,27,35.33,98.78,26.02,27.56,25.05,90.66,2.46,279.3,14.9
2021,8,28,34.45,98.75,25.53,26.36,24.79,91.12,2.38,283.3,12.19
2021,8,29,38.9,98.76,25.09,26.12,24.22,92.11,1.93,279.5,10.75
2021,8,30,22.21,98.79,25.66,27.82,23.84,89.12,2.13,286.1,20.14
2021,8,31,5.39,98.85,26.0,28.11,24.28,87.4,1.49,291.4,20.38
2021,9,1,10.63,99.01,26.25,28.45,24.49,87.04,2.14,274.6,20.68
2021,9,2,23.16,98.99,25.96,27.96,24.77,89.57,2.08,280.0,14.63
2021,9,3,37.46,98.97,25.41,27.11,24.32,89.86,1.56,262.4,15.33
2021,9,4,34.61,98.99,25.75,27.6,24.5,89.55,2.31,279.8,11.08
2021,9,5,43.1,99.0,25.41,26.88,24.4,91.37,2.57,281.2,11.92
2021,9,6,26.43,98.99,25.01,26.14,24.3,91.99,1.94,245.7,10.14
2021,9,7,32.03,98.93,25.49,26.77,24.47,91.88,2.34,264.3,9.31
2021,9,8,29.21,99.04,25.67,27.41,24.47,90.39,2.51,245.6,21.61
2021,9,9,10.54,99.15,25.62,27.7,24.18,89.7,2.17,261.9,23.91
2021,9,10,8.38,99.14,25.63,27.95,24.03,88.61,2.26,279.7,23.27
2021,9,11,20.71,99.03,25.79,27.69,24.47,89.3,2.28,253.1,18.86
2021,9,12,33.89,98.93,25.96,27.48,24.86,90.47,2.88,256.2,21.46
2021,9,13,27.34,98.86,25.83,27.09,24.97,91.72,3.08,264.8,16.91
2021,9,14,13.02,98.89,25.92,27.56,24.8,90.54,2.37,262.1,17.51
2021,9,15,9.47,98.98,25.9,27.96,24.48,89.62,1.98,247.6,20.71
2021,9,16,4.8,98.97,25.95,27.92,24.64,88.44,2.09,270.5,19.9
2021,9,17,1.49,98.93,25.98,28.12,24.59,87.15,1.54,289.1,22.72
2021,9,18,1.08,99.04,26.17,28.97,24.11,84.96,1.46,312.3,22.47
2021,9,19,0.81,99.18,26.27,29.28,24.01,85.33,1.68,316.8,22.36
2021,9,20,0.43,99.12,26.12,28.45,24.14,87.75,1.95,316.2,22.04
2021,9,21,6.95,99.06,26.04,28.37,24.64,87.9,2.11,307.4,22.57
2021,9,22,7.25,98.89,25.88,28.08,24.15,88.88,2.39,310.9,19.1
2021,9,23,8.43,98.92,26.14,28.37,24.51,88.75,2.04,300.3,18.94
2021,9,24,2.72,98.97,26.32,28.66,24.72,87.46,2.11,303.8,21.44
2021,9,25,2.04,98.95,26.18,28.59,24.51,87.23,1.74,294.3,22.88
2021,9,26,3.46,98.79,25.92,28.03,24.48,86.67,1.79,290.1,17.81
2021,9,27,14.53,98.72,25.85,27.76,24.58,88.19,2.4,281.4,15.72
2021,9,28,16.82,98.86,25.93,27.6,24.8,88.64,2.39,249.8,19.61
2021,9,29,17.89,99.01,25.7,27.57,24.43,88.86,1.54,203.8,21.67
2021,9,30,8.77,99.08,26.12,28.7,24.34,88.51,1.41,238.7,19.06
2021,10,1,10.99,99.0,26.4,29.04,24.59,88.13,1.81,303.9,22.54
2021,10,2,37.38,98.88,26.2,27.76,25.17,91.2,2.3,296.2,21.24
2021,10,3,16.31,98.9,26.72,29.58,24.86,88.77,1.42,260.9,20.32
2021,10,4,5.42,98.85,26.99,29.67,25.36,87.05,1.48,266.3,19.92
2021,10,5,16.7,98.82,26.93,29.55,25.27,86.18,1.21,263.2,21.51
2021,10,6,23.36,98.78,25.82,27.62,24.76,90.88,1.99,268.9,11.58
2021,10,7,3.42,98.83,26.1,28.51,24.05,86.38,1.25,228.7,20.0
2021,10,8,6.68,98.93,26.61,28.66,25.15,87.84,1.6,203.2,18.27
2021,10,9,12.43,99.05,26.61,28.56,25.32,87.67,1.45,211.7,13.25
2021,10,10,18.3,99.04,25.88,27.45,24.87,88.84,1.38,235.7,16.47
2021,10,11,25.65,98.91,25.96,28.12,24.78,85.86,1.26,250.1,14.25
2021,10,12,66.72,98.91,25.87,27.4,24.58,89.45,2.21,226.8,9.65
2021,10,13,13.82,98.83,26.03,27.75,24.97,88.78,2.14,183.2,10.02
2021,10,14,6.52,98.7,26.37,28.61,24.59,89.7,1.83,169.6,18.75
2021,10,15,9.22,98.46,26.24,27.43,25.35,90.36,1.14,189.8,19.77
2021,10,16,37.53,98.4,26.4,28.11,25.23,90.88,1.9,309.8,15.62
2021,10,17,15.77,98.7,26.13,27.17,25.15,90.68,1.74,266.7,10.23
2021,10,18,3.16,98.98,26.14,27.8,25.03,87.52,1.86,291.5,15.03
2021,10,19,0.34,99.2,26.18,28.63,24.34,82.62,1.96,322.2,20.81
2021,10,20,14.26,99.29,26.24,29.15,23.83,86.0,2.09,314.9,19.01
2021,10,21,22.95,99.3,26.24,28.3,24.99,86.05,1.12,267.9,11.11
2021,10,22,21.84,99.3,26.6,28.9,24.93,86.83,0.98,270.4,21.3
2021,10,23,10.47,99.41,25.91,27.14,24.81,89.2,1.29,244.2,6.39
2021,10,24,6.25,99.44,25.85,28.28,24.29,82.98,1.21,296.9,18.23
2021,10,25,5.75,99.21,25.93,28.79,23.43,85.35,1.69,320.1,21.17
2021,10,26,4.06,99.07,26.44,28.81,24.7,86.15,1.04,351.8,11.31
2021,10,27,5.38,99.1,26.74,29.91,24.5,82.49,1.02,238.2,17.66
2021,10,28,1.56,99.12,26.74,29.48,24.27,80.52,0.78,269.3,18.58
2021,10,29,2.45,99.23,26.3,28.6,24.06,83.44,1.04,208.3,19.12
2021,10,30,9.08,99.26,27.06,29.99,24.57,83.14,0.98,238.1,17.07
2021,10,31,2.16,99.25,26.63,28.99,24.76,85.25,0.98,258.7,17.26
2021,11,1,21.24,99.12,27.0,29.36,25.19,83.8,0.99,273.7,16.96
2021,11,2,9.96,99.05,26.62,29.32,24.8,83.53,0.82,138.1,19.4
2021,11,3,16.13,99.08,25.92,28.12,24.37,88.77,1.57,173.0,17.16
2021,11,4,18.66,99.1,25.81,27.67,24.32,89.44,1.16,205.2,17.9
2021,11,5,40.24,99.1,25.79,27.31,24.67,90.5,2.19,182.1,11.33
2021,11,6,12.13,99.05,25.88,28.55,23.73,84.62,1.65,157.2,17.54
2021,11,7,1.75,99.04,25.71,27.15,24.13,85.72,0.97,152.9,20.07
2021,11,8,1.37,99.16,25.32,26.77,24.32,81.27,0.67,11.8,15.09
2021,11,9,1.49,99.16,25.97,28.87,23.96,82.6,0.91,287.7,13.87
2021,11,10,0.41,99.1,25.63,27.23,24.18,85.28,0.99,271.1,14.09
2021,11,11,0.89,98.93,25.63,27.25,24.24,77.34,0.82,353.4,14.39
2021,11,12,4.03,98.86,24.23,25.62,22.65,85.64,1.39,324.4,9.88
2021,11,13,4.03,98.88,25.39,27.73,23.65,89.28,1.58,184.8,12.33
2021,11,14,28.02,98.85,26.18,28.06,24.7,90.63,1.57,212.1,5.34
2021,11,15,33.29,98.63,25.89,26.71,25.27,94.21,2.83,216.3,8.56
2021,11,16,26.37,98.78,25.34,26.06,24.64,92.14,1.69,189.9,9.01
2021,11,17,7.29,99.0,25.94,27.83,24.47,89.91,2.18,174.0,16.91
2021,11,18,12.88,98.96,26.31,28.27,25.04,85.46,1.04,255.9,14.46
2021,11,19,22.93,98.68,25.45,26.72,24.01,88.72,1.98,314.6,12.04
2021,11,20,21.31,98.68,25.71,26.91,24.69,92.57,2.82,256.5,12.8
2021,11,21,5.16,99.03,25.39,27.24,24.35,90.31,1.58,203.5,10.61
2021,11,22,6.5,99.16,25.97,28.47,24.11,86.98,1.32,299.3,15.48
2021,11,23,2.58,99.1,26.61,29.23,24.58,87.88,1.48,310.8,19.11
2021,11,24,3.64,99.06,26.95,29.47,24.78,85.91,1.06,309.1,18.8
2021,11,25,1.42,99.09,26.79,29.94,24.21,82.76,0.97,139.5,15.75
2021,11,26,0.17,99.13,26.78,30.07,23.9,79.4,0.88,340.1,16.8
2021,11,27,0.51,99.14,26.27,29.15,23.57,80.63,0.99,58.6,19.55
2021,11,28,1.61,99.13,26.08,29.3,23.65,78.77,1.24,59.4,15.41
2021,11,29,2.46,99.13,25.88,28.57,23.64,79.47,1.19,97.1,16.55
2021,11,30,4.6,99.17,25.84,28.98,22.75,82.86,1.52,135.8,14.28
2021,12,1,4.38,99.16,26.1,28.75,23.88,85.34,1.64,178.4,19.34
2021,12,2,1.49,99.16,26.34,28.49,24.96,85.72,1.55,183.6,17.03
2021,12,3,0.4,99.25,26.1,28.45,24.73,83.63,1.04,185.9,18.82
2021,12,4,0.2,99.29,26.11,28.45,24.52,81.4,0.76,224.7,19.24
2021,12,5,0.06,99.3,26.1,28.83,23.78,81.73,1.18,322.7,20.22
2021,12,6,0.0,99.25,25.61,28.99,23.0,81.64,2.16,334.9,20.84
2021,12,7,0.01,99.22,25.71,29.22,22.42,78.08,1.65,338.1,18.79
2021,12,8,0.14,99.24,26.47,29.85,23.17,73.6,1.05,115.2,18.14
2021,12,9,3.68,99.33,26.48,29.76,23.4,77.52,1.08,344.0,19.31
2021,12,10,1.36,99.34,26.22,29.6,23.17,79.29,1.41,83.4,17.28
2021,12,11,0.87,99.34,26.22,30.03,22.4,77.28,1.17,100.4,20.54
2021,12,12,0.18,99.34,26.38,29.79,23.34,77.67,1.17,95.6,20.26
2021,12,13,0.05,99.25,26.46,29.74,23.46,77.08,1.39,61.8,19.65
2021,12,14,0.09,99.2,26.26,28.92,23.97,76.29,1.3,99.7,18.13
2021,12,15,0.18,99.28,25.19,27.41,23.23,78.14,1.35,75.8,18.06
2021,12,16,0.11,99.36,25.68,29.45,22.48,75.95,1.43,79.0,18.81
2021,12,17,0.01,99.41,25.78,29.53,22.08,75.25,1.29,52.1,17.96
2021,12,18,0.0,99.36,24.69,28.39,21.71,74.87,1.68,65.3,17.29
2021,12,19,0.0,99.44,23.79,28.88,19.57,74.05,1.86,66.7,17.82
2021,12,20,0.0,99.45,23.63,28.47,18.83,70.81,1.56,81.0,19.44
2021,12,21,0.0,99.54,24.17,28.14,20.05,71.44,1.19,16.8,19.68
2021,12,22,0.0,99.4,25.0,28.49,21.59,75.93,1.03,293.0,18.22
2021,12,23,0.0,99.35,25.19,28.23,22.39,76.93,0.99,311.7,16.94
2021,12,24,0.0,99.37,25.07,28.58,21.66,78.26,1.21,316.8,16.93
2021,12,25,0.0,99.38,25.6,29.2,21.95,77.53,1.55,341.7,17.85
2021,12,26,0.0,99.48,25.1,29.07,21.1,76.89,1.17,330.2,17.85
2021,12,27,0.0,99.51,25.02,28.65,21.39,75.44,1.09,150.6,17.84
2021,12,28,0.0,99.46,24.95,28.49,21.09,70.45,1.09,125.1,18.82
2021,12,29,0.0,99.37,25.1,28.94,21.27,70.25,0.97,65.4,18.49
2021,12,30,0.0,99.42,25.19,29.45,20.81,72.65,1.51,104.7,19.8
2021,12,31,0.02,99.46,26.03,29.95,22.28,76.41,1.34,80.7,19.99
2022,1,1,0.07,99.5,26.58,30.18,23.4,75.9,1.54,55.7,19.75
2022,1,2,0.03,99.38,26.55,30.08,23.23,74.09,1.19,78.5,20.51
2022,1,3,0.01,99.38,26.16,29.9,22.82,71.52,1.19,66.3,20.42
2022,1,4,0.0,99.4,25.44,29.66,21.24,70.28,1.26,79.0,20.25
2022,1,5,0.0,99.45,25.06,28.65,21.21,72.7,0.81,359.9,18.8
2022,1,6,0.0,99.35,25.37,29.19,21.64,71.81,1.2,322.4,18.58
2022,1,7,0.0,99.38,25.48,28.65,22.69,75.55,1.09,309.2,18.09
2022,1,8,0.01,99.42,25.46,28.86,22.75,77.94,1.48,330.8,18.83
2022,1,9,0.0,99.31,25.08,28.58,22.34,78.14,1.74,332.0,19.29
2022,1,10,0.0,99.3,24.88,28.46,21.81,78.53,1.69,334.4,18.99
2022,1,11,0.0,99.34,24.87,28.78,22.05,78.28,2.22,336.7,19.64
2022,1,12,0.0,99.35,23.91,27.42,21.33,79.38,2.03,328.4,20.27
2022,1,13,0.0,99.33,23.45,26.87,20.37,76.99,1.41,313.0,21.58
2022,1,14,0.0,99.3,24.02,27.63,20.95,74.18,1.49,319.0,20.86
2022,1,15,0.0,99.32,24.71,28.89,21.13,74.13,1.71,339.3,21.7
2022,1,16,0.0,99.35,25.9,30.31,21.73,72.51,1.45,341.4,20.23
2022,1,17,0.11,99.5,26.22,29.57,23.47,73.46,1.06,348.8,18.63
2022,1,18,0.03,99.43,26.31,30.27,22.39,70.95,1.6,27.5,20.67
2022,1,19,0.0,99.32,25.62,30.31,21.42,70.06,1.45,29.1,20.9
2022,1,20,0.0,99.23,24.82,29.96,20.19,69.61,1.72,331.9,20.04
2022,1,21,0.0,99.27,25.14,30.2,21.14,71.0,1.82,314.2,20.94
2022,1,22,0.0,99.2,25.09,28.97,22.4,76.18,1.83,310.4,20.42
2022,1,23,0.0,99.2,24.15,28.18,21.1,75.64,1.91,316.3,21.27
2022,1,24,0.01,99.15,23.99,28.06,21.07,71.59,2.05,318.1,20.39
2022,1,25,0.0,99.15,23.34,27.76,19.71,66.97,1.69,320.5,21.12
2022,1,26,0.01,99.15,24.0,28.53,20.35,73.02,2.05,319.0,19.64
2022,1,27,0.02,99.07,25.78,29.9,21.71,74.45,1.51,326.6,20.35
2022,1,28,0.02,99.14,26.91,31.42,23.37,69.11,1.46,108.8,20.42
2022,1,29,0.0,99.29,26.52,31.57,21.93,66.75,1.71,36.3,21.6
2022,1,30,0.0,99.24,26.84,31.37,23.26,72.34,1.44,312.7,21.13
2022,1,31,0.0,99.17,26.94,31.74,23.25,72.29,1.48,312.8,20.97
2022,2,1,0.0,99.1,27.05,32.27,22.99,70.78,1.54,299.3,21.14
2022,2,2,0.0,99.22,26.72,31.35,23.16,71.84,1.68,300.9,20.33
2022,2,3,0.0,99.25,26.15,30.61,23.26,72.44,1.84,308.0,21.25
2022,2,4,0.0,99.17,24.93,29.26,21.99,69.43,1.84,309.8,22.61
2022,2,5,0.0,99.17,24.81,29.65,20.49,66.1,1.6,296.3,23.25
2022,2,6,0.0,99.39,25.29,29.82,21.56,72.79,1.73,293.5,20.9
2022,2,7,0.0,99.41,26.21,31.02,22.59,72.54,2.11,310.3,22.07
2022,2,8,0.0,99.3,26.38,31.02,23.19,72.15,2.27,318.3,20.38
2022,2,9,0.0,99.21,26.53,31.57,22.64,70.95,2.24,316.3,20.13
2022,2,10,0.0,99.17,26.99,31.97,23.01,66.34,2.06,322.2,20.45
2022,2,11,0.0,99.09,27.3,33.45,21.97,55.55,1.49,62.7,21.46
2022,2,12,0.0,99.11,27.23,32.76,22.36,60.18,1.33,246.8,22.82
2022,2,13,0.01,99.01,27.21,32.32,23.01,64.51,1.33,245.2,22.18
2022,2,14,0.04,99.04,27.15,31.9,23.18,65.79,1.3,274.2,21.17
2022,2,15,0.02,99.08,26.85,31.34,23.17,66.42,1.46,285.8,19.98
2022,2,16,0.02,98.94,26.7,31.76,22.61,65.27,1.78,302.7,19.02
2022,2,17,0.1,98.85,26.76,30.28,23.8,64.31,1.45,330.8,20.35
2022,2,18,0.07,98.94,27.65,32.02,24.22,63.91,1.56,290.5,20.57
2022,2,19,0.0,99.16,27.86,33.15,24.15,61.86,1.48,283.8,22.03
2022,2,20,0.0,99.17,27.46,32.68,23.47,65.7,1.57,267.3,22.16
2022,2,21,0.0,99.11,27.46,32.9,23.43,65.07,1.89,305.3,23.68
2022,2,22,0.0,99.18,27.37,32.86,23.15,65.45,2.1,303.3,23.0
2022,2,23,0.0,99.34,28.04,33.25,24.04,63.11,1.7,263.9,20.93
2022,2,24,0.01,99.46,27.76,33.37,23.61,63.64,1.47,284.8,22.91
2022,2,25,0.01,99.34,28.34,33.94,24.13,62.51,1.32,316.7,24.14
2022,2,26,0.0,99.32,27.46,34.0,22.12,50.93,1.66,266.8,23.12
2022,2,27,0.0,99.35,27.19,33.1,21.89,57.63,1.66,296.8,23.69
2022,2,28,0.01,99.31,27.79,33.68,22.73,56.17,1.75,304.4,23.58
2022,3,1,0.01,99.3,28.16,33.69,23.38,58.15,1.48,286.0,23.11
2022,3,2,0.01,99.24,28.55,34.47,23.76,50.99,1.38,264.3,23.0
2022,3,3,0.0,99.17,28.5,35.05,22.63,45.52,1.55,27.5,25.92
2022,3,4,0.0,99.17,28.66,35.33,22.86,46.55,1.57,345.6,25.41
2022,3,5,0.0,99.14,28.59,35.16,22.84,48.8,1.55,270.7,23.39
2022,3,6,0.01,99.09,28.9,34.78,23.96,53.1,1.37,302.4,24.16
2022,3,7,0.01,99.08,29.18,34.67,24.38,53.77,1.47,256.2,23.29
2022,3,8,0.02,99.15,29.09,34.16,25.46,61.46,1.75,251.8,22.08
2022,3,9,0.06,99.1,29.13,34.02,25.47,64.44,1.58,285.1,21.33
2022,3,10,0.04,99.06,29.32,34.93,25.24,60.4,1.72,285.0,22.0
2022,3,11,0.02,99.01,29.75,35.24,25.33,56.29,1.6,304.7,23.17
2022,3,12,0.02,98.96,29.1,34.18,25.49,52.84,1.36,325.0,22.17
2022,3,13,0.02,98.96,29.67,35.96,24.1,51.04,1.31,353.9,23.37
2022,3,14,0.02,99.04,29.43,34.72,24.87,54.59,1.56,283.8,21.76
2022,3,15,0.03,98.99,29.54,35.3,25.32,61.23,1.56,275.5,21.42
2022,3,16,0.02,98.91,29.68,35.29,25.74,62.29,1.58,291.7,21.63
2022,3,17,0.19,98.91,29.45,35.15,25.03,64.29,1.62,270.4,21.1
2022,3,18,0.9,98.91,29.37,33.98,26.24,66.32,1.61,260.6,19.65
2022,3,19,1.18,98.94,28.61,32.47,25.98,68.38,1.81,246.0,19.71
2022,3,20,1.36,98.94,28.05,31.96,25.44,69.95,1.68,245.5,18.71
2022,3,21,2.31,99.01,28.23,32.48,25.19,68.27,1.73,262.1,21.41
2022,3,22,6.78,98.99,27.94,31.75,25.52,75.33,1.88,275.1,18.3
2022,3,23,2.79,98.89,28.84,32.8,26.23,74.48,1.76,267.8,20.16
2022,3,24,7.44,98.98,27.33,30.52,25.43,78.17,1.46,257.2,16.46
2022,3,25,0.93,99.02,28.16,32.35,25.22,74.44,1.67,277.4,14.81
2022,3,26,0.77,99.19,28.53,32.66,25.77,74.65,2.06,292.1,21.49
2022,3,27,0.37,99.2,29.07,33.58,26.08,73.56,2.22,297.3,20.27
2022,3,28,0.15,99.15,29.49,34.57,26.03,71.79,2.27,296.6,22.25
2022,3,29,0.14,99.06,29.3,33.83,26.29,71.78,1.76,284.9,22.83
2022,3,30,0.17,99.03,29.26,33.7,26.22,71.56,1.52,266.2,22.83
2022,3,31,0.19,99.07,28.93,32.82,26.28,73.01,1.56,273.3,21.15
2022,4,1,2.19,99.07,28.88,33.05,26.42,73.06,1.54,268.7,19.72
2022,4,2,5.53,99.16,28.56,32.79,25.88,72.78,1.26,257.9,20.01
2022,4,3,1.32,99.06,29.11,34.71,25.32,69.95,1.64,281.5,21.12
2022,4,4,0.74,99.09,29.83,35.46,26.35,68.25,1.88,286.3,23.24
2022,4,5,3.37,99.28,29.47,33.65,26.61,69.64,1.85,292.9,21.77
2022,4,6,1.88,99.3,29.09,34.13,26.2,71.01,1.92,285.9,20.96
2022,4,7,0.45,99.18,28.65,32.83,25.8,75.04,1.86,293.3,22.01
2022,4,8,1.15,99.08,28.79,33.17,25.77,73.99,1.43,274.8,21.59
2022,4,9,5.84,99.04,27.83,30.73,26.27,81.02,1.44,281.2,18.0
2022,4,10,1.62,99.01,27.85,31.02,25.92,80.05,1.94,290.5,20.02
2022,4,11,0.91,98.91,28.49,32.41,26.14,76.79,1.75,301.5,21.07
2022,4,12,1.35,98.85,28.16,31.16,26.55,80.53,1.46,276.1,13.83
2022,4,13,5.05,98.82,27.87,30.53,26.36,81.54,1.53,268.1,14.0
2022,4,14,3.9,98.91,28.03,31.86,25.95,73.0,1.07,226.0,9.17
2022,4,15,0.3,98.9,28.42,32.98,24.58,70.11,1.18,291.0,23.18
2022,4,16,0.84,98.85,28.74,32.85,26.05,74.07,1.46,261.3,25.75
2022,4,17,4.03,98.92,28.8,32.8,26.16,72.75,1.36,265.9,26.06
2022,4,18,4.47,99.08,28.68,32.19,26.3,74.2,1.53,270.7,24.59
2022,4,19,5.82,99.22,27.98,30.1,26.27,79.28,2.39,332.5,18.92
2022,4,20,0.11,98.97,28.88,33.27,25.65,74.44,1.67,312.9,24.88
2022,4,21,1.73,98.85,28.88,31.94,26.81,76.86,1.2,288.7,24.18
2022,4,22,2.56,98.93,29.06,33.01,26.67,75.23,1.29,271.4,24.64
2022,4,23,2.39,99.03,27.94,29.83,26.68,81.03,1.06,201.4,16.25
2022,4,24,1.51,98.93,28.62,31.7,26.29,78.05,1.5,300.8,24.15
2022,4,25,1.68,98.89,28.47,31.0,26.81,80.22,1.06,274.9,24.05
2022,4,26,1.09,98.89,29.11,33.12,26.46,73.98,1.68,302.6,23.48
2022,4,27,0.72,98.85,30.04,34.5,27.0,71.09,1.38,284.3,24.66
2022,4,28,1.53,98.98,28.9,31.18,27.55,78.67,1.06,286.8,23.4
2022,4,29,2.06,98.99,28.8,31.77,26.84,79.24,1.83,311.7,19.37
2022,4,30,0.81,98.93,29.13,32.58,26.72,75.41,1.85,288.8,21.93
2022,5,1,0.78,98.84,29.1,32.85,26.56,73.64,1.77,288.3,19.19
2022,5,2,0.84,98.81,29.24,33.14,26.53,72.16,2.02,294.7,23.34
2022,5,3,7.97,98.84,29.28,33.39,26.7,74.24,2.25,304.8,22.84
2022,5,4,11.83,98.93,28.75,31.99,26.8,80.49,2.0,308.9,16.35
2022,5,5,15.66,98.96,27.76,30.21,26.65,79.35,2.29,319.9,11.54
2022,5,6,2.52,98.86,28.23,31.54,26.22,79.58,2.33,300.8,14.19
2022,5,7,2.16,98.85,28.32,31.58,26.55,77.71,2.14,306.1,20.25
2022,5,8,2.42,98.69,28.95,32.85,26.05,75.55,2.24,304.5,21.1
2022,5,9,3.18,98.63,28.5,31.16,26.58,80.42,2.61,298.7,8.93
2022,5,10,1.75,98.64,28.98,31.83,27.12,75.23,3.52,295.9,15.25
2022,5,11,10.81,98.76,28.11,30.92,26.33,77.92,2.76,276.5,7.51
2022,5,12,15.21,98.85,26.58,28.72,25.27,82.3,2.81,282.3,5.41
2022,5,13,10.04,98.74,26.75,28.92,24.91,86.58,3.16,252.7,15.77
2022,5,14,5.9,98.72,26.82,28.45,25.69,87.51,3.11,273.9,11.21
2022,5,15,13.54,98.85,26.87,28.43,25.46,88.15,3.37,280.7,5.68
2022,5,16,31.78,98.86,26.56,27.87,25.28,88.05,3.07,271.1,7.52
2022,5,17,52.64,98.77,26.61,29.6,24.76,82.74,2.37,300.8,8.43
2022,5,18,56.9,98.66,26.87,28.63,25.0,88.16,3.27,306.1,5.0
2022,5,19,58.11,98.87,26.31,27.4,24.9,84.42,3.01,279.7,5.3
2022,5,20,8.18,99.02,24.94,26.26,23.74,84.31,1.37,241.0,11.1
2022,5,21,4.99,98.98,25.94,28.62,23.5,80.9,1.3,272.5,15.8
2022,5,22,5.77,98.85,26.66,28.73,25.06,86.9,1.9,254.6,13.72
2022,5,23,2.77,98.72,27.55,30.0,25.82,86.16,2.18,276.1,23.03
2022,5,24,1.7,98.92,27.69,30.14,25.92,87.86,1.98,289.2,23.96
2022,5,25,6.58,99.01,27.94,30.83,25.69,86.43,1.76,310.6,23.72
2022,5,26,7.1,99.1,27.54,29.44,26.27,85.99,1.98,293.3,22.9
2022,5,27,5.51,99.09,26.94,28.62,25.67,86.81,1.74,273.6,21.9
2022,5,28,3.6,99.02,27.1,29.7,25.26,81.88,1.44,279.5,23.24
2022,5,29,2.6,98.99,27.1,29.87,25.07,80.46,1.54,287.7,25.46
2022,5,30,5.75,98.93,27.37,30.19,25.02,79.36,1.91,282.8,25.03
2022,5,31,8.77,98.86,27.14,29.65,25.45,82.68,2.2,270.0,18.14
2022,6,1,4.77,98.85,26.73,28.99,25.39,85.1,1.61,283.2,13.87
2022,6,2,2.1,98.88,25.22,25.96,24.45,89.57,2.06,298.0,19.7
2022,6,3,5.44,98.84,26.62,29.23,24.25,87.0,2.24,282.6,21.15
2022,6,4,1.76,98.81,27.65,30.95,25.02,81.29,2.13,303.7,23.22
2022,6,5,9.25,98.82,27.48,29.4,25.97,84.2,1.43,283.8,18.84
2022,6,6,8.84,98.82,27.17,29.55,25.81,85.83,1.29,255.9,14.54
2022,6,7,15.07,98.91,26.71,29.11,25.25,84.06,0.94,264.2,13.25
2022,6,8,3.15,98.95,26.77,28.96,25.03,84.43,1.84,281.7,20.46
2022,6,9,3.46,98.91,27.18,29.48,25.29,80.71,2.38,278.8,24.16
2022,6,10,9.31,98.94,26.92,29.29,25.35,81.42,2.38,253.8,19.71
2022,6,11,21.04,99.03,26.66,29.32,24.14,81.52,1.43,227.6,9.35
2022,6,12,22.67,99.0,25.66,28.64,23.14,82.38,1.54,175.0,10.22
2022,6,13,15.24,99.04,26.08,28.44,24.05,85.91,1.67,205.8,14.18
2022,6,14,12.3,99.03,26.74,29.45,24.77,81.38,1.81,266.7,21.56
2022,6,15,15.25,98.93,26.31,28.2,25.01,85.36,1.48,258.4,11.82
2022,6,16,10.78,98.9,26.28,28.56,24.77,85.03,2.06,277.8,22.22
2022,6,17,4.27,98.91,26.31,29.06,24.23,81.2,1.56,246.0,19.1
2022,6,18,14.63,98.94,25.76,28.07,24.29,84.0,1.89,243.5,15.2
2022,6,19,2.77,99.0,25.78,28.28,23.58,81.03,1.61,281.9,16.62
2022,6,20,28.68,98.9,26.1,28.39,24.12,81.88,1.43,288.1,13.68
2022,6,21,35.31,98.77,26.08,27.58,25.1,88.03,2.02,269.3,4.85
2022,6,22,30.97,98.85,25.98,27.76,24.96,88.93,1.97,237.4,3.83
2022,6,23,35.65,98.95,25.91,27.92,24.56,86.84,1.85,230.3,12.34
2022,6,24,103.42,98.91,25.84,27.4,24.61,89.31,3.09,248.7,14.52
2022,6,25,30.72,98.72,26.12,27.78,24.65,87.75,2.47,252.1,12.55
2022,6,26,14.25,98.76,26.64,28.17,25.59,87.93,3.06,252.3,19.74
2022,6,27,21.4,98.91,26.7,28.62,25.47,87.66,2.37,250.8,19.32
2022,6,28,38.95,98.92,26.56,28.59,25.14,88.3,2.2,263.3,10.21
2022,6,29,65.41,98.78,26.25,27.75,25.36,90.31,2.43,278.8,7.95
2022,6,30,89.01,98.82,26.18,27.65,25.11,88.64,3.02,266.4,3.02
2022,7,1,53.04,98.84,26.1,27.92,24.76,88.74,2.82,275.8,6.65
2022,7,2,46.02,98.75,25.95,27.45,24.61,90.57,2.74,276.9,15.08
2022,7,3,55.13,98.79,25.74,27.0,24.81,89.42,3.02,272.8,17.73
2022,7,4,66.38,98.81,25.6,26.67,24.73,90.57,3.64,268.3,5.02
2022,7,5,84.17,98.71,25.72,26.49,25.19,91.32,3.34,265.2,4.04
2022,7,6,73.43,98.8,25.76,27.16,24.81,90.35,2.61,266.8,8.94
2022,7,7,109.08,99.08,25.46,26.83,24.61,89.65,3.07,263.8,4.97
2022,7,8,74.96,99.02,25.25,26.33,24.33,90.08,3.17,278.4,5.0
2022,7,9,115.46,98.83,25.55,26.74,24.85,90.76,3.48,281.5,6.55
2022,7,10,42.7,98.88,25.48,26.72,24.47,89.73,3.39,285.4,9.4
2022,7,11,47.65,99.03,25.52,26.62,24.78,90.8,3.18,280.9,13.16
2022,7,12,54.63,99.05,25.34,26.55,24.59,92.28,2.83,271.4,17.85
2022,7,13,49.69,98.87,25.15,26.3,24.39,92.0,3.38,273.7,13.48
2022,7,14,29.29,98.72,25.53,26.49,24.64,92.01,3.44,258.5,18.35
2022,7,15,32.09,98.78,25.84,27.28,24.66,91.51,2.57,255.6,20.51
2022,7,16,43.05,98.86,25.79,27.22,24.61,91.75,2.32,263.4,11.54
2022,7,17,49.09,98.97,25.29,26.21,24.39,91.69,1.94,277.1,13.84
2022,7,18,44.82,99.06,25.14,26.36,24.02,89.23,2.61,269.1,14.96
2022,7,19,20.69,99.02,25.01,26.88,23.32,89.6,1.6,272.7,12.46
2022,7,20,21.18,98.99,25.61,27.8,24.07,91.01,2.29,304.2,13.4
2022,7,21,6.73,98.95,25.65,27.31,24.23,90.29,2.42,304.6,22.49
2022,7,22,6.79,99.01,25.1,26.59,24.19,90.72,2.72,305.3,15.36
2022,7,23,20.89,98.95,25.25,27.15,23.83,88.62,2.07,289.4,13.47
2022,7,24,10.71,98.93,25.65,27.6,24.14,89.33,2.34,293.5,18.87
2022,7,25,14.4,99.01,25.71,27.7,24.14,88.66,1.89,294.9,21.51
2022,7,26,7.32,99.07,25.6,27.76,24.07,88.63,2.07,302.9,18.79
2022,7,27,31.42,98.92,25.7,28.02,24.02,88.63,2.26,304.0,22.57
2022,7,28,15.6,98.88,26.28,28.52,24.74,90.7,2.33,306.3,22.73
2022,7,29,9.78,98.9,27.0,30.27,24.81,89.06,1.77,308.1,21.33
2022,7,30,32.01,98.88,26.32,28.66,24.72,91.33,2.54,305.1,20.47
2022,7,31,8.97,98.72,25.6,27.3,23.83,91.69,2.34,298.8,14.83
2022,8,1,67.74,98.67,25.32,26.47,24.56,94.12,4.16,287.1,13.13
2022,8,2,68.53,98.68,24.72,25.54,23.78,92.43,3.58,300.1,7.39
2022,8,3,69.73,98.53,24.73,26.05,23.07,93.9,3.72,283.5,12.89
2022,8,4,90.94,98.61,25.09,26.05,24.43,94.12,3.9,287.7,5.22
2022,8,5,106.87,98.79,25.09,25.83,24.49,92.87,3.33,256.3,7.22
2022,8,6,37.83,98.74,25.2,26.28,24.57,91.65,3.62,261.1,6.96
2022,8,7,49.49,98.71,25.11,26.49,24.1,92.27,3.43,263.1,14.01
2022,8,8,26.02,98.68,25.18,26.27,24.23,92.51,3.35,262.8,14.23
2022,8,9,18.09,98.7,25.19,26.42,24.26,90.99,3.17,252.1,20.39
2022,8,10,15.53,98.69,25.23,26.92,23.94,89.15,3.02,251.2,19.39
2022,8,11,17.49,98.82,25.27,27.06,24.01,91.14,2.45,265.5,18.25
2022,8,12,7.81,98.95,25.38,27.12,23.92,90.36,1.94,255.6,22.05
2022,8,13,4.67,98.98,25.42,27.35,23.97,88.19,1.21,281.5,23.41
2022,8,14,3.08,99.05,25.24,27.3,23.63,90.99,1.54,280.7,19.54
2022,8,15,1.73,99.09,25.5,28.09,23.61,89.7,1.29,285.1,18.86
2022,8,16,1.49,99.08,25.75,28.52,23.89,87.64,1.2,300.2,22.33
2022,8,17,4.37,99.11,25.81,28.38,23.69,89.03,1.72,302.9,23.04
2022,8,18,23.04,99.05,25.77,28.2,24.16,88.77,2.0,313.3,23.52
2022,8,19,30.99,99.07,25.41,27.66,23.85,87.95,2.38,312.1,22.08
2022,8,20,13.31,99.1,25.18,27.48,23.34,87.25,2.13,306.8,20.32
2022,8,21,24.18,98.99,25.69,27.69,24.24,90.36,2.4,294.2,16.09
2022,8,22,53.41,98.98,25.75,27.41,24.7,90.42,2.71,289.1,17.08
2022,8,23,58.42,98.99,25.71,27.15,24.55,90.31,2.45,280.4,8.29
2022,8,24,58.93,99.12,25.12,26.4,24.23,89.46,2.72,291.2,6.21
2022,8,25,13.71,98.97,25.54,27.59,24.18,89.5,2.83,310.3,18.23
2022,8,26,20.95,98.89,25.33,27.3,23.89,90.67,2.77,304.3,16.46
2022,8,27,39.92,98.93,25.07,27.0,23.82,89.95,2.45,302.6,11.27
2022,8,28,19.16,98.86,25.23,27.49,23.3,89.55,2.58,302.6,21.74
2022,8,29,22.18,98.9,25.59,27.64,24.25,90.95,3.14,307.1,15.95
2022,8,30,7.91,98.84,25.34,26.9,23.98,91.19,3.18,302.8,18.11
2022,8,31,22.38,98.75,25.85,27.77,24.41,92.2,2.03,242.0,19.62
2022,9,1,23.67,98.81,25.97,28.68,24.38,89.28,1.71,278.6,20.31
2022,9,2,14.88,98.89,25.33,28.17,23.49,89.35,1.96,218.9,21.03
2022,9,3,1.35,98.94,25.62,28.2,23.99,89.81,1.62,212.5,24.71
2022,9,4,4.37,98.94,25.66,27.92,24.07,90.33,0.91,272.0,23.81
2022,9,5,11.83,98.9,25.61,26.91,24.65,93.45,2.11,309.5,18.72
2022,9,6,60.17,98.75,25.3,26.62,24.45,94.26,3.42,286.6,15.42
2022,9,7,87.89,98.91,24.6,25.61,23.53,92.55,3.17,263.4,15.26
2022,9,8,7.43,98.91,24.73,26.68,23.33,89.96,2.33,265.6,11.59
2022,9,9,19.92,98.86,25.2,27.04,24.04,89.91,2.42,243.6,17.26
2022,9,10,20.76,98.9,25.21,27.05,24.03,90.29,2.16,249.8,18.12
2022,9,11,19.13,98.83,25.29,27.22,23.99,90.92,2.55,236.7,19.54
2022,9,12,14.88,98.84,25.41,27.25,24.27,90.04,2.86,246.5,17.77
2022,9,13,8.45,99.04,25.37,27.36,23.93,90.04,2.55,252.0,20.43
2022,9,14,7.71,99.24,25.34,27.28,23.96,89.89,1.6,234.5,20.06
2022,9,15,12.13,99.32,25.25,27.25,23.83,90.19,1.84,236.6,21.37
2022,9,16,8.23,99.15,25.46,27.36,23.98,88.36,2.08,279.7,22.72
2022,9,17,9.58,99.11,25.83,28.23,24.29,85.87,1.72,265.9,20.37
2022,9,18,5.23,99.16,25.75,27.92,24.16,87.62,1.82,266.8,22.34
2022,9,19,5.72,99.15,25.72,27.99,24.11,86.87,2.2,298.8,18.77
2022,9,20,1.95,99.11,25.52,28.1,23.53,83.57,1.76,302.5,20.23
2022,9,21,1.01,99.09,25.47,27.96,23.85,84.58,1.79,294.9,22.97
2022,9,22,0.49,99.18,25.17,27.67,23.44,84.56,1.49,281.2,22.59
2022,9,23,5.24,99.22,25.06,27.02,23.6,85.84,1.26,277.8,20.51
2022,9,24,8.28,99.15,25.28,27.62,23.88,86.93,1.63,291.6,22.65
2022,9,25,2.3,99.02,25.56,28.48,23.19,85.69,2.04,313.7,24.02
2022,9,26,1.27,99.1,25.86,28.77,23.96,84.96,2.65,320.7,20.83
2022,9,27,2.11,99.03,25.16,26.99,23.79,86.69,2.24,315.6,23.59
2022,9,28,1.13,98.95,25.51,27.81,23.65,84.82,2.18,308.2,20.76
2022,9,29,1.74,98.94,25.36,27.35,23.75,86.69,1.8,307.5,19.49
2022,9,30,15.81,99.02,25.25,27.05,24.07,88.68,1.79,293.8,14.9
2022,10,1,14.28,99.1,24.98,26.87,23.85,87.38,2.06,292.4,10.7
2022,10,2,7.69,99.04,25.44,27.87,23.61,86.84,1.89,304.9,16.9
2022,10,3,2.28,98.99,25.89,27.98,24.55,87.57,2.68,303.3,17.42
2022,10,4,2.13,98.93,25.98,28.23,24.4,88.28,2.69,310.5,19.34
2022,10,5,4.89,98.89,25.87,28.05,24.21,87.77,2.42,311.0,18.66
2022,10,6,0.82,98.9,25.23,27.4,23.91,84.9,1.91,285.1,15.99
2022,10,7,0.36,98.96,25.26,27.57,23.64,84.88,1.47,255.9,20.97
2022,10,8,0.21,99.06,25.56,28.54,23.45,81.23,1.34,297.1,23.01
2022,10,9,8.26,99.07,26.02,28.96,23.63,85.39,1.59,310.5,21.24
2022,10,10,5.99,99.1,25.08,26.63,23.77,90.82,1.88,255.8,14.36
2022,10,11,8.73,99.09,25.03,26.83,23.33,90.84,1.53,277.4,14.37
2022,10,12,0.83,99.14,26.04,28.84,24.26,85.76,1.08,272.9,21.3
2022,10,13,7.69,99.08,25.79,28.05,24.37,87.61,1.3,282.5,22.11
2022,10,14,16.41,99.03,25.21,27.29,24.01,88.05,1.03,246.1,18.31
2022,10,15,4.33,98.87,25.88,28.56,24.07,86.19,1.05,261.8,21.71
2022,10,16,22.04,99.06,25.2,26.86,24.28,89.76,1.41,201.4,14.19
2022,10,17,7.87,99.22,25.82,27.69,24.3,89.18,0.96,201.8,17.47
2022,10,18,6.75,99.23,25.09,25.8,24.19,93.44,2.06,218.8,15.02
2022,10,19,5.19,99.22,25.2,27.3,23.78,87.57,1.09,243.0,22.21
2022,10,20,2.62,99.21,25.27,27.11,24.13,87.87,1.28,243.5,21.34
2022,10,21,5.11,99.28,25.98,28.62,23.97,85.86,1.17,221.8,20.69
2022,10,22,0.79,99.34,26.71,29.47,24.76,83.37,0.92,258.5,20.74
2022,10,23,0.23,99.29,26.62,29.09,24.38,81.33,1.0,283.1,20.14
2022,10,24,0.02,99.16,25.95,29.69,22.42,71.75,1.32,358.2,21.86
2022,10,25,0.0,99.21,25.47,29.2,21.85,69.77,1.14,352.4,23.01
2022,10,26,0.0,99.29,25.65,29.77,21.53,66.61,0.91,24.3,22.4
2022,10,27,0.0,99.25,25.35,29.51,20.65,70.24,1.21,104.5,21.7
2022,10,28,0.0,99.14,25.99,29.9,21.61,70.58,1.11,19.9,21.1
2022,10,29,0.37,99.11,26.49,29.8,23.81,79.48,1.31,147.7,20.22
2022,10,30,0.73,99.14,26.31,29.05,24.6,83.34,1.32,235.4,13.29
2022,10,31,0.62,99.15,26.74,29.77,23.96,75.97,0.93,258.5,19.73
2022,11,1,0.24,99.22,26.52,28.95,24.39,79.18,0.96,229.0,18.21
2022,11,2,6.39,99.19,26.35,29.08,24.09,78.82,0.89,106.9,19.63
2022,11,3,0.76,99.13,26.61,30.16,23.14,72.25,0.82,85.6,19.5
2022,11,4,1.3,99.23,26.87,29.98,24.1,79.16,1.37,173.3,19.33
2022,11,5,0.84,99.37,26.59,29.68,23.31,74.55,1.23,157.4,18.42
2022,11,6,1.41,99.44,26.45,29.29,23.75,77.59,1.01,190.9,19.51
2022,11,7,0.95,99.34,26.72,29.22,24.49,78.04,1.03,263.5,16.04
2022,11,8,0.08,99.29,27.08,30.62,23.66,71.83,0.97,37.2,19.72
2022,11,9,0.06,99.26,27.21,30.69,24.06,72.48,1.02,55.9,18.31
2022,11,10,0.02,99.2,26.62,30.41,22.54,72.65,1.25,72.7,19.0
2022,11,11,0.28,99.2,26.68,30.07,23.38,73.77,1.13,96.9,15.59
2022,11,12,1.4,99.21,25.9,27.3,24.39,78.59,0.63,26.7,10.98
2022,11,13,0.75,99.14,26.93,29.93,24.08,77.34,1.11,124.5,16.09
2022,11,14,2.46,99.28,26.79,29.64,23.77,77.56,1.53,157.4,17.5
2022,11,15,8.04,99.32,26.12,28.59,24.55,83.1,1.01,229.8,16.82
2022,11,16,0.2,99.23,25.9,27.6,24.75,84.28,1.06,274.3,11.76
2022,11,17,0.05,99.17,26.09,29.87,22.81,69.97,0.76,21.2,18.64
2022,11,18,0.01,99.2,25.0,30.05,19.97,62.16,1.11,84.0,20.27
2022,11,19,0.0,99.21,24.48,28.39,20.21,61.9,1.25,81.9,19.51
2022,11,20,0.0,99.11,24.42,27.97,20.71,62.31,1.03,59.1,19.24
2022,11,21,0.0,99.09,24.98,28.32,21.39,64.2,0.88,46.2,18.91
2022,11,22,0.2,99.13,25.13,27.97,22.87,75.1,1.14,294.4,17.78
2022,11,23,1.79,99.15,25.56,28.25,23.69,85.26,1.25,262.2,11.1
2022,11,24,6.87,99.1,26.28,29.4,23.88,83.92,0.97,266.0,13.21
2022,11,25,1.05,99.2,26.33,29.13,24.24,85.35,1.53,195.0,17.28
2022,11,26,1.92,99.15,26.3,29.3,23.85,81.76,0.95,233.6,18.07
2022,11,27,4.66,99.03,25.96,28.56,23.91,84.96,1.19,226.5,16.19
2022,11,28,3.65,99.07,25.55,27.56,23.98,85.03,0.85,259.2,8.09
2022,11,29,6.33,99.13,25.96,28.9,23.61,82.04,0.81,286.2,11.28
2022,11,30,0.11,99.18,26.12,29.42,23.28,75.5,0.71,288.0,15.67
2022,12,1,0.0,99.16,25.46,29.34,21.1,70.22,1.19,78.4,17.79
2022,12,2,0.28,99.08,26.84,30.04,24.08,76.91,1.0,319.5,17.94
2022,12,3,0.34,99.1,26.86,30.16,24.18,79.68,0.75,252.6,18.31
2022,12,4,1.27,99.19,27.01,29.94,24.47,78.48,0.79,276.0,15.72
2022,12,5,0.79,99.23,26.89,30.56,23.9,76.27,0.95,166.7,15.93
2022,12,6,0.12,99.18,27.05,29.96,24.52,75.46,0.88,275.3,17.0
2022,12,7,0.04,99.14,26.24,29.93,22.73,70.19,0.86,51.9,12.27
2022,12,8,0.01,99.08,25.04,29.65,20.6,64.21,1.0,32.4,14.83
2022,12,9,1.2,98.95,25.04,28.93,20.69,63.88,1.22,35.7,15.6
2022,12,10,4.45,98.85,25.35,28.86,22.75,77.99,2.08,346.8,15.54
2022,12,11,14.18,98.95,25.13,27.92,23.1,84.02,2.99,330.4,6.43
2022,12,12,11.57,98.88,25.63,27.9,24.0,83.42,1.27,11.6,5.94
2022,12,13,7.8,99.04,25.94,28.38,23.99,86.08,2.89,155.9,7.23
2022,12,14,0.98,99.21,26.0,28.88,23.81,83.76,1.91,162.3,17.28
2022,12,15,0.29,99.15,26.09,29.88,22.98,79.85,1.16,205.3,19.69
2022,12,16,0.0,99.12,25.2,29.7,21.11,68.62,0.93,259.9,20.44
2022,12,17,0.0,99.16,25.73,30.14,21.35,70.67,0.72,56.6,20.09
2022,12,18,0.01,99.1,25.95,30.08,21.89,76.97,1.21,69.6,17.5
2022,12,19,0.03,99.0,25.9,30.09,22.51,73.94,1.05,74.2,17.71
2022,12,20,0.01,98.99,25.42,30.52,20.35,67.22,1.29,98.2,15.97
2022,12,21,0.0,99.04,25.62,30.36,21.68,68.1,0.72,50.9,18.86
2022,12,22,0.0,99.06,24.79,30.71,18.89,62.8,1.04,77.1,21.18
2022,12,23,0.0,99.05,25.11,30.59,19.91,65.13,0.94,54.0,20.13
2022,12,24,0.0,99.16,25.3,30.65,19.98,67.32,1.27,24.3,20.37
2022,12,25,0.12,99.15,26.11,31.36,20.45,70.11,1.36,12.5,18.92
2022,12,26,0.29,99.23,27.53,31.77,24.14,74.73,1.36,105.9,19.64
2022,12,27,0.06,99.35,27.29,31.67,23.82,72.34,1.22,158.3,20.3
2022,12,28,0.03,99.48,27.72,31.83,24.8,73.44,1.05,220.5,19.47
2022,12,29,0.02,99.59,27.55,31.89,23.78,72.31,0.92,316.3,19.87
2022,12,30,0.01,99.67,26.85,31.71,22.59,67.09,1.15,135.5,19.72
2022,12,31,0.0,99.68,25.8,30.39,21.52,67.96,1.09,253.4,19.17
2023,1,1,0.0,99.58,26.4,30.7,22.64,69.45,1.67,327.9,19.19
2023,1,2,0.0,99.51,26.11,31.06,21.43,64.39,1.55,190.2,20.01
2023,1,3,0.01,99.56,26.04,30.56,22.11,67.11,1.13,216.2,19.56
2023,1,4,0.0,99.45,25.7,30.72,21.06,63.57,1.28,284.1,19.49
2023,1,5,0.0,99.48,25.71,30.77,21.37,62.62,1.38,121.2,19.56
2023,1,6,0.0,99.58,25.99,31.26,21.29,61.02,1.45,89.6,20.81
2023,1,7,0.0,99.48,26.48,31.42,21.91,64.54,1.72,74.8,20.15
2023,1,8,0.0,99.4,26.34,31.24,22.41,65.13,1.66,60.0,18.61
2023,1,9,0.0,99.5,25.53,31.35,20.31,65.67,1.52,75.7,17.87
2023,1,10,0.0,99.46,24.93,31.43,19.07,54.07,1.23,84.1,20.95
2023,1,11,0.0,99.37,25.0,30.83,19.57,58.97,1.39,20.9,21.61
2023,1,12,0.0,99.24,25.53,32.02,19.39,54.67,1.44,306.5,21.99
2023,1,13,0.0,99.31,26.06,30.87,21.4,60.77,1.54,304.1,19.22
2023,1,14,0.0,99.3,25.59,30.89,20.85,60.6,1.41,314.4,19.25
2023,1,15,0.0,99.22,25.68,31.66,20.64,60.15,1.48,311.9,20.67
2023,1,16,0.0,99.24,26.26,31.88,21.48,65.28,1.46,303.4,19.99
2023,1,17,0.0,99.32,26.13,31.46,21.62,66.68,1.3,287.5,19.63
2023,1,18,0.0,99.38,26.7,32.01,22.59,62.55,1.02,314.8,20.58
2023,1,19,0.0,99.39,25.84,31.67,20.46,59.98,1.14,304.7,21.37
2023,1,20,0.0,99.38,25.27,31.28,19.52,56.14,1.63,121.5,21.34
2023,1,21,0.0,99.35,25.94,31.17,21.16,61.7,1.1,287.0,19.67
2023,1,22,0.0,99.23,26.48,31.68,21.9,60.22,1.2,318.3,20.31
2023,1,23,0.0,99.18,26.13,31.49,21.27,62.06,1.76,226.2,19.41
2023,1,24,1.22,99.23,26.43,30.82,23.38,71.61,1.68,316.8,11.06
2023,1,25,3.58,99.21,24.98,27.53,23.69,84.81,1.23,303.5,9.07
2023,1,26,0.04,99.18,26.45,31.18,22.57,71.24,1.42,286.4,18.39
2023,1,27,0.02,99.2,26.39,31.82,21.85,63.96,1.39,237.0,20.16
2023,1,28,0.0,99.16,26.29,32.21,21.17,56.29,1.07,295.1,21.05
2023,1,29,0.0,99.05,26.38,32.64,20.79,55.7,1.56,328.6,21.46
2023,1,30,0.0,99.2,26.46,31.63,21.98,64.23,1.65,309.7,18.21
2023,1,31,0.18,99.11,27.81,32.86,23.47,65.11,1.4,334.6,17.2
2023,2,1,0.01,99.1,27.73,33.46,22.28,58.65,1.28,12.1,19.91
2023,2,2,0.0,99.11,28.12,33.61,23.22,57.26,1.25,73.7,20.44
2023,2,3,0.01,99.18,28.0,32.49,24.03,60.3,1.18,189.0,15.81
2023,2,4,0.01,99.1,28.56,34.16,23.94,60.85,1.34,253.1,21.78
2023,2,5,0.02,99.1,28.52,33.89,24.18,61.12,1.2,283.8,21.5
2023,2,6,0.01,99.17,27.89,33.02,24.02,66.7,1.77,254.9,19.77
2023,2,7,0.02,99.18,27.61,32.2,24.01,66.35,1.67,306.4,19.47
2023,2,8,0.0,99.13,28.49,34.54,23.88,59.82,1.76,317.9,21.24
2023,2,9,0.01,99.25,27.7,33.04,23.41,65.9,1.55,265.5,19.53
2023,2,10,0.01,99.29,28.41,33.99,23.96,63.72,1.57,317.9,21.12
2023,2,11,0.0,99.33,28.02,33.84,22.87,59.8,1.48,247.7,21.03
2023,2,12,0.0,99.35,28.0,34.28,22.9,59.89,1.45,264.4,21.97
2023,2,13,0.0,99.32,28.38,35.46,22.68,52.79,1.15,254.5,23.49
2023,2,14,0.0,99.33,27.99,34.3,23.04,57.25,1.43,254.6,23.13
2023,2,15,0.0,99.18,27.95,34.7,22.62,53.96,1.41,292.4,23.53
2023,2,16,0.0,99.18,27.82,35.33,21.35,52.44,1.37,249.4,23.68
2023,2,17,0.0,99.24,28.08,34.97,22.45,52.85,1.38,243.0,23.58
2023,2,18,0.0,99.3,27.69,33.29,22.88,60.38,1.64,252.0,22.68
2023,2,19,0.0,99.32,28.01,33.14,23.84,65.43,1.64,281.9,22.34
2023,2,20,0.0,99.32,28.1,33.64,23.79,63.46,1.74,287.9,21.8
2023,2,21,0.0,99.33,28.64,34.74,23.6,59.57,2.07,307.2,23.24
2023,2,22,0.0,99.26,28.62,34.88,23.41,54.99,1.61,293.5,23.23
2023,2,23,0.0,99.23,28.56,35.22,23.39,51.06,1.75,223.4,23.83
2023,2,24,0.0,99.33,28.5,35.57,22.89,51.19,1.47,239.9,24.88
2023,2,25,0.0,99.45,28.68,35.9,22.65,50.06,1.41,299.7,25.08
2023,2,26,0.0,99.47,29.01,35.98,23.12,46.36,1.56,253.7,24.47
2023,2,27,0.0,99.49,28.87,35.61,23.24,45.59,1.84,206.6,24.79
2023,2,28,0.0,99.52,28.48,35.22,23.09,46.08,1.54,252.6,25.06
2023,3,1,0.0,99.47,29.32,35.1,24.79,56.83,1.58,250.0,23.03
2023,3,2,0.02,99.52,29.62,35.99,25.13,47.87,1.72,229.7,23.94
2023,3,3,0.01,99.55,29.26,36.44,23.23,41.97,1.5,169.0,25.8
2023,3,4,0.0,99.55,29.38,36.98,23.17,40.1,1.66,182.5,25.59
2023,3,5,0.0,99.5,29.28,36.42,23.54,40.75,1.52,223.6,24.39
2023,3,6,0.01,99.38,29.22,36.4,23.87,44.4,1.61,240.0,24.67
2023,3,7,0.01,99.3,29.34,36.29,24.02,44.7,1.4,255.2,24.17
2023,3,8,0.0,99.29,28.86,34.69,24.17,41.92,1.34,228.8,25.65
2023,3,9,0.01,99.26,28.8,34.48,24.84,42.96,1.11,191.3,18.27
2023,3,10,0.0,99.22,29.06,36.12,23.39,45.2,1.85,201.4,25.11
2023,3,11,0.0,99.22,29.36,35.96,24.21,49.64,1.41,266.8,24.14
2023,3,12,0.01,99.18,29.93,36.82,24.73,48.37,1.55,245.9,24.3
2023,3,13,0.0,99.12,29.72,36.0,25.19,53.92,1.72,248.5,24.02
2023,3,14,0.03,99.05,29.59,34.63,25.59,60.11,1.74,292.9,23.09
2023,3,15,0.05,99.0,29.39,33.9,26.11,62.16,1.43,273.0,22.11
2023,3,16,0.05,99.1,29.19,33.53,25.85,62.29,1.71,267.9,23.61
2023,3,17,0.05,99.07,29.23,34.16,25.26,59.37,1.7,300.7,23.48
2023,3,18,0.06,99.04,28.81,33.5,25.29,61.71,1.81,289.1,23.72
2023,3,19,0.14,99.05,28.12,32.35,25.13,63.81,2.03,293.6,22.75
2023,3,20,0.0,99.02,27.81,32.81,23.87,56.08,2.21,307.9,25.39
2023,3,21,0.0,99.04,27.34,32.56,22.83,56.72,2.62,313.6,25.83
2023,3,22,0.0,99.05,28.08,34.31,23.33,61.02,2.42,309.4,24.92
2023,3,23,0.06,99.05,28.72,34.18,24.34,57.19,2.39,314.1,25.3
2023,3,24,0.0,99.05,28.91,34.55,24.44,58.23,2.48,314.1,24.33
2023,3,25,0.1,99.15,29.24,34.53,25.33,57.4,2.07,296.1,19.97
2023,3,26,0.14,99.17,29.3,34.25,25.93,55.04,2.31,307.8,22.79
2023,3,27,0.01,99.11,28.94,34.77,24.58,57.46,2.52,314.8,26.28
2023,3,28,0.0,99.08,29.2,35.8,23.99,58.06,2.47,312.5,26.8
2023,3,29,0.21,99.2,28.84,33.83,25.19,61.2,1.81,287.3,22.45
2023,3,30,0.25,99.15,28.83,33.85,25.28,61.62,2.29,300.0,24.44
2023,3,31,0.0,99.07,29.0,33.87,25.31,58.21,2.09,310.4,25.84
2023,4,1,0.01,99.1,28.58,33.67,24.15,59.46,2.36,308.9,24.91
2023,4,2,0.02,99.07,28.22,33.41,24.05,61.63,2.63,315.5,25.96
2023,4,3,0.0,99.06,28.01,33.88,23.28,59.72,2.71,314.1,26.11
2023,4,4,0.09,99.13,28.25,33.97,23.77,62.67,1.89,296.1,24.82
2023,4,5,0.09,99.07,29.45,35.7,24.86,60.76,2.11,294.0,23.95
2023,4,6,3.75,99.09,29.24,34.73,25.58,64.69,1.84,292.0,24.31
2023,4,7,2.91,99.2,29.4,34.37,25.96,65.97,1.78,291.9,23.99
2023,4,8,0.13,99.3,30.27,36.02,25.87,60.07,1.76,270.9,26.11
2023,4,9,0.24,99.33,29.94,35.47,25.89,61.42,1.52,262.6,26.02
2023,4,10,0.32,99.22,29.81,35.22,25.86,63.82,1.71,282.2,25.41
2023,4,11,0.22,99.23,29.91,35.25,26.1,64.69,1.99,294.5,26.01
2023,4,12,0.03,99.18,30.09,35.2,26.18,63.33,1.56,301.7,26.72
2023,4,13,0.02,99.18,30.28,35.14,26.12,56.6,1.67,304.5,23.7
2023,4,14,0.05,99.2,30.05,34.31,26.72,63.46,1.27,282.4,23.12
2023,4,15,0.06,99.1,29.49,33.16,26.72,67.8,1.43,288.0,24.14
2023,4,16,0.21,98.99,29.5,33.91,26.64,67.3,1.32,274.3,24.49
2023,4,17,0.25,99.02,29.52,34.48,26.48,69.38,1.66,284.6,25.06
2023,4,18,0.09,99.09,30.3,35.91,25.95,65.66,1.91,286.3,26.16
2023,4,19,0.12,98.96,30.21,35.19,26.37,65.96,1.83,278.8,25.26
2023,4,20,0.15,98.81,29.91,34.29,26.33,64.3,1.76,281.7,24.46
2023,4,21,0.41,98.78,29.87,34.4,26.49,65.89,1.79,277.3,24.53
2023,4,22,0.16,98.78,30.55,35.91,26.62,61.98,2.44,306.3,23.85
2023,4,23,0.0,98.78,30.62,36.41,26.54,57.7,2.7,315.7,25.6
2023,4,24,0.01,98.88,30.28,35.72,26.22,59.12,2.16,300.9,25.87
2023,4,25,2.49,99.01,29.45,34.16,26.37,66.28,1.83,279.9,24.95
2023,4,26,1.91,98.99,29.39,34.55,26.06,67.17,2.02,300.6,24.5
2023,4,27,0.45,98.99,29.88,35.03,26.39,64.77,1.96,292.5,25.27
2023,4,28,0.72,99.04,29.92,34.27,26.76,65.93,2.11,301.6,23.15
2023,4,29,1.27,98.97,30.24,35.55,26.54,65.23,2.2,299.4,22.95
2023,4,30,2.21,98.86,29.76,34.12,26.75,65.59,1.89,299.9,24.72
2023,5,1,0.94,98.84,29.65,33.19,26.66,62.25,2.03,313.9,23.34
2023,5,2,0.12,98.93,30.22,35.18,26.7,60.6,2.67,305.8,19.72
2023,5,3,0.1,99.09,29.63,33.49,27.22,63.95,2.58,300.8,20.31
2023,5,4,0.1,99.02,29.57,34.14,26.05,64.28,2.31,294.9,25.83
2023,5,5,0.56,98.97,28.5,30.84,26.77,65.66,1.54,299.2,22.51
2023,5,6,0.64,98.92,29.37,33.9,25.87,62.62,2.28,298.7,25.03
2023,5,7,0.76,98.98,29.34,33.4,26.49,65.03,2.68,299.8,20.42
2023,5,8,1.47,98.88,29.14,33.3,26.68,69.44,2.52,300.4,24.85
2023,5,9,4.03,98.96,28.51,32.48,25.5,69.34,2.49,271.4,24.87
2023,5,10,5.6,98.88,28.86,33.37,25.79,74.0,1.76,249.8,24.32
2023,5,11,9.07,98.94,29.04,33.07,27.0,77.86,1.71,216.5,20.63
2023,5,12,3.14,99.06,28.59,32.1,26.68,79.14,2.63,183.0,20.17
2023,5,13,5.44,99.11,28.32,30.82,26.54,82.71,2.17,220.0,15.12
2023,5,14,0.22,99.04,29.12,32.72,26.8,76.18,1.5,273.3,24.2
2023,5,15,0.09,99.07,29.38,32.87,26.9,72.25,1.76,297.6,24.79
2023,5,16,0.01,99.09,30.27,34.84,27.18,69.2,2.24,311.1,25.48
2023,5,17,0.01,99.1,30.49,35.61,26.39,68.01,2.27,307.2,25.67
2023,5,18,0.07,99.2,30.47,35.58,26.87,67.99,2.4,308.8,23.43
2023,5,19,0.13,99.15,29.53,33.67,26.81,73.07,1.93,290.8,24.41
2023,5,20,0.23,99.11,29.44,33.11,27.12,73.24,2.12,288.5,23.24
2023,5,21,1.79,99.14,29.45,34.0,26.82,73.97,2.1,296.8,24.1
2023,5,22,5.38,99.18,29.33,33.4,26.68,74.2,2.12,297.3,22.76
2023,5,23,0.73,99.25,29.08,32.77,26.77,73.81,1.23,255.4,23.63
2023,5,24,1.86,99.27,28.39,31.06,26.74,77.64,1.02,246.4,23.78
2023,5,25,3.05,99.31,28.59,31.37,26.6,76.88,1.51,272.8,21.21
2023,5,26,1.49,99.33,29.1,32.95,26.66,71.74,1.99,297.3,18.41
2023,5,27,0.66,99.18,29.38,33.22,26.32,71.65,2.57,304.2,24.94
2023,5,28,0.48,99.07,29.66,33.45,26.93,68.1,2.83,313.8,24.83
2023,5,29,6.51,98.95,29.82,33.73,27.14,73.34,2.08,310.1,24.4
2023,5,30,6.02,99.09,28.59,31.37,26.84,78.58,0.98,237.4,19.1
2023,5,31,10.14,99.06,28.49,31.55,26.27,78.65,1.08,225.7,18.84
2023,6,1,1.04,99.11,27.75,29.61,26.31,82.91,1.59,253.4,9.04
2023,6,2,0.59,99.09,28.69,32.13,26.25,77.62,1.61,271.8,20.58
2023,6,3,0.92,99.02,29.38,33.48,26.67,74.17,1.72,278.7,22.61
2023,6,4,0.66,99.03,28.68,31.72,26.49,76.62,1.72,281.9,21.03
2023,6,5,1.86,98.98,28.45,30.52,26.77,81.59,2.35,260.2,23.93
2023,6,6,4.0,98.96,28.31,30.33,27.1,81.8,1.83,247.8,23.5
2023,6,7,3.65,98.96,28.5,31.13,26.8,80.5,2.18,243.9,21.52
2023,6,8,3.93,99.01,28.6,31.26,26.83,78.9,2.1,243.4,21.57
2023,6,9,3.52,98.94,28.87,31.7,26.83,77.31,2.13,234.7,12.76
2023,6,10,22.7,98.9,27.83,29.71,26.51,82.09,2.41,210.3,14.18
2023,6,11,9.13,98.86,27.72,29.93,26.2,80.62,1.65,214.4,5.09
2023,6,12,6.63,98.88,28.38,31.41,25.88,78.27,2.25,235.0,19.18
2023,6,13,10.5,98.93,28.52,31.53,26.28,80.14,2.31,247.1,19.44
2023,6,14,13.39,99.05,28.52,30.77,26.96,82.16,2.39,265.2,18.03
2023,6,15,6.63,99.07,28.64,31.27,26.91,80.79,2.52,285.3,18.51
2023,6,16,3.58,99.03,28.78,31.63,26.5,77.68,2.5,269.2,24.15
2023,6,17,30.54,99.02,28.38,30.8,26.84,81.2,2.52,275.8,20.49
2023,6,18,18.77,98.99,27.61,29.58,26.23,86.15,2.32,283.3,9.08
2023,6,19,13.57,98.94,27.02,28.98,25.59,86.44,2.27,293.1,18.24
2023,6,20,19.72,98.86,27.26,30.28,25.08,77.15,1.32,298.3,12.05
2023,6,21,23.89,98.89,27.72,30.25,26.06,81.97,1.7,292.6,8.77
2023,6,22,9.94,98.94,27.52,30.41,25.2,79.24,1.96,297.7,13.55
2023,6,23,6.7,98.99,26.27,29.45,23.82,75.75,1.85,279.5,10.34
2023,6,24,63.94,98.9,26.39,28.37,24.52,87.91,2.43,268.1,14.1
2023,6,25,47.06,98.93,26.79,28.69,25.56,85.15,1.97,268.8,12.69
2023,6,26,12.19,98.98,26.7,29.05,24.95,80.04,1.24,234.5,8.59
2023,6,27,50.16,99.06,26.1,28.45,24.26,85.33,1.58,210.6,12.81
2023,6,28,42.09,99.14,26.32,28.4,24.34,83.75,1.65,300.5,14.38
2023,6,29,23.92,99.2,26.28,27.89,25.03,85.61,1.5,287.2,6.59
2023,6,30,16.35,99.13,26.28,28.73,24.22,84.49,1.52,261.7,16.67
2023,7,1,16.3,99.18,26.82,28.94,25.41,86.64,1.75,302.5,21.0
2023,7,2,32.02,99.12,26.62,28.28,25.18,88.4,2.54,271.6,12.71
2023,7,3,71.6,99.01,26.69,28.05,25.97,90.25,3.34,273.9,4.61
2023,7,4,119.68,98.82,26.12,27.12,25.35,90.77,4.1,251.5,5.03
2023,7,5,171.63,98.76,25.97,27.15,25.11,90.29,4.1,259.9,3.74
2023,7,6,67.76,98.94,26.05,27.17,25.17,87.19,3.43,269.3,5.36
2023,7,7,42.59,99.07,26.15,28.01,25.0,87.63,2.59,273.1,9.93
2023,7,8,28.23,99.17,26.6,28.66,24.87,84.03,2.01,266.0,7.46
2023,7,9,40.7,99.06,26.27,28.0,24.76,89.55,1.8,282.9,12.91
2023,7,10,13.2,99.04,26.4,28.11,25.32,88.6,1.39,274.8,15.52
2023,7,11,14.58,99.05,26.26,27.98,25.01,89.51,1.71,305.5,10.73
2023,7,12,39.3,99.06,25.84,27.61,24.69,87.79,1.75,294.0,13.18
2023,7,13,35.45,99.12,25.57,27.62,24.25,88.93,2.07,275.2,5.54
2023,7,14,70.5,99.18,25.84,27.57,24.52,89.92,2.24,280.2,6.09
2023,7,15,16.09,99.13,26.18,28.0,24.63,90.16,1.86,284.4,18.7
2023,7,16,22.05,99.06,26.38,28.3,25.05,90.88,2.04,288.8,18.28
2023,7,17,12.41,99.02,26.38,28.28,24.96,90.26,2.53,279.8,20.23
2023,7,18,10.45,99.01,26.47,27.97,25.42,88.78,3.37,272.1,19.73
2023,7,19,12.93,98.89,26.34,27.75,25.39,89.44,3.47,272.7,18.93
2023,7,20,21.19,98.87,26.38,27.9,25.51,90.71,3.19,273.5,18.59
2023,7,21,31.51,98.97,26.15,27.5,25.4,91.49,3.4,268.1,19.62
2023,7,22,49.14,99.1,26.06,27.43,25.05,89.42,3.27,280.3,6.75
2023,7,23,105.71,99.14,25.82,27.21,24.9,90.88,3.46,275.8,7.73
2023,7,24,103.92,99.05,25.44,26.81,24.47,91.99,3.13,267.5,5.02
2023,7,25,48.78,99.16,24.89,26.46,23.59,90.02,2.85,280.1,5.76
2023,7,26,66.7,99.22,24.92,26.8,23.19,91.84,2.83,282.7,5.25
2023,7,27,33.86,99.28,25.09,26.67,24.16,92.46,1.89,299.9,11.92
2023,7,28,10.38,99.2,25.39,27.12,23.89,92.72,1.98,297.6,19.33
2023,7,29,9.78,99.19,25.66,27.72,24.07,90.61,2.48,299.9,23.17
2023,7,30,6.78,99.13,25.79,28.04,24.03,89.52,2.3,293.9,21.35
2023,7,31,8.6,99.1,25.83,28.05,24.38,89.13,2.44,279.6,19.84
2023,8,1,6.28,99.14,25.74,27.86,24.27,89.65,2.26,282.4,23.02
2023,8,2,3.09,99.19,25.85,28.15,24.04,88.45,2.29,277.2,22.19
2023,8,3,5.18,99.16,26.01,28.2,24.38,88.09,2.57,284.2,18.64
2023,8,4,11.45,99.29,26.21,28.28,24.45,89.03,2.47,278.8,23.3
2023,8,5,8.04,99.39,26.29,28.38,24.83,87.41,2.6,278.5,21.61
2023,8,6,10.4,99.28,25.8,27.42,24.57,89.97,2.18,290.8,21.48
2023,8,7,5.68,99.11,26.14,28.57,24.39,87.95,2.33,295.3,21.52
2023,8,8,8.68,99.12,26.18,28.42,24.43,87.68,1.94,293.3,17.46
2023,8,9,4.97,99.25,26.16,28.69,24.33,86.41,1.77,306.5,17.57
2023,8,10,2.0,99.25,26.42,29.3,24.51,87.38,2.2,313.9,22.14
2023,8,11,1.36,99.19,26.51,29.05,24.55,86.14,2.53,319.0,22.78
2023,8,12,1.01,99.22,26.22,28.58,24.59,86.48,2.44,308.1,21.17
2023,8,13,1.09,99.19,25.73,27.97,24.07,87.86,2.08,294.8,19.05
2023,8,14,0.53,99.23,25.67,28.21,23.87,84.7,1.79,289.4,18.66
2023,8,15,1.51,99.22,26.04,28.77,24.05,82.75,1.57,272.2,23.51
2023,8,16,4.7,99.24,26.0,28.44,24.17,85.38,1.69,284.3,22.54
2023,8,17,8.85,99.24,26.1,28.5,24.31,86.75,2.14,296.4,22.71
2023,8,18,14.37,99.14,25.81,27.8,24.32,88.15,2.0,291.8,19.55
2023,8,19,33.05,99.06,26.4,28.37,25.03,88.98,2.67,289.2,16.01
2023,8,20,14.58,99.02,26.34,28.72,24.82,87.97,2.42,297.5,22.27
2023,8,21,4.12,98.98,26.39,29.01,24.34,86.57,2.28,312.3,23.95
2023,8,22,2.56,99.0,26.45,29.37,24.31,85.78,2.23,316.9,22.88
2023,8,23,1.16,99.04,26.38,29.1,24.53,85.84,2.01,310.8,23.22
2023,8,24,1.34,99.04,26.29,28.81,24.39,84.87,1.59,288.4,21.0
2023,8,25,1.25,99.05,26.5,29.05,24.67,83.47,1.42,244.6,18.56
2023,8,26,5.4,99.14,26.23,28.37,24.87,86.83,1.29,282.8,17.92
2023,8,27,3.47,99.22,25.98,28.31,24.37,87.46,1.33,315.8,23.14
2023,8,28,2.16,99.15,26.68,29.77,24.4,84.43,1.8,311.6,22.85
2023,8,29,2.54,99.07,26.55,29.23,24.39,85.36,2.01,305.1,20.85
2023,8,30,1.45,99.08,26.86,29.67,24.89,85.3,2.01,303.1,23.13
2023,8,31,0.64,99.05,26.98,30.06,24.85,83.67,1.65,297.9,23.72
2023,9,1,6.27,99.07,26.91,29.39,24.96,84.98,1.86,306.3,23.48
2023,9,2,2.53,99.08,26.42,28.77,25.02,86.41,1.44,297.3,21.94
2023,9,3,2.75,99.01,25.81,27.28,24.83,86.45,1.29,274.1,17.93
2023,9,4,8.26,98.95,24.94,27.11,23.28,84.36,1.04,290.5,13.83
2023,9,5,33.1,98.93,25.44,27.16,24.08,88.48,2.39,270.2,9.52
2023,9,6,9.61,98.94,26.23,28.65,24.37,85.84,2.02,257.5,15.98
2023,9,7,13.32,99.0,26.08,28.23,24.66,88.53,2.2,242.7,18.38
2023,9,8,19.79,99.08,26.5,28.34,25.14,89.01,2.72,259.2,17.88
2023,9,9,20.26,99.04,26.83,28.81,25.55,88.08,2.33,279.9,13.98
2023,9,10,13.22,98.99,26.89,29.27,25.25,88.11,2.58,271.6,16.22
2023,9,11,14.44,99.08,26.18,28.0,25.02,89.58,2.47,261.4,17.61
2023,9,12,8.79,99.11,26.22,28.09,24.89,88.83,2.36,271.4,19.27
2023,9,13,7.92,99.07,26.38,28.52,24.86,88.88,1.79,284.9,18.58
2023,9,14,21.33,99.08,26.1,28.21,24.87,90.32,1.98,245.0,9.88
2023,9,15,30.83,99.13,25.68,27.53,24.63,89.38,2.31,232.2,20.14
2023,9,16,20.87,99.15,26.06,28.05,24.66,88.54,2.19,261.3,13.77
2023,9,17,7.92,99.04,26.35,28.5,24.73,87.18,1.61,236.3,16.21
2023,9,18,9.9,99.01,26.3,28.54,24.66,88.32,1.69,232.5,16.37
2023,9,19,3.5,99.14,26.47,28.75,24.89,87.01,1.38,237.8,20.63
2023,9,20,5.01,99.19,26.04,28.1,24.69,86.88,1.54,240.4,18.93
2023,9,21,7.35,99.16,25.87,27.87,24.62,88.77,1.63,239.5,16.9
2023,9,22,7.98,99.14,25.83,27.9,24.63,89.79,1.86,260.4,18.24
2023,9,23,44.89,99.16,25.52,26.67,24.91,92.41,2.06,255.4,15.37
2023,9,24,15.69,99.16,25.66,26.93,24.69,89.73,2.47,294.0,14.81
2023,9,25,6.42,99.08,25.4,27.08,24.21,86.89,1.58,308.5,19.42
2023,9,26,5.8,99.04,26.13,28.31,24.52,85.64,1.45,272.1,19.62
2023,9,27,14.56,99.07,26.12,28.42,24.69,85.27,1.42,255.0,20.01
2023,9,28,35.56,98.98,25.91,27.68,24.31,90.33,2.56,227.8,11.51
2023,9,29,29.45,98.98,25.96,27.43,24.95,90.18,2.53,227.9,10.8
2023,9,30,32.62,99.08,26.03,27.81,24.69,88.58,2.57,212.3,14.03
2023,10,1,14.69,99.05,26.43,28.33,25.04,88.72,2.8,256.5,20.27
2023,10,2,1.85,99.17,26.1,28.68,24.28,84.4,1.58,288.6,21.98
2023,10,3,0.45,99.25,25.82,27.91,24.14,85.47,1.52,288.3,22.32
2023,10,4,0.05,99.27,25.82,28.61,23.84,81.38,1.46,299.1,22.12
2023,10,5,0.04,99.24,25.54,28.22,23.5,80.72,1.49,291.4,23.72
2023,10,6,0.09,99.14,26.07,28.08,24.37,82.68,1.8,259.4,21.73
2023,10,7,0.42,99.1,26.93,29.51,25.14,85.08,1.55,281.7,20.49
2023,10,8,0.74,99.19,26.97,29.19,25.37,86.21,1.57,268.1,10.45
2023,10,9,1.53,99.37,26.5,28.96,24.87,84.1,1.16,245.6,16.24
2023,10,10,0.72,99.35,26.0,28.09,23.41,87.54,1.89,228.8,16.64
2023,10,11,2.88,99.32,25.3,28.39,22.77,84.1,1.2,234.4,13.89
2023,10,12,10.18,99.33,25.64,27.56,24.36,90.57,2.25,216.0,16.5
2023,10,13,1.74,99.38,26.98,30.19,24.66,84.21,1.3,219.0,21.24
2023,10,14,2.3,99.38,26.87,29.49,25.01,83.85,1.29,234.7,19.29
2023,10,15,2.31,99.27,26.15,27.56,25.01,86.74,1.2,276.9,16.62
2023,10,16,7.81,99.28,26.3,28.16,25.06,84.99,1.14,237.6,17.36
2023,10,17,7.81,99.37,25.86,27.83,24.7,85.52,1.28,229.4,15.82
2023,10,18,1.34,99.38,26.87,30.1,24.41,83.08,1.26,282.8,18.64
2023,10,19,1.14,99.34,27.16,29.67,25.37,84.04,1.16,282.9,16.3
2023,10,20,2.02,99.34,27.1,29.9,24.94,81.87,1.0,250.9,18.19
2023,10,21,2.49,99.35,27.23,30.78,24.45,81.71,1.12,288.6,16.46
2023,10,22,0.97,99.38,27.3,30.45,24.98,82.12,1.08,268.0,14.41
2023,10,23,0.29,99.31,27.45,31.04,25.01,77.83,1.13,208.3,16.09
2023,10,24,0.13,99.3,27.01,30.21,24.4,77.68,1.0,232.1,20.06
2023,10,25,0.11,99.38,27.03,30.34,24.47,76.97,1.16,276.0,20.31
2023,10,26,0.0,99.37,26.91,30.44,23.83,69.91,1.06,355.4,21.38
2023,10,27,0.07,99.24,26.68,30.29,22.91,74.05,1.36,160.7,20.16
2023,10,28,3.01,99.24,27.45,30.35,25.02,78.67,0.97,274.0,18.7
2023,10,29,5.0,99.23,27.09,29.53,25.46,84.14,1.18,316.5,18.27
2023,10,30,5.49,99.23,26.21,27.4,25.39,86.43,1.49,222.6,17.29
2023,10,31,19.9,99.34,26.19,27.94,25.13,85.68,1.1,226.3,13.6
2023,11,1,2.78,99.34,25.85,27.23,24.89,87.39,0.78,323.2,11.75
2023,11,2,3.58,99.22,26.95,30.09,24.48,82.83,1.03,296.0,17.79
2023,11,3,3.52,99.08,27.22,29.36,25.77,84.12,1.01,269.0,18.86
2023,11,4,12.91,99.03,26.76,28.39,25.79,86.53,1.04,238.8,6.6
2023,11,5,28.88,99.16,26.46,28.63,25.03,88.2,1.39,187.2,13.52
2023,11,6,16.71,99.37,26.27,28.53,24.7,85.86,2.11,165.0,10.74
2023,11,7,11.44,99.33,26.71,29.84,24.16,77.96,1.03,322.0,19.85
2023,11,8,11.08,99.33,25.8,27.81,24.24,83.72,1.22,261.0,12.63
2023,11,9,11.77,99.33,26.01,28.22,24.54,87.26,1.63,218.7,13.96
2023,11,10,5.07,99.43,26.68,29.42,24.26,82.16,0.97,204.2,19.67
2023,11,11,2.25,99.42,27.47,30.81,24.75,79.0,0.89,246.4,19.91
2023,11,12,0.43,99.45,26.43,29.44,23.84,74.06,1.09,138.0,18.4
2023,11,13,0.03,99.4,26.36,29.6,23.34,72.2,1.27,124.2,15.27
2023,11,14,0.0,99.29,26.57,30.4,23.17,70.55,0.88,89.9,19.38
2023,11,15,0.0,99.31,26.01,29.87,22.2,72.42,1.31,112.1,18.35
2023,11,16,0.01,99.33,26.62,29.93,23.52,75.29,0.95,269.4,16.05
2023,11,17,0.41,99.29,27.16,30.24,24.53,79.37,0.95,247.8,15.76
2023,11,18,0.59,99.25,27.31,30.22,25.25,82.21,0.84,260.4,15.15
2023,11,19,0.36,99.25,27.02,29.58,25.1,81.08,1.17,173.1,15.25
2023,11,20,0.23,99.27,27.27,30.19,25.07,77.57,0.91,172.3,17.92
2023,11,21,0.09,99.21,27.22,30.71,23.97,75.88,1.13,291.3,18.51
2023,11,22,0.64,99.1,27.83,30.86,25.45,80.58,1.13,312.8,14.67
2023,11,23,2.73,98.97,27.0,29.08,25.48,85.74,2.29,138.5,11.91
2023,11,24,0.41,99.07,26.95,29.53,24.95,80.21,1.06,158.6,6.95
2023,11,25,0.22,99.22,27.31,29.89,25.3,78.96,0.9,158.9,18.75
2023,11,26,0.03,99.27,26.92,29.6,24.69,75.15,1.16,131.8,14.35
2023,11,27,0.05,99.21,27.3,30.48,24.57,75.32,1.17,22.0,19.44
2023,11,28,0.41,99.11,27.35,30.03,25.26,78.23,0.98,322.7,18.91
2023,11,29,0.54,99.11,26.93,29.05,25.32,80.95,1.23,91.5,16.65
2023,11,30,0.56,99.2,27.16,30.23,24.83,78.02,0.98,246.1,18.89
2023,12,1,0.22,99.13,27.12,29.63,24.8,81.57,1.18,322.0,18.95
2023,12,2,0.33,99.03,27.32,30.82,24.56,76.48,1.36,111.2,16.28
2023,12,3,0.04,99.02,27.72,31.32,24.79,76.91,1.42,329.0,18.01
2023,12,4,0.02,98.94,27.49,31.11,24.66,79.18,1.77,350.8,14.72
2023,12,5,0.01,98.93,26.98,29.32,24.68,76.26,1.36,352.6,15.24
2023,12,6,0.02,99.07,26.96,29.99,24.19,75.14,1.02,326.7,17.75
2023,12,7,0.02,99.17,26.8,29.38,24.02,75.56,0.74,311.2,18.11
2023,12,8,0.92,99.21,26.68,29.13,24.46,79.8,0.85,208.2,16.64
2023,12,9,8.38,99.26,26.74,28.99,24.84,82.08,1.6,60.6,16.19
2023,12,10,9.82,99.21,26.56,29.69,23.84,84.12,1.54,159.6,15.81
2023,12,11,15.24,99.24,25.84,27.03,24.93,88.24,1.13,146.7,14.28
2023,12,12,0.63,99.15,26.52,29.6,23.88,78.52,0.89,186.3,15.78
2023,12,13,0.04,99.17,26.59,30.01,23.41,72.48,0.99,34.5,15.54
2023,12,14,0.0,99.3,25.54,29.52,21.3,68.89,1.52,72.5,17.88
2023,12,15,0.14,99.35,25.82,29.17,22.3,70.84,0.94,51.6,17.21
2023,12,16,0.23,99.26,26.87,30.0,24.34,74.08,0.9,286.0,16.85
2023,12,17,0.55,99.2,26.84,29.61,24.68,79.04,1.19,171.6,15.13
2023,12,18,0.88,99.3,26.25,29.2,24.21,79.27,1.08,125.6,13.43
2023,12,19,0.06,99.34,25.99,29.04,23.85,74.13,1.16,134.0,14.26
2023,12,20,0.0,99.37,26.08,29.65,22.8,70.54,1.35,112.1,18.33
2023,12,21,0.0,99.37,26.56,30.19,22.92,72.49,1.12,105.4,18.7
2023,12,22,0.0,99.37,26.41,29.02,24.37,76.64,0.84,355.2,17.07
2023,12,23,0.0,99.41,25.87,29.7,22.41,72.33,1.38,125.4,17.54
2023,12,24,0.0,99.53,25.44,29.54,21.46,65.83,1.21,88.1,17.72
2023,12,25,0.0,99.44,26.5,31.24,22.26,71.81,1.18,39.4,19.39
2023,12,26,0.0,99.44,26.05,31.78,21.85,63.47,1.16,98.8,20.56
2023,12,27,0.0,99.44,25.5,31.05,20.74,61.59,1.32,110.7,21.39
2023,12,28,0.0,99.38,25.86,30.68,21.11,70.17,1.71,116.8,19.93
2023,12,29,0.0,99.36,27.0,31.45,23.09,69.39,1.53,125.1,19.74
2023,12,30,0.0,99.34,26.78,30.5,23.51,68.22,1.13,75.6,19.83
2023,12,31,0.0,99.36,26.22,30.58,22.47,68.64,1.34,149.6,19.49
2024,1,1,3.7,99.41,26.31,29.52,23.95,75.77,1.11,165.2,13.05
2024,1,2,3.8,99.33,26.18,28.99,24.0,79.38,0.9,240.9,10.7
2024,1,3,8.3,99.3,25.75,27.66,24.37,83.38,0.87,247.0,9.9
2024,1,4,26.23,99.32,25.35,26.86,24.24,86.38,0.59,239.7,8.4
2024,1,5,9.82,99.24,25.71,28.09,23.65,83.02,1.3,141.3,16.8
2024,1,6,14.1,99.25,26.05,28.5,24.16,82.92,1.11,47.9,14.17
2024,1,7,1.85,99.25,26.2,29.66,22.61,73.13,1.29,112.4,17.6
2024,1,8,13.83,99.32,26.15,29.6,22.91,79.29,1.55,119.5,10.95
2024,1,9,57.14,99.32,25.21,27.04,23.57,88.39,1.56,87.9,10.45
2024,1,10,0.5,99.33,25.74,28.91,22.59,77.15,1.56,132.2,18.79
2024,1,11,0.0,99.31,26.05,30.04,22.48,70.11,1.31,112.1,20.47
2024,1,12,0.0,99.33,25.83,29.97,21.84,66.9,1.56,138.9,20.62
2024,1,13,0.0,99.41,26.42,30.55,22.87,70.29,1.1,18.7,18.74
2024,1,14,0.0,99.37,26.17,30.49,22.65,74.07,1.43,348.1,18.46
2024,1,15,0.01,99.39,25.59,29.59,21.94,77.47,1.54,93.2,17.07
2024,1,16,0.0,99.27,25.52,29.07,22.31,73.69,1.42,332.3,18.52
2024,1,17,0.01,99.23,25.68,28.72,22.75,75.54,1.21,307.7,18.98
2024,1,18,0.04,99.32,25.74,28.74,23.65,79.31,1.86,323.9,14.76
2024,1,19,0.01,99.31,25.91,29.4,23.06,77.44,1.26,324.7,14.15
2024,1,20,0.0,99.38,26.24,29.87,23.55,77.54,1.45,335.4,18.85
2024,1,21,0.0,99.41,26.45,30.73,23.27,75.83,1.55,337.3,20.16
2024,1,22,0.0,99.49,26.28,31.21,22.83,74.52,1.71,339.5,20.44
2024,1,23,0.0,99.48,25.53,29.94,22.09,73.74,1.97,343.0,20.73
2024,1,24,0.0,99.47,25.05,29.4,21.89,73.75,1.76,323.9,22.21
2024,1,25,0.0,99.53,25.31,29.7,21.62,72.31,1.58,315.8,20.99
2024,1,26,0.0,99.65,26.09,30.5,22.96,69.95,1.36,294.0,20.26
2024,1,27,0.0,99.62,26.12,31.3,21.71,65.87,1.76,157.0,21.09
2024,1,28,0.0,99.59,26.18,31.13,22.31,67.45,1.71,189.2,21.19
2024,1,29,0.0,99.53,26.25,31.02,22.2,65.71,1.33,303.4,20.91
2024,1,30,0.0,99.48,25.84,30.69,21.09,62.34,1.36,10.5,20.64
2024,1,31,0.0,99.51,25.81,30.31,22.09,67.68,1.42,320.7,20.49
2024,2,1,0.0,99.57,25.32,29.76,21.99,75.31,2.05,333.1,21.53
2024,2,2,0.0,99.51,25.24,29.81,21.66,73.94,1.97,327.3,22.14
2024,2,3,0.0,99.47,26.47,31.47,22.47,70.43,1.44,305.4,21.24
2024,2,4,0.0,99.6,27.33,31.91,23.9,69.93,1.66,303.8,20.54
2024,2,5,0.0,99.59,27.41,33.21,23.04,65.7,1.34,312.6,21.07
2024,2,6,0.0,99.54,27.55,33.64,22.84,64.36,1.16,290.0,22.62
2024,2,7,0.0,99.55,27.51,33.35,23.06,65.33,1.3,296.7,22.78
2024,2,8,0.0,99.45,27.26,32.98,22.58,64.08,1.54,277.9,21.64
2024,2,9,0.0,99.47,27.54,32.85,23.29,67.97,1.3,252.0,21.27
2024,2,10,0.0,99.59,27.67,32.69,23.83,69.24,1.52,250.0,21.32
2024,2,11,0.0,99.61,28.03,33.4,24.21,67.61,1.64,314.4,22.23
2024,2,12,0.0,99.52,28.07,34.34,23.63,61.51,1.66,300.0,23.62
2024,2,13,0.0,99.52,27.49,33.36,23.14,61.98,1.59,282.5,23.04
2024,2,14,0.0,99.41,27.87,33.62,23.28,63.47,1.5,278.9,22.39
2024,2,15,0.0,99.39,28.28,33.52,24.48,65.68,1.35,266.9,21.71
2024,2,16,0.0,99.41,28.45,34.8,23.87,55.59,1.56,267.0,23.61
2024,2,17,0.0,99.31,28.24,34.51,23.8,58.22,1.63,245.0,22.5
2024,2,18,0.0,99.29,27.71,32.84,23.62,66.6,1.18,294.6,22.76
2024,2,19,0.01,99.33,28.18,32.92,24.35,69.25,1.72,324.9,22.39
2024,2,20,0.0,99.34,28.26,33.61,24.3,67.46,2.17,324.3,22.6
2024,2,21,0.0,99.34,27.7,33.06,24.04,63.61,2.31,329.7,24.23
2024,2,22,0.0,99.4,26.91,32.08,23.34,68.39,2.45,322.1,23.69
2024,2,23,0.0,99.36,26.68,31.88,22.77,65.88,2.28,327.8,24.12
2024,2,24,0.0,99.31,26.68,31.93,22.47,64.56,2.22,315.4,23.64
2024,2,25,0.0,99.17,27.55,32.86,23.07,66.04,1.77,302.2,22.25
2024,2,26,0.0,99.14,28.98,34.89,24.66,61.14,1.79,284.8,23.62
2024,2,27,0.0,99.21,29.41,35.51,25.12,59.48,1.71,310.8,24.36
2024,2,28,0.01,99.16,29.52,34.99,25.26,63.58,1.63,264.0,23.4
2024,2,29,0.02,99.23,29.13,34.72,24.78,61.96,1.7,226.6,23.07
2024,3,1,0.01,99.33,29.29,35.39,24.68,59.3,1.62,253.2,21.71
2024,3,2,0.01,99.37,29.04,34.17,25.26,62.74,1.64,275.4,21.34
2024,3,3,0.02,99.29,29.15,34.24,25.58,64.17,2.41,325.3,22.68
2024,3,4,0.0,99.29,28.88,33.78,25.3,63.88,2.75,322.1,21.94
2024,3,5,0.0,99.28,29.01,34.3,25.2,60.46,2.59,315.9,23.48
2024,3,6,0.0,99.35,28.69,33.69,24.88,60.56,2.53,320.7,22.86
2024,3,7,0.0,99.25,28.76,34.63,24.09,59.35,2.54,322.5,23.88
2024,3,8,0.0,99.26,29.05,35.35,24.05,56.54,2.42,315.4,24.28
2024,3,9,0.0,99.29,28.84,34.24,24.82,62.46,1.57,289.6,24.43
2024,3,10,0.0,99.42,28.78,33.3,24.98,65.11,1.68,278.4,22.59
2024,3,11,0.01,99.51,29.36,34.17,26.23,63.05,1.73,283.6,21.52
2024,3,12,0.0,99.47,29.39,34.21,25.88,65.11,1.84,260.3,21.73
2024,3,13,0.01,99.44,29.05,33.04,26.27,68.86,1.77,270.5,20.58
2024,3,14,0.01,99.41,28.98,33.1,26.07,65.02,2.08,303.0,21.42
2024,3,15,0.0,99.28,29.11,34.69,24.84,60.73,2.34,313.4,23.09
2024,3,16,0.0,99.28,29.31,34.71,25.57,58.23,2.23,310.4,22.32
2024,3,17,0.0,99.28,29.42,35.12,25.38,58.37,2.15,299.4,23.06
2024,3,18,0.01,99.28,29.62,35.16,25.57,56.79,2.46,320.3,23.75
2024,3,19,0.0,99.18,29.88,35.61,25.51,55.14,2.61,322.8,23.87
2024,3,20,0.0,99.16,29.49,34.79,25.52,58.76,1.6,287.7,24.11
2024,3,21,0.14,99.16,29.48,34.15,25.89,66.16,2.01,225.5,22.77
2024,3,22,7.55,99.05,29.27,33.33,26.56,70.04,1.71,293.4,18.57
2024,3,23,2.77,99.04,29.46,34.86,25.68,69.45,2.16,307.5,21.91
2024,3,24,0.75,99.18,30.09,35.74,25.94,61.91,1.85,309.2,23.47
2024,3,25,0.02,99.2,30.2,36.0,25.58,58.87,1.67,295.6,24.61
2024,3,26,0.84,99.3,29.93,35.31,26.21,65.55,1.7,283.3,23.07
2024,3,27,0.44,99.4,30.14,36.37,26.4,64.69,1.83,277.9,23.74
2024,3,28,0.01,99.29,30.15,36.02,25.51,63.85,1.81,289.4,24.2
2024,3,29,0.03,99.21,30.45,36.17,26.8,66.03,1.97,281.0,24.03
2024,3,30,0.01,99.28,30.8,37.02,26.62,62.21,2.21,299.7,24.19
2024,3,31,0.0,99.31,30.47,36.24,26.53,64.03,2.12,295.7,24.17
2024,4,1,0.04,99.16,30.21,35.08,27.14,68.24,1.81,282.7,24.28
2024,4,2,0.13,99.03,30.21,35.49,26.89,67.19,1.9,284.6,24.55
2024,4,3,0.06,99.1,30.37,35.57,26.88,64.92,1.94,286.4,24.57
2024,4,4,0.0,99.09,30.9,36.85,27.01,60.46,2.03,292.5,25.05
2024,4,5,0.0,99.06,30.9,36.64,27.22,62.81,2.16,297.1,23.59
2024,4,6,0.02,98.95,31.52,38.09,27.21,61.44,1.91,286.8,23.5
2024,4,7,0.04,98.97,30.77,36.03,27.49,64.92,1.73,272.1,24.52
2024,4,8,0.0,98.98,31.45,37.55,27.21,58.26,1.66,282.6,25.05
2024,4,9,0.01,99.02,31.32,36.63,27.64,60.94,1.79,266.8,24.66
2024,4,10,0.01,99.03,31.66,37.26,27.65,58.4,1.88,282.2,25.25
2024,4,11,0.08,99.08,31.45,36.49,27.62,58.88,1.69,290.5,25.14
2024,4,12,0.13,99.06,31.53,36.57,28.06,56.89,1.75,293.1,23.6
2024,4,13,3.87,99.1,30.76,34.82,28.19,61.17,1.85,292.7,23.6
2024,4,14,1.94,99.1,31.12,36.13,27.54,64.02,1.75,290.3,24.13
2024,4,15,0.34,99.13,31.82,37.65,27.95,61.7,2.16,287.0,24.81
2024,4,16,0.1,99.1,31.19,36.32,27.85,64.84,1.88,280.4,24.98
2024,4,17,0.05,99.09,30.81,34.81,27.78,66.52,1.9,285.2,19.83
2024,4,18,0.09,99.0,30.38,33.86,28.19,70.0,2.1,287.7,21.84
2024,4,19,3.38,98.87,30.09,33.3,28.04,72.85,1.87,280.7,21.92
2024,4,20,9.72,98.88,29.23,31.94,27.59,76.85,1.08,286.3,10.22
2024,4,21,0.1,98.89,29.76,32.99,27.16,74.05,1.58,288.8,23.3
2024,4,22,0.23,98.98,29.79,33.11,27.48,75.16,1.96,303.0,22.94
2024,4,23,0.06,98.87,30.23,34.95,26.93,70.93,2.08,293.5,24.67
2024,4,24,0.08,98.86,30.13,34.17,27.54,70.1,1.34,267.5,25.35
2024,4,25,0.01,98.82,30.91,36.31,27.01,66.26,1.83,290.4,23.82
2024,4,26,0.17,98.85,31.12,36.79,27.34,65.6,2.08,294.2,25.61
2024,4,27,0.13,98.82,31.17,37.16,27.11,64.53,1.98,287.8,25.36
2024,4,28,0.13,98.89,31.22,36.67,27.47,66.97,1.89,277.1,25.42
2024,4,29,0.2,98.98,31.47,36.56,28.02,65.31,1.7,279.9,25.04
2024,4,30,0.15,98.93,30.79,34.89,28.2,69.5,1.82,253.3,23.42
2024,5,1,0.13,98.81,30.67,34.3,28.3,69.39,1.75,269.6,21.8
2024,5,2,0.08,98.79,30.95,35.1,28.19,64.4,1.65,310.5,23.19
2024,5,3,0.1,98.92,30.79,34.9,28.0,64.12,2.15,294.3,21.03
2024,5,4,0.15,98.99,30.39,34.96,27.24,64.71,2.19,275.1,24.06
2024,5,5,0.06,98.89,30.21,35.03,26.32,64.22,2.13,297.1,24.72
2024,5,6,0.2,98.92,30.67,35.25,27.18,66.38,2.08,282.8,24.35
2024,5,7,4.06,99.03,30.63,34.78,27.91,69.13,2.02,289.4,21.04
2024,5,8,2.73,98.97,29.73,33.52,27.05,73.9,1.85,285.4,22.7
2024,5,9,0.28,98.92,30.63,35.04,27.22,66.23,2.18,300.6,21.59
2024,5,10,2.46,98.98,29.85,32.96,27.46,70.97,1.71,288.5,23.32
2024,5,11,3.6,99.08,29.79,33.17,27.56,73.39,1.59,287.2,23.94
2024,5,12,8.26,99.04,29.89,33.62,27.28,74.17,1.81,297.8,22.68
2024,5,13,13.48,98.95,29.16,31.43,27.43,80.53,1.16,284.7,17.61
2024,5,14,7.26,98.99,29.07,31.01,27.6,79.54,1.03,217.1,20.87
2024,5,15,4.21,99.01,29.27,32.48,27.2,77.31,1.43,265.3,24.6
2024,5,16,6.46,99.02,29.22,32.31,27.41,78.94,1.37,276.1,18.29
2024,5,17,14.19,98.91,29.22,32.16,27.2,80.11,1.27,280.3,21.0
2024,5,18,9.9,98.77,28.56,30.62,27.37,82.19,1.59,299.4,10.18
2024,5,19,11.87,98.65,27.85,29.29,26.95,85.72,2.28,296.0,14.73
2024,5,20,57.71,98.64,27.65,28.64,26.84,88.38,1.95,289.7,7.64
2024,5,21,13.05,98.64,28.12,31.89,25.69,82.42,2.06,292.1,18.78
2024,5,22,18.77,98.51,28.75,31.64,26.78,84.98,2.28,270.8,14.93
2024,5,23,23.78,98.46,28.54,30.33,27.68,88.76,3.07,292.0,8.67
2024,5,24,35.01,98.54,27.53,28.72,26.48,88.19,3.55,307.5,10.42
2024,5,25,10.04,98.71,27.65,29.84,25.56,81.86,2.39,273.1,6.91
2024,5,26,2.49,98.77,27.73,29.4,26.38,84.49,2.24,279.3,13.0
2024,5,27,1.34,98.81,27.96,29.88,26.38,86.21,2.41,264.0,18.74
2024,5,28,14.16,98.85,28.03,29.94,26.81,87.14,2.89,280.6,6.76
2024,5,29,3.44,98.82,28.16,29.76,27.06,84.39,2.64,263.6,15.62
2024,5,30,6.25,98.77,28.48,30.48,27.3,88.14,3.72,284.2,11.18
2024,5,31,5.59,98.84,28.58,30.82,26.9,86.39,3.28,290.5,20.25
2024,6,1,14.63,98.9,28.4,29.63,27.26,88.58,2.22,288.7,17.06
2024,6,2,11.27,98.91,28.4,31.01,26.98,83.86,1.94,281.8,16.77
2024,6,3,23.36,98.97,28.08,30.21,26.64,82.32,1.9,260.4,8.42
2024,6,4,5.72,99.02,27.92,30.08,26.38,83.38,1.52,235.3,13.71
2024,6,5,11.59,99.05,27.94,29.79,26.66,86.07,1.52,254.8,11.91
2024,6,6,23.79,99.14,27.29,28.97,26.25,87.01,1.58,231.2,9.52
2024,6,7,28.74,99.02,26.83,28.78,25.45,85.11,1.62,216.9,9.77
2024,6,8,43.81,98.96,27.56,29.98,25.45,82.81,2.7,252.1,5.65
2024,6,9,52.35,98.96,27.33,29.46,25.83,82.39,3.35,259.5,10.48
2024,6,10,20.56,99.09,27.34,29.54,25.9,82.58,2.38,269.5,9.41
2024,6,11,13.03,99.12,27.37,29.27,25.98,82.31,2.36,273.6,11.89
2024,6,12,10.81,99.27,26.48,28.89,24.65,79.59,2.26,291.0,7.54
2024,6,13,11.18,99.21,27.32,29.71,25.05,77.66,1.45,272.6,10.56
2024,6,14,13.26,99.07,27.52,29.84,25.6,83.9,1.33,275.3,21.21
2024,6,15,6.5,98.97,27.42,29.12,26.21,85.7,1.8,249.3,18.73
2024,6,16,13.34,98.97,27.44,29.96,25.68,85.12,1.52,252.4,14.83
2024,6,17,15.06,99.03,26.82,29.54,24.8,84.02,1.32,237.5,19.3
2024,6,18,10.25,99.0,27.16,29.72,25.3,82.61,1.11,263.0,12.64
2024,6,19,9.71,98.9,27.17,29.4,25.48,84.48,1.56,243.1,13.8
2024,6,20,14.45,98.88,27.48,29.62,25.73,85.92,2.23,240.8,7.07
2024,6,21,15.27,98.93,27.04,28.59,25.69,85.42,2.36,265.5,9.97
2024,6,22,24.15,98.81,26.04,27.41,24.88,85.62,2.58,268.6,13.67
2024,6,23,28.67,98.73,25.89,27.82,24.82,85.99,3.51,250.8,16.31
2024,6,24,25.59,98.69,26.2,27.81,24.98,85.29,3.36,254.3,12.55
2024,6,25,17.61,98.7,26.33,28.06,25.03,83.87,3.42,244.4,17.59
2024,6,26,129.01,98.78,26.55,28.38,24.88,84.76,3.06,243.5,6.87
2024,6,27,31.94,98.96,26.13,28.47,24.0,82.83,2.84,252.8,5.92
2024,6,28,6.36,98.95,26.71,29.09,24.76,84.67,2.35,239.6,20.88
2024,6,29,35.0,98.96,26.9,28.88,25.46,86.97,2.24,223.9,16.79
2024,6,30,30.9,99.08,26.15,27.88,24.96,91.15,1.79,196.6,8.24
2024,7,1,24.42,99.15,26.07,27.39,25.04,89.48,2.35,217.7,5.26
2024,7,2,7.84,98.97,26.67,28.85,24.64,87.76,1.37,217.3,13.69
2024,7,3,38.94,98.95,27.25,29.04,26.01,90.14,1.84,243.8,14.11
2024,7,4,48.22,99.08,26.44,27.91,25.34,87.41,2.81,241.7,8.02
2024,7,5,33.34,98.96,26.3,27.64,25.03,87.26,2.43,224.8,7.8
2024,7,6,65.52,98.85,26.53,27.9,25.6,92.04,2.92,237.6,4.17
2024,7,7,50.33,98.88,26.21,27.77,25.15,88.34,2.63,252.8,7.59
2024,7,8,58.37,98.81,25.9,27.59,24.53,87.9,2.52,260.6,2.56
2024,7,9,66.08,98.88,25.69,26.62,24.89,91.57,2.58,250.6,9.51
2024,7,10,32.66,99.13,25.82,27.1,24.78,90.25,2.01,257.5,12.11
2024,7,11,21.71,99.12,25.8,27.7,24.31,87.01,1.6,282.1,14.99
2024,7,12,48.87,99.0,25.6,27.55,23.58,90.44,1.57,230.5,12.0
2024,7,13,88.22,98.98,25.75,27.01,24.8,91.31,2.33,244.6,9.18
2024,7,14,87.05,98.87,25.94,27.09,25.01,89.93,3.69,274.0,5.88
2024,7,15,139.02,98.69,26.15,27.11,25.28,93.57,4.64,258.1,4.55
2024,7,16,63.99,98.76,25.93,27.01,25.28,92.26,4.23,251.8,6.43
2024,7,17,51.92,98.91,26.1,26.98,25.58,92.54,3.75,259.6,6.6
2024,7,18,118.71,98.98,25.75,26.48,25.36,91.91,4.18,267.0,4.21
2024,7,19,72.63,98.85,25.93,26.66,25.52,93.53,3.28,271.5,7.66
2024,7,20,41.47,98.87,26.02,27.05,25.27,92.31,2.83,266.2,16.08
2024,7,21,29.23,98.89,25.9,27.1,25.02,92.18,2.8,258.8,11.95
2024,7,22,24.89,99.12,26.13,27.55,25.11,90.01,2.53,252.6,10.14
2024,7,23,47.09,99.21,25.82,27.36,24.57,89.48,2.64,257.7,9.77
2024,7,24,33.62,99.03,26.08,27.48,24.96,90.51,2.9,257.4,14.37
2024,7,25,36.92,98.93,26.03,26.95,25.09,90.59,3.75,258.6,10.73
2024,7,26,28.35,98.97,25.99,26.83,25.34,91.43,3.28,259.5,10.59
2024,7,27,11.29,99.02,26.18,27.42,25.28,92.0,2.65,266.8,16.45
2024,7,28,9.02,98.82,26.41,27.95,25.4,89.84,2.89,267.1,16.17
2024,7,29,54.62,98.7,26.52,27.79,25.62,91.52,2.75,251.6,11.72
2024,7,30,149.73,98.93,26.05,27.0,25.12,93.74,2.57,245.8,3.09
2024,7,31,85.56,99.08,25.8,27.0,24.91,92.38,2.79,267.4,6.15
2024,8,1,130.9,99.07,25.99,27.11,25.19,92.3,2.23,274.6,6.59
2024,8,2,29.69,99.09,25.92,27.57,24.76,90.01,2.25,256.7,10.7
2024,8,3,39.72,99.21,25.33,26.64,24.29,88.16,2.22,266.0,13.14
2024,8,4,22.35,99.18,25.56,26.85,24.62,89.56,2.01,281.4,9.79
2024,8,5,21.44,99.13,25.64,27.51,24.26,89.95,1.54,245.5,17.87
2024,8,6,50.94,99.04,25.27,26.88,24.28,90.97,1.93,276.6,6.55
2024,8,7,19.69,99.07,25.01,26.46,23.86,89.75,2.43,273.5,12.56
2024,8,8,21.34,99.13,25.35,27.27,23.96,89.72,2.38,287.7,10.05
2024,8,9,26.81,99.15,25.69,27.94,24.09,90.38,2.34,296.3,17.99
2024,8,10,11.92,99.13,25.87,27.83,24.37,90.87,2.18,299.5,17.35
2024,8,11,7.44,98.95,26.18,28.15,24.96,91.84,2.55,313.5,17.66
2024,8,12,6.59,98.88,26.56,28.7,25.0,90.79,2.34,314.8,23.09
2024,8,13,12.07,98.83,27.21,29.84,25.12,89.1,2.71,319.8,20.59
2024,8,14,57.02,98.74,27.3,29.88,25.82,90.51,3.15,307.3,22.32
2024,8,15,6.17,98.61,27.71,30.71,25.77,88.95,2.12,337.1,13.68
2024,8,16,10.09,98.58,26.64,28.65,25.51,91.7,3.57,303.1,10.85
2024,8,17,15.98,98.57,26.17,27.68,25.15,94.01,4.23,274.9,9.25
2024,8,18,6.43,98.79,26.48,29.02,24.8,90.39,2.11,282.2,19.17
2024,8,19,28.25,98.7,26.65,29.07,24.96,91.26,2.31,287.1,12.68
2024,8,20,92.5,98.68,26.24,29.29,24.13,90.38,2.5,173.3,18.34
2024,8,21,66.56,98.75,26.19,27.97,25.29,91.66,3.95,165.2,18.89
2024,8,22,19.15,98.92,26.26,27.56,25.33,91.01,2.69,212.1,19.33
2024,8,23,2.82,99.08,26.25,27.91,25.17,90.46,2.22,216.8,19.66
2024,8,24,40.13,99.21,25.92,27.49,24.82,90.99,2.52,221.2,17.8
2024,8,25,18.92,99.2,25.8,26.9,25.11,91.27,2.83,259.5,13.67
2024,8,26,24.16,99.12,26.21,27.46,25.36,90.14,2.64,253.4,16.45
2024,8,27,17.81,99.17,26.28,27.88,25.19,89.44,2.23,252.6,18.43
2024,8,28,26.15,99.2,26.25,28.0,25.1,88.83,2.44,258.6,12.38
2024,8,29,21.52,99.04,26.37,27.93,25.18,90.69,2.59,268.0,11.36
2024,8,30,11.96,99.04,26.37,27.76,25.4,92.28,2.11,278.7,18.29
2024,8,31,16.5,99.06,26.18,27.66,25.15,90.71,2.82,295.4,10.0
2024,9,1,33.88,99.02,25.82,26.76,24.69,91.99,3.34,296.7,11.94
2024,9,2,9.14,98.97,26.19,28.38,24.44,89.12,2.35,286.8,18.09
2024,9,3,14.16,99.06,26.38,28.35,24.85,89.09,2.69,268.6,20.64
2024,9,4,10.39,99.13,26.26,27.92,25.14,88.93,2.72,277.2,21.61
2024,9,5,15.6,99.0,26.39,28.18,25.27,89.16,3.23,286.1,20.45
2024,9,6,15.26,99.06,26.25,28.1,25.04,88.78,2.82,291.4,18.0
2024,9,7,14.39,99.15,26.11,27.91,24.75,89.75,2.42,282.3,16.2
2024,9,8,25.48,99.18,26.33,28.15,24.89,88.96,2.29,271.0,13.61
2024,9,9,23.62,98.98,26.27,27.62,25.4,90.68,2.6,268.9,13.89
2024,9,10,20.81,98.93,26.52,28.23,25.47,89.44,2.84,267.5,18.48
2024,9,11,13.53,99.03,26.52,28.6,25.07,87.29,2.58,269.1,19.73
2024,9,12,8.56,99.15,26.45,28.69,24.88,86.43,2.06,278.2,21.96
2024,9,13,7.78,99.13,26.24,28.51,24.56,86.94,1.89,296.6,20.55
2024,9,14,8.41,99.1,26.14,28.46,24.35,87.46,1.82,302.4,20.11
2024,9,15,6.74,99.12,26.45,28.71,24.72,86.37,2.18,309.4,21.64
2024,9,16,6.75,99.12,26.3,28.56,24.55,86.37,2.48,308.3,22.23
2024,9,17,6.18,99.07,26.49,29.29,24.45,85.64,2.78,307.7,22.28
2024,9,18,1.93,98.99,25.78,28.44,23.49,85.39,1.96,309.9,22.77
2024,9,19,1.28,98.98,26.33,28.89,24.64,83.73,1.45,299.2,22.61
2024,9,20,2.15,98.97,26.38,29.03,24.46,83.67,1.55,280.9,21.17
2024,9,21,6.88,99.03,26.14,28.51,24.64,86.6,1.89,279.2,19.96
2024,9,22,6.48,98.97,25.81,28.02,24.36,86.32,2.12,315.7,17.56
2024,9,23,18.91,98.93,25.75,28.0,24.15,88.19,2.65,296.1,12.42
2024,9,24,32.79,98.82,26.11,27.73,25.04,89.12,2.79,288.5,9.37
2024,9,25,11.2,98.85,26.11,27.9,25.03,87.03,2.86,281.4,16.59
2024,9,26,8.49,98.89,26.27,28.43,24.76,86.71,2.28,291.7,18.46
2024,9,27,12.51,99.02,26.24,28.2,25.04,89.36,1.5,281.6,16.25
2024,9,28,1.14,99.1,26.64,29.28,24.84,86.74,1.61,314.4,22.99
2024,9,29,3.91,99.08,27.0,30.16,24.8,87.76,2.3,314.8,18.7
2024,9,30,10.01,99.1,26.93,29.18,25.5,90.02,2.22,275.8,21.26
2024,10,1,1.11,98.98,27.4,29.98,25.85,87.78,1.19,258.8,22.95
2024,10,2,0.72,99.09,27.14,29.7,25.32,87.72,1.31,231.4,22.5
2024,10,3,1.32,99.1,26.88,29.11,25.24,86.65,1.06,303.5,18.7
2024,10,4,3.78,99.11,26.61,28.75,25.17,87.0,1.03,282.3,20.82
2024,10,5,4.22,99.11,26.6,28.97,25.11,84.55,0.75,252.7,18.01
2024,10,6,16.73,99.06,26.12,28.32,24.85,86.34,1.14,220.8,18.46
2024,10,7,24.25,99.1,26.55,29.88,24.37,84.47,1.66,175.7,19.02
2024,10,8,13.5,99.14,25.82,27.52,24.4,88.87,1.53,172.6,17.73
2024,10,9,5.73,98.92,26.25,28.48,24.83,90.03,3.05,152.0,8.14
2024,10,10,4.2,98.85,26.59,29.01,25.05,87.43,3.07,174.4,4.27
2024,10,11,8.98,98.85,26.4,28.37,25.21,89.98,2.66,203.0,16.01
2024,10,12,4.86,98.98,26.44,28.55,25.11,89.07,1.77,209.3,6.41
2024,10,13,6.05,99.03,26.47,28.76,24.89,87.96,1.54,226.7,15.27
2024,10,14,8.68,99.04,26.53,28.96,25.07,87.89,1.55,283.3,19.08
2024,10,15,32.64,99.0,26.05,28.59,24.67,88.71,1.49,281.1,9.9
2024,10,16,39.56,98.94,25.44,26.31,24.5,91.05,2.98,203.8,11.82
2024,10,17,4.68,98.97,25.7,27.41,24.12,87.95,2.18,172.6,16.64
2024,10,18,9.6,99.02,25.71,26.52,25.0,90.63,1.96,182.5,16.2
2024,10,19,8.96,99.17,26.37,29.07,24.55,85.95,1.36,247.6,15.69
2024,10,20,8.39,99.19,26.14,27.82,24.97,89.95,1.25,264.6,17.04
2024,10,21,6.26,99.21,26.67,29.02,24.81,85.6,0.96,291.2,18.52
2024,10,22,1.61,99.19,26.98,29.54,24.86,85.06,1.1,293.1,21.24
2024,10,23,2.1,99.16,27.39,30.03,25.11,85.87,1.12,284.5,20.31
2024,10,24,5.18,99.16,26.94,29.01,25.71,87.28,1.62,219.1,16.55
2024,10,25,1.74,99.21,26.48,28.25,25.12,85.67,1.46,215.6,19.49
2024,10,26,0.47,99.18,26.9,29.85,24.81,81.64,1.16,282.4,19.98
2024,10,27,0.79,99.09,26.65,28.85,24.99,82.67,1.37,280.9,18.46
2024,10,28,2.75,99.01,26.87,28.98,25.32,82.64,1.61,282.6,15.34
2024,10,29,1.01,99.09,26.7,29.28,25.05,83.18,1.52,296.6,19.77
2024,10,30,1.25,99.1,26.85,29.36,24.95,83.43,1.51,294.6,19.76
2024,10,31,10.48,99.13,27.19,29.77,25.66,85.98,1.44,295.0,20.06
2024,11,1,19.02,99.19,26.77,28.22,25.83,91.24,1.54,286.2,17.71
2024,11,2,13.71,99.21,27.58,30.85,25.04,81.58,1.05,352.4,18.8
2024,11,3,5.75,99.22,26.94,29.91,24.15,84.33,1.48,173.5,19.56
2024,11,4,10.62,99.16,26.51,28.22,25.09,86.31,1.21,225.9,18.56
2024,11,5,2.13,99.23,26.61,29.26,24.68,84.2,1.32,210.2,18.55
2024,11,6,0.91,99.28,27.15,30.29,24.22,76.51,1.07,281.4,19.18
2024,11,7,0.1,99.21,27.43,30.55,24.01,77.36,1.02,343.4,18.53
2024,11,8,0.44,99.2,26.58,28.47,25.24,83.52,1.28,160.4,17.71
2024,11,9,0.01,99.19,27.38,30.34,24.71,76.36,1.02,104.5,18.27
2024,11,10,0.01,99.22,27.23,30.49,24.24,75.57,1.08,339.3,20.42
2024,11,11,0.0,99.15,26.8,30.33,23.19,75.22,1.04,37.1,18.92
2024,11,12,0.02,99.06,26.49,30.2,22.47,75.32,1.27,69.4,17.13
2024,11,13,0.24,98.92,27.33,30.71,23.89,78.67,1.68,118.8,19.78
2024,11,14,4.52,99.06,27.54,30.34,25.32,82.6,1.53,175.5,18.12
2024,11,15,3.81,99.16,27.37,30.17,25.0,82.9,1.06,291.2,19.31
2024,11,16,0.85,99.06,27.67,30.6,25.1,80.22,1.31,162.4,18.75
2024,11,17,1.77,99.07,27.98,31.17,25.33,79.33,1.1,104.7,16.99
2024,11,18,0.29,99.11,27.77,31.52,24.45,77.73,1.57,131.6,17.37
2024,11,19,0.2,99.19,27.64,30.26,25.23,78.58,0.96,299.0,17.11
2024,11,20,0.06,99.17,26.99,30.03,23.94,78.66,1.57,127.5,15.98
2024,11,21,0.05,99.16,26.71,29.31,24.37,78.9,0.97,144.6,13.83
2024,11,22,0.01,99.13,26.85,30.19,23.53,74.0,1.12,54.7,18.84
2024,11,23,0.01,99.24,27.01,29.87,24.09,74.1,0.71,307.3,16.57
2024,11,24,0.02,99.23,26.87,30.25,23.52,74.09,0.89,5.8,17.86
2024,11,25,0.0,99.14,26.25,30.34,22.82,73.5,1.36,68.3,18.23
2024,11,26,0.01,99.1,25.97,29.21,22.52,74.99,1.36,78.2,17.05
2024,11,27,0.1,99.01,26.99,30.32,24.18,77.13,0.96,99.8,13.29
2024,11,28,0.0,98.97,26.26,30.02,23.21,75.11,1.47,55.0,17.32
2024,11,29,0.0,98.95,25.51,29.69,21.36,78.0,1.92,28.4,19.32
2024,11,30,0.27,98.87,26.76,30.16,23.85,82.86,2.08,341.2,14.14
2024,12,1,2.72,98.74,26.9,29.64,24.74,84.14,2.55,324.0,14.68
2024,12,2,11.61,98.71,26.18,27.41,25.22,90.21,2.63,314.3,4.19
2024,12,3,84.67,98.78,26.07,27.27,24.88,92.09,2.47,232.7,5.04
2024,12,4,0.82,99.08,26.35,29.13,24.33,85.38,1.4,166.1,8.85
2024,12,5,2.37,99.17,26.29,28.58,24.73,86.44,0.79,244.9,18.93
2024,12,6,1.63,99.17,27.15,30.2,24.68,82.41,0.82,262.3,19.4
2024,12,7,0.82,99.17,26.8,29.2,24.87,85.13,1.25,263.4,17.95
2024,12,8,0.41,99.14,26.51,28.28,25.4,88.57,1.76,261.9,11.94
2024,12,9,0.17,99.14,26.6,28.78,24.57,82.93,1.43,308.0,16.51
2024,12,10,0.15,99.13,26.93,29.71,24.64,80.45,1.19,305.7,16.54
2024,12,11,0.22,99.09,27.25,30.47,24.56,78.0,1.17,30.1,18.1
2024,12,12,0.33,99.05,26.97,29.98,24.24,78.97,1.27,72.4,14.46
2024,12,13,0.71,99.1,26.62,29.13,24.49,78.92,1.15,94.3,13.93
2024,12,14,0.01,99.2,26.98,30.34,23.92,76.2,1.25,118.5,17.01
2024,12,15,0.0,99.35,25.74,29.37,22.79,68.83,1.06,77.0,18.87
2024,12,16,0.0,99.27,24.46,29.18,19.59,66.78,1.24,87.0,19.77
2024,12,17,0.0,99.21,25.13,29.17,20.52,64.88,1.0,102.0,19.72
2024,12,18,0.0,99.12,25.58,29.51,21.92,68.63,0.97,324.5,19.29
2024,12,19,0.05,99.08,26.51,29.75,23.8,78.68,1.18,285.6,18.11
2024,12,20,0.06,99.05,26.82,29.99,24.66,82.14,2.29,316.2,17.12
2024,12,21,0.23,99.15,26.09,28.85,24.47,83.09,2.38,318.8,17.13
2024,12,22,0.03,99.23,25.62,28.79,23.48,82.64,2.05,308.7,17.97
2024,12,23,0.11,99.22,25.23,27.91,23.36,82.17,1.89,297.8,16.67
2024,12,24,0.29,99.22,25.42,28.33,23.58,82.68,1.76,286.8,13.41
2024,12,25,0.02,99.31,26.01,29.33,23.55,78.71,1.48,297.3,17.51
2024,12,26,0.29,99.4,26.48,30.24,23.2,77.51,1.27,320.7,19.16
2024,12,27,0.65,99.44,26.92,30.44,24.11,79.46,1.76,152.0,16.09
2024,12,28,0.04,99.46,26.78,30.42,24.04,69.71,1.43,157.0,20.18
2024,12,29,0.0,99.46,26.37,30.46,22.92,69.79,1.1,52.6,20.09
2024,12,30,0.0,99.38,26.66,31.64,22.13,68.27,1.38,59.7,19.38
2024,12,31,0.0,99.37,26.83,31.83,22.83,67.04,1.75,71.3,20.44
2025,1,1,0.0,99.29,25.76,30.84,21.7,65.31,1.81,85.9,20.74
2025,1,2,0.0,99.32,25.59,30.7,21.22,66.79,1.57,126.2,18.74
2025,1,3,0.0,99.3,25.71,30.26,21.8,64.83,0.94,68.9,19.78
2025,1,4,0.0,99.28,25.02,30.34,19.87,60.78,1.23,126.0,20.08
2025,1,5,0.0,99.28,24.9,30.11,19.87,64.44,1.26,337.2,19.84
2025,1,6,0.0,99.28,25.36,30.29,21.02,69.4,1.5,315.8,18.78
2025,1,7,0.0,99.25,25.67,30.74,20.99,63.75,1.29,352.0,18.07
2025,1,8,0.0,99.22,25.24,30.14,20.46,65.27,0.91,62.9,18.91
2025,1,9,0.0,99.29,25.09,30.12,20.36,64.99,1.72,128.9,17.93
2025,1,10,0.0,99.41,25.96,30.2,22.21,67.99,1.28,9.1,17.98
2025,1,11,0.0,99.39,26.69,31.23,22.99,70.13,1.35,339.1,18.81
2025,1,12,0.04,99.31,27.27,31.86,23.59,70.84,1.34,308.4,17.46
2025,1,13,0.05,99.19,27.49,32.22,23.36,72.44,1.34,264.1,18.83
2025,1,14,2.27,99.28,26.62,29.52,24.69,78.0,1.13,103.2,14.79
2025,1,15,0.27,99.37,26.67,30.81,23.13,62.02,1.15,124.8,15.28
2025,1,16,0.0,99.34,26.72,31.85,22.55,62.29,1.48,67.9,20.76
2025,1,17,0.12,99.17,27.17,31.98,23.0,63.44,1.43,113.1,20.1
2025,1,18,0.02,99.16,26.67,32.0,22.16,63.17,1.46,119.6,16.52
2025,1,19,9.3,99.24,26.71,31.61,22.89,72.7,1.1,134.0,18.71
2025,1,20,6.99,99.17,26.72,31.6,23.33,70.57,1.02,31.8,20.78
2025,1,21,0.0,99.08,25.89,31.91,20.78,63.6,1.41,59.0,20.63
2025,1,22,0.0,99.08,25.95,31.57,20.61,62.68,1.67,163.7,18.89
2025,1,23,0.0,99.1,27.47,32.51,23.31,67.08,1.09,293.1,18.58
2025,1,24,0.0,99.07,26.77,32.2,22.23,63.72,1.02,244.6,20.57
2025,1,25,0.0,99.12,26.31,33.05,20.98,57.41,1.15,61.3,22.14
2025,1,26,0.0,99.12,26.11,33.09,20.0,51.3,1.25,117.9,22.72
2025,1,27,0.0,99.08,26.21,32.55,20.52,58.3,1.18,50.7,22.21
2025,1,28,0.0,99.17,25.69,30.86,20.65,67.71,1.64,184.3,17.39
2025,1,29,0.0,99.2,27.22,33.14,22.02,61.27,0.97,353.2,20.56
2025,1,30,0.01,99.18,27.13,32.0,23.1,68.85,1.65,185.8,19.87
2025,1,31,0.02,99.12,27.57,32.62,23.66,68.23,1.45,305.4,19.47
2025,2,1,0.01,99.15,28.06,33.59,23.58,61.74,1.64,318.6,19.24
2025,2,2,0.0,99.16,27.91,33.3,23.69,64.29,1.57,289.7,20.21
2025,2,3,0.0,99.23,27.45,32.92,22.45,63.68,1.53,290.7,20.97
2025,2,4,0.0,99.23,27.86,33.28,23.95,65.8,1.56,292.2,21.3
2025,2,5,0.0,99.14,27.71,33.33,23.25,60.22,1.51,299.0,21.87
2025,2,6,0.0,99.12,27.69,33.27,23.16,59.09,1.48,281.8,21.9
2025,2,7,0.0,99.26,27.67,33.24,23.06,59.74,1.57,258.5,22.22
2025,2,8,0.0,99.26,27.85,34.02,22.64,55.05,1.39,265.8,22.6
2025,2,9,0.0,99.21,28.23,34.08,23.66,59.47,1.46,261.7,20.69
2025,2,10,0.0,99.31,28.26,33.96,24.02,60.26,1.34,271.3,21.2
2025,2,11,0.0,99.37,27.62,33.33,22.84,59.7,1.72,244.1,21.59
2025,2,12,0.0,99.29,28.13,35.39,21.76,48.11,1.39,322.8,24.05
2025,2,13,0.0,99.33,28.01,34.72,22.19,55.18,1.49,253.5,21.99
2025,2,14,0.0,99.31,27.94,34.08,23.15,61.96,1.44,275.0,21.66
2025,2,15,0.0,99.17,28.72,34.89,23.75,55.81,1.49,312.8,21.78
2025,2,16,0.0,99.21,28.24,34.71,22.77,58.03,1.61,269.7,21.31
2025,2,17,0.0,99.33,28.12,34.32,22.65,62.71,1.99,223.8,21.95
2025,2,18,0.0,99.35,28.52,33.86,24.64,65.6,1.55,266.6,20.81
2025,2,19,0.0,99.21,28.65,34.22,24.16,64.9,1.96,306.8,21.65
2025,2,20,0.01,99.25,28.93,34.34,24.65,64.59,1.66,292.4,21.54
2025,2,21,0.02,99.33,29.04,34.0,25.44,66.72,1.41,259.7,21.07
2025,2,22,0.03,99.39,29.41,34.96,25.26,60.04,1.76,249.2,20.49
2025,2,23,0.02,99.35,29.44,35.4,24.82,55.56,1.32,302.9,20.91
2025,2,24,0.0,99.32,29.55,36.02,24.65,46.22,1.75,71.3,24.06
2025,2,25,0.0,99.44,29.01,35.45,23.93,46.76,1.94,145.9,24.24
2025,2,26,0.0,99.39,29.59,36.26,24.36,48.28,1.79,236.0,24.46
2025,2,27,0.0,99.28,29.65,36.11,24.39,44.86,1.89,265.9,24.57
2025,2,28,0.0,99.17,29.71,36.1,24.63,47.19,1.55,274.9,22.75
2025,3,1,0.05,99.11,29.95,35.95,25.39,52.18,1.89,253.6,20.36
2025,3,2,0.11,99.05,30.26,35.86,25.89,57.9,1.57,260.1,21.79
2025,3,3,0.2,99.09,30.49,36.48,26.78,62.73,1.53,275.7,18.13
2025,3,4,0.09,99.06,30.24,36.14,25.65,56.8,1.46,277.3,16.04
2025,3,5,0.08,99.17,29.54,34.95,25.87,63.9,2.11,243.0,21.35
2025,3,6,0.12,99.21,29.98,35.57,26.07,62.56,1.73,290.0,21.89
2025,3,7,0.03,99.13,28.95,34.81,24.42,57.13,1.75,270.6,23.05
2025,3,8,0.04,99.01,29.25,35.41,25.22,62.41,1.93,297.6,24.12
2025,3,9,0.03,99.0,29.38,36.36,24.28,56.3,1.86,283.6,23.7
2025,3,10,0.13,99.17,30.23,36.85,25.47,56.89,1.65,260.3,23.49
2025,3,11,0.0,99.16,30.87,37.89,24.76,44.49,1.77,286.4,25.25
2025,3,12,8.54,99.16,30.13,35.6,27.21,62.39,1.74,214.8,24.11
2025,3,13,4.08,99.12,28.9,32.79,26.35,73.43,1.57,286.6,19.7
2025,3,14,0.95,99.15,28.99,33.13,26.56,74.55,1.68,284.4,23.89
2025,3,15,1.11,99.2,29.12,33.51,26.22,72.48,1.6,288.4,23.86
2025,3,16,1.56,99.23,28.76,32.87,26.06,74.56,1.54,288.3,23.34
2025,3,17,1.39,99.26,28.02,30.38,26.46,77.39,1.37,276.6,16.84
2025,3,18,0.32,99.19,28.6,32.5,26.02,74.28,1.65,298.4,23.64
2025,3,19,0.45,99.29,29.15,33.46,26.3,72.07,1.37,274.4,21.12
2025,3,20,0.31,99.42,29.5,34.09,26.25,71.59,1.77,282.0,21.72
2025,3,21,0.09,99.43,29.95,34.61,26.64,65.17,2.04,307.0,24.06
2025,3,22,0.08,99.34,30.13,35.87,26.03,56.04,2.4,313.0,24.67
2025,3,23,1.74,99.33,29.82,35.29,25.91,58.55,1.98,301.6,24.25
2025,3,24,0.22,99.25,30.06,36.5,24.89,59.0,2.23,310.6,25.38
2025,3,25,2.06,99.07,29.73,34.83,26.43,67.05,2.26,299.3,22.32
2025,3,26,3.63,98.99,29.25,34.62,26.13,70.04,1.94,293.3,19.54
2025,3,27,1.17,98.98,29.45,34.86,25.91,65.88,2.39,315.5,21.7
2025,3,28,0.26,98.89,29.8,35.74,25.51,64.46,2.47,310.4,23.07
2025,3,29,0.28,98.89,29.74,34.24,26.86,67.0,2.2,302.3,20.99
2025,3,30,0.48,98.97,30.06,36.05,26.18,66.44,1.92,289.6,22.39
2025,3,31,0.51,99.0,29.97,35.53,26.24,66.51,1.91,292.8,20.67
2025,4,1,0.24,98.92,29.26,33.14,26.3,68.19,1.69,278.1,21.69
2025,4,2,1.96,99.03,29.16,33.13,26.67,69.89,1.7,222.0,21.19
2025,4,3,4.56,99.24,28.69,32.64,26.42,71.29,1.66,256.1,19.12
2025,4,4,3.23,99.2,29.35,34.91,25.51,69.21,2.1,305.9,24.45
2025,4,5,2.32,99.13,29.27,33.69,26.55,72.57,1.68,259.5,20.37
2025,4,6,1.79,99.04,29.79,34.63,26.39,69.7,1.84,288.5,25.3
2025,4,7,0.28,99.02,30.62,36.49,26.12,64.38,1.95,283.9,23.66
2025,4,8,0.63,99.13,30.32,35.59,26.7,67.28,1.52,259.0,23.61
2025,4,9,1.76,99.1,30.05,35.32,26.94,66.83,1.67,270.0,23.55
2025,4,10,2.11,99.01,29.01,32.62,26.89,70.42,1.55,264.3,22.34
2025,4,11,2.03,98.97,28.72,32.39,26.42,72.53,1.71,247.4,21.89
2025,4,12,3.92,99.06,28.76,33.01,25.9,71.14,1.68,275.7,23.57
2025,4,13,2.48,99.07,29.65,35.59,25.61,66.75,2.15,306.3,24.86
2025,4,14,2.06,99.02,29.55,34.98,25.73,70.69,2.1,301.0,22.9
2025,4,15,1.47,99.0,30.01,35.29,26.45,67.57,1.89,295.4,23.95
2025,4,16,1.29,99.09,29.79,34.15,26.94,66.17,1.5,270.5,24.07
2025,4,17,0.17,99.01,29.61,34.42,26.23,67.44,2.0,293.4,22.39
2025,4,18,0.27,99.01,29.22,33.36,26.36,69.4,1.8,276.6,22.89
2025,4,19,1.28,98.98,29.44,33.71,26.55,70.31,1.86,280.7,22.4
2025,4,20,2.27,99.0,29.29,33.06,26.7,72.4,1.82,287.2,20.0
2025,4,21,2.04,99.07,30.17,35.24,26.89,69.79,2.17,297.1,22.54
2025,4,22,0.7,99.16,30.61,35.74,27.57,65.51,2.19,290.5,24.38
2025,4,23,0.27,99.08,29.99,34.85,26.83,70.08,2.25,287.2,24.25
2025,4,24,0.56,98.94,30.07,34.3,27.44,68.7,2.2,284.3,22.4
2025,4,25,2.04,98.94,29.35,32.73,27.23,76.12,2.17,296.4,23.12
2025,4,26,7.02,98.9,29.83,34.63,26.97,73.03,2.19,299.6,23.48
2025,4,27,13.3,98.99,28.84,31.51,26.96,78.51,1.94,296.2,22.91
2025,4,28,3.34,98.87,28.88,31.86,26.85,78.69,1.53,293.0,22.71
2025,4,29,1.9,98.85,29.6,33.63,27.01,75.78,1.93,298.6,24.26
2025,4,30,4.15,98.94,29.05,32.2,27.18,78.08,1.81,301.7,23.42
2025,5,1,3.03,99.01,29.01,32.5,26.67,76.95,1.63,296.3,21.67
2025,5,2,6.27,99.03,29.63,34.35,26.54,72.56,1.91,303.4,23.11
2025,5,3,10.78,99.06,28.44,31.84,26.4,76.51,1.58,282.3,21.9
2025,5,4,4.15,98.95,29.45,33.32,26.67,70.48,2.15,306.5,25.03
2025,5,5,0.65,98.95,29.41,33.37,26.5,71.54,2.13,310.0,25.08
2025,5,6,0.27,99.0,29.38,33.61,26.29,71.55,2.36,310.0,25.65
2025,5,7,0.25,98.94,29.71,34.08,26.58,68.34,3.01,308.4,25.24
2025,5,8,0.26,98.99,29.24,32.92,26.24,66.67,2.86,304.9,26.01
2025,5,9,0.01,99.04,28.89,33.47,25.22,64.52,2.4,303.2,26.37
2025,5,10,0.21,99.05,28.91,32.75,25.8,69.19,1.83,291.9,24.08
2025,5,11,1.49,98.98,29.1,32.71,26.6,72.92,1.7,259.6,25.09
2025,5,12,2.49,98.84,29.07,32.39,26.57,74.36,1.81,291.7,23.92
2025,5,13,15.23,98.86,28.41,30.92,26.89,80.77,2.07,294.1,22.85
2025,5,14,6.94,98.93,28.03,30.72,26.35,79.39,2.13,311.9,22.64
2025,5,15,10.76,98.96,28.11,30.42,26.41,80.9,1.45,303.1,14.86
2025,5,16,10.33,98.93,27.94,29.65,26.78,83.73,1.63,294.1,18.94
2025,5,17,7.0,98.9,28.15,30.75,26.23,79.53,1.89,291.9,18.85
2025,5,18,5.24,98.72,27.86,29.99,26.57,83.94,2.73,281.2,17.85
2025,5,19,54.2,98.52,27.51,28.97,26.7,88.63,4.4,310.9,17.17
2025,5,20,119.52,98.27,27.37,28.83,26.47,90.57,6.41,299.6,6.71
2025,5,21,64.26,98.69,27.17,28.07,26.31,86.09,4.48,249.6,9.47
2025,5,22,17.35,98.81,27.91,30.23,26.36,82.64,3.19,250.4,18.51
2025,5,23,31.9,98.6,28.17,30.16,26.57,83.52,3.4,229.6,10.16
2025,5,24,46.68,98.57,27.86,29.44,27.01,84.46,4.76,246.8,12.99
2025,5,25,63.51,98.73,27.76,29.4,26.66,85.24,4.16,255.8,6.42
2025,5,26,65.63,98.76,26.93,27.8,26.18,86.49,3.77,273.0,3.17
2025,5,27,23.33,98.69,26.93,28.85,25.81,85.43,2.97,299.9,13.44
2025,5,28,46.27,98.7,27.15,29.17,25.85,84.34,3.3,295.7,4.66
2025,5,29,36.62,98.67,26.89,28.64,25.56,84.85,3.27,277.5,8.93
2025,5,30,78.69,98.75,27.12,28.31,25.95,88.72,4.02,268.7,3.89
2025,5,31,18.08,99.03,27.28,28.79,26.06,86.76,2.75,273.7,19.42
2025,6,1,9.22,99.12,27.32,29.07,25.93,83.62,2.04,276.4,21.99
2025,6,2,26.25,99.03,27.39,29.38,25.77,87.25,2.22,240.5,20.43
2025,6,3,18.96,99.06,27.55,29.23,26.37,86.82,1.58,228.2,20.38
2025,6,4,15.79,99.09,27.05,28.85,25.62,81.38,1.18,237.3,20.31
2025,6,5,3.27,99.11,26.99,30.02,24.69,83.42,2.08,326.1,23.14
2025,6,6,1.05,99.16,27.02,29.85,24.89,85.07,2.16,315.6,24.05
2025,6,7,3.44,99.16,26.96,29.39,24.91,85.41,2.2,309.7,23.35
2025,6,8,6.43,99.09,27.39,29.71,25.56,84.95,3.06,310.1,22.11
2025,6,9,8.0,98.99,27.34,29.46,26.0,83.23,3.08,306.4,14.42
2025,6,10,26.37,98.78,27.27,29.21,25.74,86.04,3.18,305.0,13.67
2025,6,11,47.46,98.66,27.35,28.69,26.34,88.94,3.44,298.6,4.46
2025,6,12,88.68,98.51,26.37,27.38,25.67,91.1,4.66,275.5,8.31
2025,6,13,59.31,98.51,26.47,27.1,25.69,92.81,3.94,270.5,11.3
2025,6,14,107.67,98.74,26.04,26.96,25.17,88.48,4.43,258.9,8.4
2025,6,15,124.03,98.72,26.25,26.92,25.3,89.41,4.58,242.0,3.84
2025,6,16,34.79,98.84,26.52,27.97,25.34,86.58,3.78,249.9,4.37
2025,6,17,37.67,98.95,27.06,28.51,26.14,90.16,2.79,254.7,5.56
2025,6,18,19.73,98.99,27.01,28.17,26.17,90.6,2.31,254.7,17.6
2025,6,19,14.45,98.99,27.02,28.56,25.94,88.99,2.8,265.6,18.0
2025,6,20,12.24,99.06,27.03,28.7,25.81,89.16,2.88,261.4,21.57
2025,6,21,7.02,99.08,27.05,28.78,25.97,87.66,3.17,274.8,19.18
2025,6,22,36.04,99.03,27.05,28.87,25.73,87.63,2.91,267.3,12.26
2025,6,23,38.16,98.99,26.65,27.94,25.43,90.9,2.72,268.8,14.34
2025,6,24,33.22,98.92,26.48,28.04,25.13,89.22,2.55,270.9,12.79
2025,6,25,32.94,98.86,26.78,28.14,25.68,91.69,2.34,258.4,13.48
2025,6,26,31.06,98.89,26.73,28.08,25.81,91.97,2.58,256.5,10.8
2025,6,27,16.53,98.97,26.5,27.7,25.72,91.4,2.45,259.9,8.0
2025,6,28,13.5,98.99,26.77,28.53,25.54,87.93,2.76,265.5,17.18
2025,6,29,10.72,98.97,26.61,28.18,25.51,87.47,2.84,275.0,17.06
2025,6,30,21.9,98.96,26.67,28.37,25.45,88.32,2.73,272.4,10.18
2025,7,1,13.45,98.99,26.64,28.37,25.26,87.84,2.52,279.6,12.13
2025,7,2,92.66,98.98,26.23,27.28,25.32,91.33,2.32,240.2,8.35
2025,7,3,44.01,99.07,26.1,27.79,24.75,87.54,2.18,258.2,9.76
2025,7,4,36.81,99.16,25.88,27.07,25.04,88.92,2.15,241.1,10.36
2025,7,5,38.07,99.08,26.16,27.47,24.81,90.91,2.52,267.8,11.7
2025,7,6,25.66,99.0,26.45,27.81,25.58,90.32,3.14,270.5,13.75
2025,7,7,16.9,99.0,26.33,27.63,25.48,90.02,2.82,266.8,14.53
2025,7,8,18.12,99.04,26.35,27.84,25.28,89.71,2.88,279.7,17.74
2025,7,9,21.85,99.05,26.43,28.16,25.3,89.09,2.89,277.8,21.76
2025,7,10,24.1,98.95,26.41,28.03,25.16,89.19,2.96,288.5,18.09
2025,7,11,50.68,98.93,26.49,28.2,25.36,90.0,2.86,282.2,13.57
2025,7,12,42.96,99.0,26.33,27.83,25.48,90.25,2.53,287.7,11.42
2025,7,13,39.67,99.02,26.23,27.52,25.31,91.59,2.76,278.3,15.01
2025,7,14,77.04,99.01,25.92,26.96,25.11,92.18,2.76,263.2,8.44
2025,7,15,58.24,98.93,26.02,27.28,25.21,91.66,2.94,271.0,5.83
2025,7,16,113.27,98.82,26.06,27.27,25.16,92.44,3.44,280.3,9.91
2025,7,17,39.96,98.83,25.82,27.2,25.13,91.07,3.68,285.5,11.49
2025,7,18,49.38,98.85,25.73,26.98,25.01,91.72,3.88,286.7,5.8
2025,7,19,82.45,98.71,25.66,26.58,25.08,93.12,4.03,285.3,4.0
2025,7,20,80.95,98.69,25.63,26.52,24.65,92.98,3.69,274.8,5.48
2025,7,21,33.44,98.85,25.49,26.82,24.45,90.54,2.11,292.3,7.23
2025,7,22,61.78,98.92,25.62,27.45,24.3,90.22,1.86,277.2,9.98
2025,7,23,50.32,98.85,25.64,26.91,24.91,92.35,3.17,274.6,6.12
2025,7,24,64.21,98.79,25.45,26.31,24.63,93.01,2.86,256.1,7.78
2025,7,25,61.35,98.81,25.51,26.71,24.66,91.41,3.07,252.9,13.58
2025,7,26,43.43,98.96,25.51,26.36,24.86,91.14,3.63,270.1,11.41
2025,7,27,21.3,99.03,25.51,26.93,24.44,91.38,2.68,270.9,17.22
2025,7,28,9.31,99.07,25.57,27.23,24.34,89.71,2.95,293.9,20.83
2025,7,29,10.27,99.1,25.72,27.34,24.54,90.32,2.91,290.8,21.49
2025,7,30,9.29,99.03,25.91,27.82,24.47,90.47,2.61,289.5,18.98
2025,7,31,6.19,99.02,26.0,27.94,24.54,89.77,2.66,289.3,17.66
2025,8,1,6.92,98.98,25.77,27.77,24.24,90.32,2.72,300.7,12.99
2025,8,2,11.98,98.96,25.75,27.74,24.43,89.61,3.16,303.9,9.21
2025,8,3,16.85,98.99,25.61,27.6,24.24,90.78,2.94,303.0,12.87
2025,8,4,13.97,98.98,25.55,27.29,24.51,91.89,3.31,308.0,20.76
2025,8,5,46.01,98.87,25.46,26.52,24.9,94.26,4.26,295.6,7.78
2025,8,6,10.94,98.82,25.27,26.0,24.86,93.81,4.76,278.1,12.51
2025,8,7,8.56,98.89,25.47,27.04,24.55,91.63,2.79,300.3,11.66
2025,8,8,3.0,98.94,25.39,27.39,24.23,91.8,2.53,302.7,12.01
2025,8,9,24.88,99.11,25.43,27.59,23.92,89.98,2.62,314.1,13.1
2025,8,10,10.67,99.14,25.05,26.91,23.87,88.83,1.69,296.3,18.2
2025,8,11,6.99,99.2,24.88,27.11,23.39,87.24,1.54,306.8,18.1
2025,8,12,13.96,99.09,24.88,27.27,23.22,85.85,1.48,316.3,15.96
2025,8,13,31.33,98.92,24.74,26.61,22.94,91.11,2.09,264.0,8.56
2025,8,14,56.7,98.95,24.9,25.89,24.25,92.48,2.5,258.6,7.37
2025,8,15,38.19,98.89,24.86,25.82,23.96,92.73,2.89,269.2,10.64
2025,8,16,36.62,98.72,25.16,26.13,24.47,93.81,2.79,277.4,11.18
2025,8,17,57.07,98.77,25.05,26.15,24.4,93.29,3.33,272.9,7.68
2025,8,18,13.3,99.01,24.72,25.63,24.14,91.48,3.21,276.8,11.85
2025,8,19,18.26,99.06,24.95,26.2,24.1,91.46,2.4,276.8,12.18
2025,8,20,7.45,99.09,25.04,26.77,23.81,88.4,2.2,277.2,21.15
2025,8,21,8.37,99.19,25.41,27.52,23.86,90.17,1.81,286.5,20.52
2025,8,22,4.51,99.15,25.59,27.91,23.75,90.45,2.1,309.3,21.04
2025,8,23,1.73,99.15,25.4,27.43,23.93,88.86,2.13,305.1,18.62
2025,8,24,0.94,99.2,25.7,28.41,23.8,86.05,2.15,305.5,24.43
2025,8,25,1.2,99.15,25.58,28.13,23.68,84.99,2.17,304.6,16.57
2025,8,26,24.53,99.12,25.85,27.91,24.27,87.51,2.04,276.3,14.05
2025,8,27,75.54,99.02,25.59,27.15,24.63,91.79,2.69,279.9,5.59
2025,8,28,76.01,98.97,25.51,26.83,24.67,92.0,2.68,277.0,5.04
2025,8,29,93.46,98.97,25.58,27.09,24.71,91.41,2.76,273.3,7.11
2025,8,30,12.23,99.1,25.68,27.28,24.84,91.6,2.69,277.3,15.47
2025,8,31,31.5,99.07,25.8,27.62,24.53,91.41,2.74,293.1,15.72
2025,9,1,5.78,98.96,25.69,27.34,24.64,89.85,3.07,297.3,18.58
2025,9,2,23.93,98.92,25.56,27.35,24.28,88.96,3.02,284.5,19.31
2025,9,3,33.03,98.9,25.72,27.3,24.71,89.93,3.04,283.2,12.01
2025,9,4,19.68,98.96,25.81,27.65,24.69,89.52,2.82,283.4,18.31
2025,9,5,12.49,99.04,25.72,27.81,24.32,88.95,2.15,292.3,18.39
2025,9,6,8.06,99.11,25.71,27.98,24.0,89.22,1.9,300.7,16.59
2025,9,7,8.82,99.11,25.56,27.83,23.97,88.71,2.13,306.7,20.46
2025,9,8,1.72,99.06,25.51,28.11,23.37,87.8,1.78,316.9,22.44
2025,9,9,0.11,99.08,26.08,28.79,23.89,86.73,2.12,315.5,22.15
2025,9,10,0.22,99.09,26.42,29.34,24.55,85.36,2.38,320.2,21.65
2025,9,11,0.1,99.06,25.69,27.88,24.31,87.09,2.49,320.5,16.4
2025,9,12,0.12,99.04,26.07,28.88,23.89,84.89,2.65,317.2,20.36
2025,9,13,0.29,99.06,25.92,28.04,24.51,86.11,2.42,306.6,21.11
2025,9,14,0.55,99.08,25.88,28.32,24.11,85.63,1.86,301.5,19.35
2025,9,15,10.44,99.05,25.52,27.33,24.45,89.46,2.31,297.5,17.78
2025,9,16,2.63,99.0,25.71,27.54,24.48,90.04,2.59,298.6,15.84
2025,9,17,6.25,99.01,25.62,27.38,24.66,91.04,2.93,295.4,10.63
2025,9,18,12.54,99.03,25.63,26.97,24.78,91.36,2.91,297.8,15.22
2025,9,19,5.15,99.12,25.59,27.45,24.43,89.75,1.82,284.5,20.7
2025,9,20,4.68,99.12,25.73,27.41,24.7,89.07,1.75,296.1,19.13
2025,9,21,3.15,99.04,25.91,28.1,24.44,88.33,2.24,302.1,19.46
2025,9,22,3.01,99.12,25.61,27.68,24.34,88.96,1.94,310.7,12.03
2025,9,23,8.87,99.19,25.42,27.4,24.18,88.55,1.77,311.1,10.85
2025,9,24,7.7,99.08,25.44,27.62,24.06,86.95,1.84,308.0,19.98
2025,9,25,14.45,98.99,25.56,27.87,23.7,87.07,1.69,309.4,21.91
2025,9,26,15.62,98.96,25.9,28.04,24.36,87.83,2.57,305.6,19.54
2025,9,27,32.56,99.06,24.71,26.4,23.13,90.47,2.15,313.7,13.17
2025,9,28,35.4,99.01,25.64,28.04,23.12,87.99,2.1,272.0,19.26
2025,9,29,10.69,99.03,25.93,28.09,24.56,86.92,2.73,276.2,21.14
2025,9,30,9.91,98.97,25.94,28.27,24.31,86.41,2.15,283.0,20.24
2025,10,1,16.73,98.94,25.99,28.16,24.37,87.53,1.85,275.0,21.37
2025,10,2,12.28,99.07,26.24,28.38,24.75,88.12,1.68,263.4,17.09
2025,10,3,4.14,99.23,26.76,29.12,25.2,84.2,1.2,288.8,20.92
2025,10,4,0.73,99.32,26.4,28.77,24.86,85.68,1.29,291.1,21.37
2025,10,5,0.18,99.29,26.32,28.69,24.54,85.97,1.99,320.5,23.37
2025,10,6,0.03,99.34,25.92,28.49,24.22,84.06,2.5,324.7,23.23
2025,10,7,0.02,99.32,25.88,28.57,23.68,85.03,2.41,322.3,23.07
2025,10,8,2.85,99.18,26.98,30.53,24.45,84.89,2.04,319.6,21.66
2025,10,9,18.27,99.13,26.5,28.29,25.16,90.5,2.06,311.9,20.01
2025,10,10,8.05,98.97,26.65,28.87,25.25,90.54,2.17,322.6,19.35
2025,10,11,19.08,98.9,27.1,29.63,24.85,85.96,1.82,356.9,16.26
2025,10,12,13.57,98.9,27.01,30.95,23.66,84.17,1.31,0.2,22.08
2025,10,13,3.78,98.99,25.98,28.32,23.6,84.82,1.57,13.3,19.52
2025,10,14,8.81,98.77,27.47,31.11,24.9,83.36,1.35,320.6,19.23
2025,10,15,8.08,98.68,27.58,30.61,25.27,84.28,1.71,146.3,14.23
2025,10,16,12.65,98.74,27.47,30.66,25.42,84.18,1.07,246.8,20.05
2025,10,17,5.11,98.81,28.13,31.5,25.6,82.08,0.54,225.0,19.57
2025,10,18,12.42,98.86,27.09,29.39,25.6,89.14,1.45,259.4,18.84
2025,10,19,15.69,98.74,27.09,29.98,24.91,87.75,1.68,180.9,20.08
2025,10,20,6.81,98.76,26.56,28.7,25.13,87.83,1.58,183.4,18.93
2025,10,21,18.46,98.79,27.01,29.79,24.93,85.29,1.49,165.0,18.4
2025,10,22,11.46,98.81,26.03,27.96,25.03,87.84,1.56,209.7,7.82
2025,10,23,22.52,98.92,26.27,28.02,24.99,88.3,3.14,168.3,13.93
2025,10,24,19.99,99.02,26.41,28.27,25.1,86.5,2.88,173.5,11.39
2025,10,25,15.63,99.03,26.75,29.04,25.18,86.08,2.37,176.1,14.18
2025,10,26,22.43,99.05,27.05,29.44,25.24,87.1,2.17,187.5,15.29
2025,10,27,21.3,99.06,26.15,27.34,25.36,91.65,2.67,211.5,5.32
2025,10,28,6.37,99.0,26.19,27.79,25.24,86.58,2.07,260.3,17.18
2025,10,29,1.89,98.99,26.26,28.44,24.79,82.32,2.46,247.3,19.12
2025,10,30,2.04,99.15,26.27,28.59,24.53,82.83,2.21,227.5,20.48
2025,10,31,1.91,99.3,26.42,28.68,24.62,80.09,2.0,222.7,21.18
2025,11,1,0.58,99.38,25.84,28.32,24.01,78.7,1.57,249.0,21.41
2025,11,2,0.2,99.45,25.89,28.5,23.85,82.71,1.85,297.7,22.18
2025,11,3,0.12,99.4,25.99,28.8,24.26,85.52,2.35,322.1,20.46
2025,11,4,4.31,99.34,25.81,28.15,23.77,87.08,2.66,316.5,14.42
2025,11,5,1.22,99.21,25.71,28.38,23.72,84.75,2.92,318.3,21.44
2025,11,6,0.01,99.26,24.53,27.62,22.17,79.1,2.11,332.1,22.17
2025,11,7,0.17,99.3,24.8,28.63,21.22,81.01,2.36,330.4,21.32
2025,11,8,0.29,99.32,26.13,29.58,23.54,81.86,1.79,331.6,12.15
2025,11,9,0.01,99.24,24.48,28.47,21.06,73.52,2.05,22.4,19.91
2025,11,10,0.01,99.22,24.03,28.98,19.02,75.3,1.81,9.7,20.42
2025,11,11,0.0,99.27,25.26,28.67,22.17,76.04,1.72,329.0,19.88
2025,11,12,0.04,99.26,26.28,29.42,23.76,78.95,1.15,318.5,18.21
2025,11,13,1.32,99.29,26.56,30.27,23.5,80.45,1.44,353.4,16.5
2025,11,14,0.99,99.22,25.7,29.18,23.31,79.64,1.74,15.5,9.73
2025,11,15,0.24,99.35,24.95,28.48,21.72,75.89,1.63,48.0,17.41
2025,11,16,0.0,99.4,25.54,29.11,22.09,76.2,1.58,65.4,17.97
2025,11,17,0.04,99.31,25.77,29.82,22.2,76.51,1.74,51.7,18.26
2025,11,18,0.43,99.17,26.02,30.06,22.33,76.11,1.19,86.8,15.24
2025,11,19,0.78,99.17,26.47,29.91,23.67,80.14,1.42,87.2,19.7
2025,11,20,0.11,99.27,26.34,29.76,23.45,79.19,1.45,156.9,19.59
2025,11,21,0.26,99.34,27.02,30.64,23.64,76.65,1.23,331.1,18.09
2025,11,22,4.87,99.29,27.07,30.19,24.72,80.28,0.8,91.2,12.24
2025,11,23,4.27,99.31,26.62,30.19,24.1,82.49,1.32,176.8,14.47
2025,11,24,6.08,99.32,26.54,29.59,24.32,84.3,1.28,267.2,19.44
2025,11,25,2.03,99.28,26.58,29.87,23.91,75.74,1.24,62.1,17.24
2025,11,26,0.01,99.25,25.84,29.89,22.37,73.1,1.71,71.7,18.08
2025,11,27,0.0,99.34,25.59,29.47,22.19,71.47,1.75,108.3,18.92
2025,11,28,0.0,99.28,25.08,28.77,21.89,71.78,1.53,55.6,17.01
2025,11,29,0.0,99.17,24.93,28.86,20.79,69.82,1.41,74.4,16.13
2025,11,30,0.06,99.13,25.66,29.37,22.47,75.12,1.3,37.7,17.5
2025,12,1,0.09,99.16,26.21,29.34,23.26,77.68,1.27,315.7,19.57
2025,12,2,0.12,99.13,26.2,29.36,23.53,79.79,1.25,318.8,18.66
2025,12,3,0.95,99.12,26.48,30.2,23.78,79.77,1.5,347.8,17.29
2025,12,4,14.9,99.26,25.78,27.13,24.71,88.83,1.52,137.8,15.16
2025,12,5,0.62,99.35,26.73,30.32,23.96,79.35,1.23,82.0,17.64
2025,12,6,0.07,99.44,25.68,28.5,23.41,77.18,1.53,81.6,13.56
2025,12,7,0.0,99.41,25.76,28.81,23.03,76.56,1.57,133.2,18.47
2025,12,8,0.0,99.39,25.57,28.89,22.88,75.57,1.22,39.8,17.99
2025,12,9,0.0,99.33,24.14,28.21,20.52,67.43,1.62,101.8,20.27
2025,12,10,0.01,99.36,24.8,28.95,21.97,70.61,1.8,79.8,19.22
2025,12,11,0.0,99.31,24.17,29.42,20.36,67.44,1.87,80.5,19.7
2025,12,12,0.0,99.3,24.11,29.08,19.96,67.63,1.79,83.9,20.24
2025,12,13,0.0,99.34,23.61,28.49,19.17,67.94,1.59,86.2,20.74
2025,12,14,0.0,99.36,23.13,28.3,18.44,66.42,1.87,100.7,21.06
2025,12,15,0.0,99.33,23.41,28.28,18.59,65.99,1.48,93.5,19.98
2025,12,16,0.04,99.3,24.15,29.19,18.88,69.13,1.79,110.6,19.75
2025,12,17,0.03,99.34,26.33,30.66,23.04,74.11,1.29,49.3,19.98
2025,12,18,0.0,99.37,23.77,29.29,19.13,67.86,1.96,69.0,19.79
2025,12,19,0.0,99.28,23.36,28.3,19.03,64.82,1.57,84.3,15.07
2025,12,20,0.0,99.22,23.4,27.8,18.74,65.89,1.35,137.6,18.8
2025,12,21,0.0,99.24,23.7,28.52,19.4,67.02,1.4,350.7,15.91
2025,12,22,0.0,99.24,24.11,29.05,19.54,65.15,1.28,52.9,18.46
2025,12,23,0.0,99.21,23.95,28.38,19.97,69.51,1.57,110.1,18.6
2025,12,24,0.0,99.21,23.79,28.44,19.35,70.8,1.48,142.0,18.37
2025,12,25,0.0,99.29,23.92,28.14,19.87,70.88,1.28,196.2,18.01
2025,12,26,0.0,99.26,24.59,29.12,20.59,68.74,1.28,268.3,17.2
2025,12,27,0.0,99.26,25.22,29.45,21.64,66.94,1.15,329.1,18.45
2025,12,28,0.0,99.34,24.67,29.15,20.54,67.87,1.43,11.6,18.8
2025,12,29,0.0,99.32,25.04,29.69,20.92,70.65,1.45,322.6,17.89
2025,12,30,0.0,99.32,25.19,29.27,21.7,72.6,1.13,304.5,17.33
2025,12,31,0.01,99.22,25.25,28.78,22.86,75.8,1.98,318.0,16.54
